striker,match_id,avg_runs_last_3
A Ashish Reddy,548346,10.0
A Ashish Reddy,548352,6.5
A Ashish Reddy,548359,7.0
A Ashish Reddy,548373,7.0
A Ashish Reddy,548376,7.333333333333333
A Ashish Reddy,598000,7.0
A Ashish Reddy,598004,8.333333333333334
A Ashish Reddy,598010,12.333333333333334
A Ashish Reddy,598013,11.333333333333334
A Ashish Reddy,598018,13.0
A Ashish Reddy,598021,10.0
A Ashish Reddy,598030,20.666666666666668
A Ashish Reddy,598032,19.0
A Ashish Reddy,598044,18.333333333333332
A Ashish Reddy,598048,7.333333333333333
A Ashish Reddy,829727,7.0
A Ashish Reddy,829731,10.333333333333334
A Ashish Reddy,829759,16.666666666666668
A Ashish Reddy,829773,14.333333333333334
A Ashish Reddy,829815,15.0
A Ashish Reddy,980907,18.333333333333332
A Ashish Reddy,980915,20.666666666666668
A Ashish Reddy,980953,15.666666666666666
A Badoni,1304050,54.0
A Badoni,1304053,36.5
A Badoni,1304058,30.666666666666668
A Badoni,1304061,16.0
A Badoni,1304066,11.333333333333334
A Badoni,1304077,9.333333333333334
A Badoni,1304083,10.666666666666666
A Badoni,1304088,10.333333333333334
A Badoni,1304099,11.0
A Badoni,1304103,9.0
A Badoni,1304109,7.666666666666667
A Badoni,1359477,8.666666666666666
A Badoni,1359480,13.666666666666666
A Badoni,1359489,23.666666666666668
A Badoni,1359495,19.333333333333332
A Badoni,1359500,12.0
A Badoni,1359504,4.666666666666667
A Badoni,1359512,17.333333333333332
A Badoni,1359517,18.333333333333332
A Badoni,1359519,35.333333333333336
A Badoni,1359525,28.0
A Badoni,1359542,35.0
A Badoni,1370351,15.666666666666666
A Chandila,548373,0.0
A Chandila,598023,2.0
A Chopra,336010,2.0
A Chopra,336014,13.0
A Chopra,336017,13.0
A Chopra,336021,12.666666666666666
A Chopra,336035,5.333333333333333
A Chopra,392184,4.666666666666667
A Choudhary,1082591,6.0
A Choudhary,1082621,10.5
A Choudhary,1082633,8.333333333333334
A Dananjaya,1136569,4.0
A Flintoff,392181,24.0
A Flintoff,392185,23.0
A Flintoff,392189,20.666666666666668
A Kumble,336006,3.0
A Kumble,336016,1.5
A Kumble,336023,3.6666666666666665
A Kumble,336029,3.3333333333333335
A Kumble,392185,3.6666666666666665
A Kumble,392188,1.3333333333333333
A Kumble,392191,2.3333333333333335
A Kumble,392204,2.3333333333333335
A Kumble,392218,4.333333333333333
A Kumble,392239,3.0
A Kumble,419128,3.0
A Kumble,419140,1.0
A Kumble,419151,1.3333333333333333
A Kumble,419157,1.3333333333333333
A Kumble,419162,1.3333333333333333
A Manohar,1304050,15.0
A Manohar,1304056,8.0
A Manohar,1304067,17.0
A Manohar,1304070,26.333333333333332
A Manohar,1304075,30.0
A Manohar,1304081,19.0
A Manohar,1304086,4.666666666666667
A Manohar,1359487,5.333333333333333
A Manohar,1359497,13.666666666666666
A Manohar,1359504,14.666666666666666
A Manohar,1359509,24.0
A Manohar,1359518,23.666666666666668
A Manohar,1359531,23.333333333333332
A Mishra,336015,4.0
A Mishra,336017,17.5
A Mishra,336038,12.333333333333334
A Mishra,392198,11.0
A Mishra,392206,4.333333333333333
A Mishra,392223,4.333333333333333
A Mishra,392235,8.666666666666666
A Mishra,392237,5.0
A Mishra,419114,5.333333333333333
A Mishra,419116,3.0
A Mishra,419120,3.0
A Mishra,419144,3.3333333333333335
A Mishra,419149,4.666666666666667
A Mishra,419152,8.666666666666666
A Mishra,419160,8.666666666666666
A Mishra,501199,6.0
A Mishra,501203,6.0
A Mishra,501212,4.666666666666667
A Mishra,501224,12.333333333333334
A Mishra,501229,8.333333333333334
A Mishra,501236,9.0
A Mishra,501239,3.6666666666666665
A Mishra,501250,3.6666666666666665
A Mishra,501256,9.0
A Mishra,548314,6.0
A Mishra,548321,8.0
A Mishra,548335,2.3333333333333335
A Mishra,548346,2.6666666666666665
A Mishra,548359,3.3333333333333335
A Mishra,598010,8.333333333333334
A Mishra,598013,8.333333333333334
A Mishra,598018,15.666666666666666
A Mishra,598030,15.333333333333334
A Mishra,598032,22.0
A Mishra,598051,14.0
A Mishra,729295,10.333333333333334
A Mishra,733989,3.3333333333333335
A Mishra,829707,2.6666666666666665
A Mishra,829739,1.6666666666666667
A Mishra,829757,2.3333333333333335
A Mishra,829777,1.3333333333333333
A Mishra,980903,2.0
A Mishra,980993,1.6666666666666667
A Mishra,1082595,4.0
A Mishra,1082626,4.333333333333333
A Mishra,1082635,7.0
A Mishra,1082640,7.0
A Mishra,1082642,10.0
A Mishra,1082646,9.333333333333334
A Mishra,1136582,7.0
A Mishra,1178409,4.666666666666667
A Mishra,1178425,5.0
A Mishra,1181766,5.0
A Mishra,1181767,5.0
A Mishra,1359517,8.666666666666666
A Mithun,419140,5.0
A Mithun,501227,2.5
A Mithun,501244,3.6666666666666665
A Mithun,501260,5.333333333333333
A Mithun,501271,9.0
A Mithun,598057,7.666666666666667
A Mukund,336033,0.0
A Mukund,598036,9.5
A Nehra,335989,1.0
A Nehra,335991,1.5
A Nehra,336028,1.0
A Nehra,392226,1.0
A Nehra,419149,0.6666666666666666
A Nehra,419160,8.0
A Nehra,548319,8.333333333333334
A Nehra,548365,11.0
A Nehra,597998,3.6666666666666665
A Nehra,598006,3.3333333333333335
A Nehra,598044,0.3333333333333333
A Nehra,598062,0.3333333333333333
A Nehra,829723,0.3333333333333333
A Nehra,829745,0.3333333333333333
A Nehra,829779,0.3333333333333333
A Nehra,829817,0.0
A Nehra,980983,0.3333333333333333
A Nortje,1216493,3.0
A Nortje,1216524,2.0
A Nortje,1216532,2.3333333333333335
A Nortje,1304101,1.6666666666666667
A Nortje,1359481,2.6666666666666665
A Nortje,1359485,1.6666666666666667
A Nortje,1359490,3.0
A Nortje,1359494,9.333333333333334
A Nortje,1359508,10.0
A Nortje,1359518,9.333333333333334
A Nortje,1359541,1.6666666666666667
A Singh,392230,0.0
A Singh,392233,0.5
A Singh,501214,0.3333333333333333
A Singh,501249,0.6666666666666666
A Singh,548317,0.3333333333333333
A Symonds,335986,32.0
A Symonds,335988,22.0
A Symonds,335990,53.666666666666664
A Symonds,392216,63.0
A Symonds,392220,69.0
A Symonds,392223,43.666666666666664
A Symonds,392228,29.666666666666668
A Symonds,392229,28.0
A Symonds,392236,20.333333333333332
A Symonds,392237,22.333333333333332
A Symonds,392239,25.0
A Symonds,419106,20.666666666666668
A Symonds,419110,29.333333333333332
A Symonds,419117,36.0
A Symonds,419120,46.0
A Symonds,419126,36.666666666666664
A Symonds,419130,19.333333333333332
A Symonds,419135,22.666666666666668
A Symonds,419138,22.333333333333332
A Symonds,419141,27.0
A Symonds,419145,29.666666666666668
A Symonds,419147,31.666666666666668
A Symonds,419151,33.0
A Symonds,419156,16.666666666666668
A Symonds,419160,25.666666666666668
A Symonds,419163,27.0
A Symonds,419164,26.333333333333332
A Symonds,501218,13.666666666666666
A Symonds,501221,16.333333333333332
A Symonds,501224,30.333333333333332
A Symonds,501231,30.666666666666668
A Symonds,501237,21.666666666666668
A Symonds,501241,8.0
A Symonds,501246,3.6666666666666665
A Symonds,501251,5.0
A Symonds,501256,6.666666666666667
A Tomar,1304112,4.0
A Uniyal,419107,0.0
A Uniyal,419111,2.0
A Zampa,980979,0.0
A Zampa,1082599,2.5
A Zampa,1359491,2.0
A Zampa,1359522,4.333333333333333
A Zampa,1359534,3.3333333333333335
AA Bilakhia,392196,12.0
AA Bilakhia,392201,17.0
AA Bilakhia,392205,11.666666666666666
AA Bilakhia,392236,13.0
AA Bilakhia,392237,9.0
AA Bilakhia,392239,10.666666666666666
AA Bilakhia,419141,6.0
AA Chavan,501258,1.0
AA Chavan,548317,2.5
AA Chavan,548349,4.0
AA Jhunjhunwala,419107,14.0
AA Jhunjhunwala,419111,33.5
AA Jhunjhunwala,419115,24.0
AA Jhunjhunwala,419118,34.333333333333336
AA Jhunjhunwala,419129,20.333333333333332
AA Jhunjhunwala,419134,19.333333333333332
AA Jhunjhunwala,419137,6.666666666666667
AA Jhunjhunwala,419141,6.666666666666667
AA Jhunjhunwala,419150,13.333333333333334
AA Jhunjhunwala,419154,15.333333333333334
AA Jhunjhunwala,501241,15.0
AA Jhunjhunwala,501248,7.666666666666667
AA Jhunjhunwala,548321,4.666666666666667
AA Jhunjhunwala,548352,1.6666666666666667
AA Jhunjhunwala,548359,8.0
AA Noffke,335982,9.0
AB Agarkar,335993,11.0
AB Agarkar,335997,6.5
AB Agarkar,336000,11.0
AB Agarkar,336003,7.666666666666667
AB Agarkar,336021,12.0
AB Agarkar,336027,7.0
AB Agarkar,392184,9.0
AB Agarkar,392190,4.333333333333333
AB Agarkar,392199,4.666666666666667
AB Agarkar,392219,15.333333333333334
AB Agarkar,392233,19.333333333333332
AB Agarkar,419131,23.0
AB Agarkar,419135,12.666666666666666
AB Agarkar,419148,10.333333333333334
AB Agarkar,419153,7.666666666666667
AB Agarkar,501246,7.333333333333333
AB Agarkar,598020,6.333333333333333
AB Agarkar,598059,6.333333333333333
AB Barath,419117,7.0
AB Barath,419146,20.0
AB Barath,419149,14.0
AB Dinda,336000,1.0
AB Dinda,336021,1.0
AB Dinda,392184,1.3333333333333333
AB Dinda,392197,1.0
AB Dinda,419148,0.6666666666666666
AB Dinda,501201,0.0
AB Dinda,548319,0.6666666666666666
AB Dinda,598000,0.6666666666666666
AB Dinda,598018,0.6666666666666666
AB Dinda,598027,0.3333333333333333
AB Dinda,598038,1.0
AB Dinda,598042,3.0
AB Dinda,729305,2.6666666666666665
AB Dinda,729313,2.6666666666666665
AB Dinda,733983,1.3333333333333333
AB Dinda,1082599,3.6666666666666665
AB McDonald,392232,3.0
AB McDonald,419128,10.5
AB McDonald,419134,11.666666666666666
AB McDonald,419152,21.666666666666668
AB McDonald,501253,18.333333333333332
AB McDonald,548310,23.666666666666668
AB McDonald,548331,15.333333333333334
AB McDonald,548350,15.666666666666666
AB McDonald,598017,5.666666666666667
AB de Villiers,336001,26.0
AB de Villiers,336004,23.5
AB de Villiers,336009,15.666666666666666
AB de Villiers,336015,13.666666666666666
AB de Villiers,336017,9.0
AB de Villiers,336026,16.0
AB de Villiers,392189,44.333333333333336
AB de Villiers,392194,49.0
AB de Villiers,392198,58.666666666666664
AB de Villiers,392201,25.333333333333332
AB de Villiers,392206,18.333333333333332
AB de Villiers,392215,18.333333333333332
AB de Villiers,392219,30.0
AB de Villiers,392223,44.666666666666664
AB de Villiers,392226,31.666666666666668
AB de Villiers,392230,44.666666666666664
AB de Villiers,392232,39.333333333333336
AB de Villiers,392235,37.666666666666664
AB de Villiers,392237,20.0
AB de Villiers,419108,13.0
AB de Villiers,419111,16.0
AB de Villiers,419114,11.0
AB de Villiers,419116,9.333333333333334
AB de Villiers,419120,13.333333333333334
AB de Villiers,419128,24.666666666666668
AB de Villiers,419152,25.333333333333332
AB de Villiers,501200,34.333333333333336
AB de Villiers,501205,32.0
AB de Villiers,501208,30.666666666666668
AB de Villiers,501211,34.333333333333336
AB de Villiers,501227,23.333333333333332
AB de Villiers,501232,32.0
AB de Villiers,501244,19.333333333333332
AB de Villiers,501255,22.0
AB de Villiers,501260,24.666666666666668
AB de Villiers,501266,15.666666666666666
AB de Villiers,501268,15.0
AB de Villiers,501270,10.666666666666666
AB de Villiers,501271,16.666666666666668
AB de Villiers,548310,34.333333333333336
AB de Villiers,548315,30.666666666666668
AB de Villiers,548318,26.0
AB de Villiers,548324,6.666666666666667
AB de Villiers,548327,14.333333333333334
AB de Villiers,548331,30.333333333333332
AB de Villiers,548336,48.0
AB de Villiers,548344,37.0
AB de Villiers,548350,25.333333333333332
AB de Villiers,548356,21.333333333333332
AB de Villiers,548362,24.333333333333332
AB de Villiers,548367,23.333333333333332
AB de Villiers,548376,9.0
AB de Villiers,598008,13.333333333333334
AB de Villiers,598012,30.0
AB de Villiers,598017,46.0
AB de Villiers,598023,41.0
AB de Villiers,598027,30.0
AB de Villiers,598033,13.333333333333334
AB de Villiers,598036,18.0
AB de Villiers,598042,24.333333333333332
AB de Villiers,598045,25.666666666666668
AB de Villiers,598048,23.666666666666668
AB de Villiers,598054,17.666666666666668
AB de Villiers,598057,25.0
AB de Villiers,598064,32.666666666666664
AB de Villiers,598068,23.666666666666668
AB de Villiers,729287,29.333333333333332
AB de Villiers,729299,20.333333333333332
AB de Villiers,729305,18.666666666666668
AB de Villiers,729313,9.333333333333334
AB de Villiers,733977,35.333333333333336
AB de Villiers,733983,38.333333333333336
AB de Villiers,733991,50.333333333333336
AB de Villiers,733999,40.0
AB de Villiers,734005,48.0
AB de Villiers,734013,39.666666666666664
AB de Villiers,734021,30.0
AB de Villiers,734027,23.333333333333332
AB de Villiers,734035,17.333333333333332
AB de Villiers,829713,17.0
AB de Villiers,829719,28.0
AB de Villiers,829737,38.333333333333336
AB de Villiers,829745,33.666666666666664
AB de Villiers,829749,34.0
AB de Villiers,829763,39.333333333333336
AB de Villiers,829771,35.333333333333336
AB de Villiers,829779,26.666666666666668
AB de Villiers,829785,23.333333333333332
AB de Villiers,829795,67.0
AB de Villiers,829803,63.333333333333336
AB de Villiers,829807,47.666666666666664
AB de Villiers,829819,25.333333333333332
AB de Villiers,829821,22.333333333333332
AB de Villiers,980907,49.666666666666664
AB de Villiers,980921,46.0
AB de Villiers,980927,55.333333333333336
AB de Villiers,980931,55.666666666666664
AB de Villiers,980937,44.0
AB de Villiers,980953,50.0
AB de Villiers,980959,23.666666666666668
AB de Villiers,980969,17.333333333333332
AB de Villiers,980977,23.0
AB de Villiers,980981,29.666666666666668
AB de Villiers,980987,72.33333333333333
AB de Villiers,980995,70.66666666666667
AB de Villiers,980999,62.666666666666664
AB de Villiers,981011,21.666666666666668
AB de Villiers,981013,28.333333333333332
AB de Villiers,981019,30.0
AB de Villiers,1082598,57.666666666666664
AB de Villiers,1082602,37.666666666666664
AB de Villiers,1082607,45.666666666666664
AB de Villiers,1082617,18.666666666666668
AB de Villiers,1082621,14.0
AB de Villiers,1082624,5.333333333333333
AB de Villiers,1082628,17.0
AB de Villiers,1082633,18.666666666666668
AB de Villiers,1082636,21.0
AB de Villiers,1136563,21.333333333333332
AB de Villiers,1136568,37.0
AB de Villiers,1136571,40.333333333333336
AB de Villiers,1136574,26.0
AB de Villiers,1136579,37.0
AB de Villiers,1136584,53.0
AB de Villiers,1136595,53.0
AB de Villiers,1136599,24.666666666666668
AB de Villiers,1136605,26.0
AB de Villiers,1136611,48.666666666666664
AB de Villiers,1136613,64.66666666666667
AB de Villiers,1175356,43.666666666666664
AB de Villiers,1175362,44.0
AB de Villiers,1175366,26.666666666666668
AB de Villiers,1175369,28.0
AB de Villiers,1175372,25.666666666666668
AB de Villiers,1178395,31.0
AB de Villiers,1178403,46.333333333333336
AB de Villiers,1178406,50.333333333333336
AB de Villiers,1178414,53.0
AB de Villiers,1178417,60.666666666666664
AB de Villiers,1178421,41.333333333333336
AB de Villiers,1178424,36.333333333333336
AB de Villiers,1178429,9.333333333333334
AB de Villiers,1216499,8.666666666666666
AB de Villiers,1216502,13.333333333333334
AB de Villiers,1216505,24.666666666666668
AB de Villiers,1216510,29.0
AB de Villiers,1216514,25.0
AB de Villiers,1216519,16.333333333333332
AB de Villiers,1216522,25.333333333333332
AB de Villiers,1216525,21.333333333333332
AB de Villiers,1216531,19.0
AB de Villiers,1216534,17.666666666666668
AB de Villiers,1216540,42.0
AB de Villiers,1216544,54.333333333333336
AB de Villiers,1216547,57.666666666666664
AB de Villiers,1237178,52.0
AB de Villiers,1254058,55.0
AB de Villiers,1254063,35.0
AB de Villiers,1254067,41.666666666666664
AB de Villiers,1254076,27.0
AB de Villiers,1254079,51.666666666666664
AB de Villiers,1254083,27.333333333333332
AB de Villiers,1254087,26.0
AB de Villiers,1254090,8.666666666666666
AB de Villiers,1254095,14.0
AB de Villiers,1254101,22.666666666666668
AB de Villiers,1254103,16.333333333333332
AB de Villiers,1254108,13.666666666666666
AB de Villiers,1254113,9.0
AB de Villiers,1254115,11.333333333333334
AC Blizzard,501241,6.0
AC Blizzard,501246,21.5
AC Blizzard,501251,19.333333333333332
AC Blizzard,501256,17.666666666666668
AC Blizzard,501269,22.333333333333332
AC Blizzard,501270,20.666666666666668
AC Blizzard,548342,20.333333333333332
AC Gilchrist,335986,23.0
AC Gilchrist,335988,15.5
AC Gilchrist,335990,14.666666666666666
AC Gilchrist,335994,43.333333333333336
AC Gilchrist,335999,42.666666666666664
AC Gilchrist,336002,53.666666666666664
AC Gilchrist,336007,35.333333333333336
AC Gilchrist,336011,53.666666666666664
AC Gilchrist,336014,46.333333333333336
AC Gilchrist,336020,33.0
AC Gilchrist,336024,17.0
AC Gilchrist,336031,25.666666666666668
AC Gilchrist,336034,24.333333333333332
AC Gilchrist,336037,21.666666666666668
AC Gilchrist,392184,9.333333333333334
AC Gilchrist,392188,29.666666666666668
AC Gilchrist,392192,39.666666666666664
AC Gilchrist,392196,50.0
AC Gilchrist,392201,29.0
AC Gilchrist,392205,30.333333333333332
AC Gilchrist,392209,15.666666666666666
AC Gilchrist,392212,21.333333333333332
AC Gilchrist,392216,15.0
AC Gilchrist,392220,18.333333333333332
AC Gilchrist,392223,31.333333333333332
AC Gilchrist,392228,39.0
AC Gilchrist,392229,43.333333333333336
AC Gilchrist,392236,27.0
AC Gilchrist,392237,41.0
AC Gilchrist,392239,33.333333333333336
AC Gilchrist,419106,46.333333333333336
AC Gilchrist,419110,30.666666666666668
AC Gilchrist,419117,41.666666666666664
AC Gilchrist,419120,31.666666666666668
AC Gilchrist,419126,19.333333333333332
AC Gilchrist,419130,8.333333333333334
AC Gilchrist,419135,3.3333333333333335
AC Gilchrist,419138,9.333333333333334
AC Gilchrist,419141,20.666666666666668
AC Gilchrist,419145,28.333333333333332
AC Gilchrist,419147,24.333333333333332
AC Gilchrist,419151,13.0
AC Gilchrist,419156,5.333333333333333
AC Gilchrist,419160,6.333333333333333
AC Gilchrist,419163,11.333333333333334
AC Gilchrist,419164,9.666666666666666
AC Gilchrist,501202,6.666666666666667
AC Gilchrist,501206,8.0
AC Gilchrist,501212,27.0
AC Gilchrist,501220,36.0
AC Gilchrist,501223,43.666666666666664
AC Gilchrist,501234,32.0
AC Gilchrist,501237,22.666666666666668
AC Gilchrist,501244,8.666666666666666
AC Gilchrist,501248,1.0
AC Gilchrist,501251,10.333333333333334
AC Gilchrist,501254,13.333333333333334
AC Gilchrist,501257,15.333333333333334
AC Gilchrist,501260,41.333333333333336
AC Gilchrist,501264,55.333333333333336
AC Gilchrist,548309,61.333333333333336
AC Gilchrist,548313,28.0
AC Gilchrist,548319,18.0
AC Gilchrist,548323,10.666666666666666
AC Gilchrist,548328,22.0
AC Gilchrist,548371,36.333333333333336
AC Gilchrist,548374,37.666666666666664
AC Gilchrist,598003,29.333333333333332
AC Gilchrist,598007,11.0
AC Gilchrist,598014,8.0
AC Gilchrist,598016,5.333333333333333
AC Gilchrist,598021,11.0
AC Gilchrist,598025,12.333333333333334
AC Gilchrist,598028,24.0
AC Gilchrist,598031,24.333333333333332
AC Gilchrist,598045,51.333333333333336
AC Gilchrist,598052,51.333333333333336
AC Gilchrist,598056,51.0
AC Gilchrist,598059,24.666666666666668
AC Gilchrist,598066,12.333333333333334
AC Thomas,501218,0.0
AC Thomas,501226,0.5
AC Thomas,548341,4.333333333333333
AC Thomas,548362,6.666666666666667
AC Voges,419118,37.0
AC Voges,419124,41.0
AC Voges,419129,34.0
AC Voges,419134,26.666666666666668
AC Voges,419150,21.0
AC Voges,419154,23.666666666666668
AC Voges,419158,21.333333333333332
AD Hales,1136588,45.0
AD Hales,1136596,45.0
AD Hales,1136599,31.666666666666668
AD Hales,1136602,21.333333333333332
AD Hales,1136606,7.0
AD Hales,1136611,17.666666666666668
AD Mascarenhas,336015,9.0
AD Mascarenhas,392182,4.5
AD Mascarenhas,392190,12.0
AD Mascarenhas,392195,10.333333333333334
AD Mascarenhas,392202,13.0
AD Mascarenhas,419107,7.0
AD Mascarenhas,419111,6.666666666666667
AD Mascarenhas,548313,5.666666666666667
AD Mascarenhas,548323,2.6666666666666665
AD Mascarenhas,548328,4.666666666666667
AD Mascarenhas,598021,4.666666666666667
AD Mathews,392221,16.0
AD Mathews,419106,40.5
AD Mathews,419113,29.0
AD Mathews,419122,24.666666666666668
AD Mathews,419127,9.333333333333334
AD Mathews,419131,15.333333333333334
AD Mathews,419135,15.666666666666666
AD Mathews,419139,15.0
AD Mathews,419144,22.333333333333332
AD Mathews,419148,21.333333333333332
AD Mathews,419153,31.666666666666668
AD Mathews,548319,20.0
AD Mathews,548327,23.0
AD Mathews,548330,16.0
AD Mathews,548333,14.333333333333334
AD Mathews,548353,22.666666666666668
AD Mathews,548358,17.333333333333332
AD Mathews,548362,16.666666666666668
AD Mathews,548365,12.666666666666666
AD Mathews,598000,11.666666666666666
AD Mathews,598003,11.666666666666666
AD Mathews,598009,4.333333333333333
AD Mathews,598011,8.0
AD Mathews,598018,13.333333333333334
AD Mathews,598042,23.666666666666668
AD Mathews,598047,23.333333333333332
AD Mathews,598053,30.0
AD Mathews,598055,19.333333333333332
AD Mathews,598067,23.333333333333332
AD Mathews,829715,19.0
AD Mathews,829725,21.0
AD Mathews,829731,16.0
AD Mathews,829739,16.333333333333332
AD Mathews,829747,20.0
AD Mathews,829757,15.0
AD Mathews,829761,13.0
AD Mathews,829777,12.666666666666666
AD Mathews,829783,16.666666666666668
AD Mathews,829813,9.666666666666666
AD Mathews,1082608,4.666666666666667
AD Mathews,1082611,11.0
AD Nath,980917,12.0
AD Nath,980929,8.5
AD Nath,980987,6.666666666666667
AD Nath,1082616,2.6666666666666665
AD Nath,1136600,4.0
AD Nath,1178395,9.333333333333334
AD Nath,1178406,10.0
AD Nath,1178410,11.333333333333334
AD Nath,1178414,13.0
AD Nath,1178417,13.333333333333334
AD Russell,548372,31.0
AD Russell,548380,23.5
AD Russell,597998,17.0
AD Russell,598001,9.0
AD Russell,733971,4.0
AD Russell,733979,3.0
AD Russell,829713,14.333333333333334
AD Russell,829723,32.333333333333336
AD Russell,829733,54.0
AD Russell,829743,46.666666666666664
AD Russell,829761,30.0
AD Russell,829765,9.333333333333334
AD Russell,829771,18.0
AD Russell,829781,16.666666666666668
AD Russell,829791,32.333333333333336
AD Russell,829805,18.0
AD Russell,829811,30.0
AD Russell,980909,25.0
AD Russell,980915,25.0
AD Russell,980939,18.333333333333332
AD Russell,980947,13.666666666666666
AD Russell,980951,18.666666666666668
AD Russell,980959,26.0
AD Russell,980963,24.0
AD Russell,980995,31.333333333333332
AD Russell,1136563,23.333333333333332
AD Russell,1136565,47.333333333333336
AD Russell,1136570,37.333333333333336
AD Russell,1136573,46.0
AD Russell,1136578,20.0
AD Russell,1136586,31.666666666666668
AD Russell,1136589,18.0
AD Russell,1136597,17.666666666666668
AD Russell,1136601,3.6666666666666665
AD Russell,1136604,14.0
AD Russell,1136609,14.666666666666666
AD Russell,1136614,15.333333333333334
AD Russell,1136618,21.333333333333332
AD Russell,1136619,18.666666666666668
AD Russell,1175357,33.666666666666664
AD Russell,1175361,33.333333333333336
AD Russell,1175365,54.333333333333336
AD Russell,1175372,54.0
AD Russell,1178398,54.666666666666664
AD Russell,1178401,47.666666666666664
AD Russell,1178404,35.0
AD Russell,1178410,40.0
AD Russell,1178413,30.0
AD Russell,1178418,31.333333333333332
AD Russell,1178422,36.333333333333336
AD Russell,1178427,39.333333333333336
AD Russell,1178431,34.666666666666664
AD Russell,1216501,8.666666666666666
AD Russell,1216504,8.666666666666666
AD Russell,1216508,12.333333333333334
AD Russell,1216512,14.666666666666666
AD Russell,1216515,11.0
AD Russell,1216523,9.0
AD Russell,1216526,10.0
AD Russell,1216530,14.0
AD Russell,1216540,17.666666666666668
AD Russell,1254060,15.333333333333334
AD Russell,1254062,10.0
AD Russell,1254067,15.0
AD Russell,1254072,31.333333333333332
AD Russell,1254075,31.333333333333332
AD Russell,1254078,24.333333333333332
AD Russell,1254082,21.333333333333332
AD Russell,1254098,25.0
AD Russell,1304052,30.0
AD Russell,1304054,38.333333333333336
AD Russell,1304060,35.333333333333336
AD Russell,1304065,35.0
AD Russell,1304071,28.0
AD Russell,1304076,24.333333333333332
AD Russell,1304081,32.333333333333336
AD Russell,1304087,16.0
AD Russell,1304099,31.0
AD Russell,1304102,18.0
AD Russell,1304107,34.333333333333336
AD Russell,1304112,21.0
AD Russell,1359476,29.666666666666668
AD Russell,1359483,13.333333333333334
AD Russell,1359487,12.0
AD Russell,1359493,1.3333333333333333
AD Russell,1359496,8.333333333333334
AD Russell,1359502,20.666666666666668
AD Russell,1359507,22.666666666666668
AD Russell,1359510,16.0
AD Russell,1359513,14.666666666666666
AD Russell,1359521,19.666666666666668
AD Russell,1359527,33.333333333333336
AD Russell,1359530,25.333333333333332
AD Russell,1359535,18.0
AD Russell,1359542,6.333333333333333
AF Milne,1082607,2.0
AF Milne,1082624,3.5
AF Milne,1082628,2.3333333333333335
AF Milne,1254096,2.0
AF Milne,1254104,5.333333333333333
AF Milne,1254108,5.333333333333333
AG Murtaza,501231,2.0
AG Murtaza,548375,2.5
AG Murtaza,598027,3.3333333333333335
AG Paunikar,419154,0.0
AG Paunikar,501199,10.0
AG Paunikar,501204,8.333333333333334
AG Paunikar,501209,11.333333333333334
AG Paunikar,501214,9.666666666666666
AJ Finch,419158,21.0
AJ Finch,501201,14.5
AJ Finch,501204,13.333333333333334
AJ Finch,501213,14.666666666666666
AJ Finch,501216,12.0
AJ Finch,501223,9.333333333333334
AJ Finch,501243,1.0
AJ Finch,548307,11.0
AJ Finch,548310,18.333333333333332
AJ Finch,598009,39.666666666666664
AJ Finch,598011,29.666666666666668
AJ Finch,598015,43.666666666666664
AJ Finch,598018,27.666666666666668
AJ Finch,598025,49.0
AJ Finch,598027,32.666666666666664
AJ Finch,598035,39.666666666666664
AJ Finch,598038,23.333333333333332
AJ Finch,598042,22.333333333333332
AJ Finch,598047,25.0
AJ Finch,598053,21.666666666666668
AJ Finch,598055,20.0
AJ Finch,598061,21.0
AJ Finch,598067,36.666666666666664
AJ Finch,729285,34.0
AJ Finch,729295,24.333333333333332
AJ Finch,729301,36.333333333333336
AJ Finch,729311,50.333333333333336
AJ Finch,729317,49.333333333333336
AJ Finch,733977,24.333333333333332
AJ Finch,733989,12.666666666666666
AJ Finch,733993,8.666666666666666
AJ Finch,734001,27.0
AJ Finch,734007,30.666666666666668
AJ Finch,734015,32.0
AJ Finch,734021,13.0
AJ Finch,734029,8.666666666666666
AJ Finch,829705,7.666666666666667
AJ Finch,829717,6.666666666666667
AJ Finch,829721,7.666666666666667
AJ Finch,980905,30.666666666666668
AJ Finch,980911,44.666666666666664
AJ Finch,980917,63.666666666666664
AJ Finch,980929,39.0
AJ Finch,980961,24.0
AJ Finch,980967,18.666666666666668
AJ Finch,980975,28.333333333333332
AJ Finch,980987,39.0
AJ Finch,981001,30.666666666666668
AJ Finch,981007,21.0
AJ Finch,981013,10.0
AJ Finch,981017,18.0
AJ Finch,1082593,23.0
AJ Finch,1082596,22.666666666666668
AJ Finch,1082603,17.0
AJ Finch,1082610,18.333333333333332
AJ Finch,1082613,27.666666666666668
AJ Finch,1082616,21.0
AJ Finch,1082621,38.666666666666664
AJ Finch,1082625,28.666666666666668
AJ Finch,1082629,28.666666666666668
AJ Finch,1082632,13.666666666666666
AJ Finch,1082637,14.0
AJ Finch,1082640,32.666666666666664
AJ Finch,1082643,24.333333333333332
AJ Finch,1136568,23.666666666666668
AJ Finch,1136572,0.6666666666666666
AJ Finch,1136576,4.666666666666667
AJ Finch,1136582,5.333333333333333
AJ Finch,1136585,8.0
AJ Finch,1136604,14.666666666666666
AJ Finch,1136608,22.666666666666668
AJ Finch,1136610,35.333333333333336
AJ Finch,1136616,25.333333333333332
AJ Finch,1216494,22.0
AJ Finch,1216510,13.333333333333334
AJ Finch,1216514,14.666666666666666
AJ Finch,1216519,13.666666666666666
AJ Finch,1216522,11.666666666666666
AJ Finch,1216525,9.666666666666666
AJ Finch,1216531,12.0
AJ Finch,1216534,17.0
AJ Finch,1216540,32.0
AJ Finch,1216544,30.333333333333332
AJ Finch,1216547,38.0
AJ Finch,1237178,33.0
AJ Finch,1304071,30.333333333333332
AJ Finch,1304076,32.333333333333336
AJ Finch,1304087,22.666666666666668
AJ Finch,1304093,21.666666666666668
AJ Finch,1304099,7.0
AJ Hosein,1359514,16.0
AJ Turner,1178407,0.0
AJ Turner,1178411,0.0
AJ Turner,1178415,0.0
AJ Turner,1178420,1.0
AJ Tye,1082610,6.0
AJ Tye,1082616,14.0
AJ Tye,1082625,17.666666666666668
AJ Tye,1136568,18.0
AJ Tye,1136572,11.666666666666666
AJ Tye,1136582,4.333333333333333
AJ Tye,1136585,3.3333333333333335
AJ Tye,1136600,2.6666666666666665
AJ Tye,1136604,6.333333333333333
AJ Tye,1136608,5.0
AJ Tye,1136616,4.666666666666667
AJ Tye,1178427,0.0
AJ Tye,1216500,2.0
AK Markram,1254090,20.0
AK Markram,1254094,16.5
AK Markram,1254099,25.0
AK Markram,1254102,24.333333333333332
AK Markram,1254107,29.0
AK Markram,1254111,23.666666666666668
AK Markram,1304051,36.666666666666664
AK Markram,1304058,31.666666666666668
AK Markram,1304067,27.0
AK Markram,1304071,30.666666666666668
AK Markram,1304074,40.333333333333336
AK Markram,1304086,55.0
AK Markram,1304092,38.0
AK Markram,1304096,38.333333333333336
AK Markram,1304100,26.666666666666668
AK Markram,1304107,31.666666666666668
AK Markram,1304111,18.333333333333332
AK Markram,1304116,18.333333333333332
AK Markram,1359484,7.666666666666667
AK Markram,1359488,19.333333333333332
AK Markram,1359493,29.0
AK Markram,1359499,36.333333333333336
AK Markram,1359503,28.0
AK Markram,1359508,12.333333333333334
AK Markram,1359514,7.666666666666667
AK Markram,1359521,17.333333333333332
AK Markram,1359526,18.333333333333332
AK Markram,1359532,25.0
AK Markram,1359536,14.666666666666666
AK Markram,1359539,18.666666666666668
AK Markram,1359543,13.666666666666666
AL Menaria,501204,22.0
AL Menaria,501209,24.5
AL Menaria,501214,23.333333333333332
AL Menaria,501220,27.333333333333332
AL Menaria,501231,19.666666666666668
AL Menaria,501235,22.333333333333332
AL Menaria,501240,11.666666666666666
AL Menaria,501249,11.0
AL Menaria,501252,4.0
AL Menaria,501258,13.666666666666666
AL Menaria,548309,13.0
AL Menaria,548312,23.666666666666668
AL Menaria,548317,20.0
AL Menaria,548320,20.333333333333332
AL Menaria,548326,14.333333333333334
AL Menaria,548332,19.666666666666668
AL Menaria,548349,20.0
AL Menaria,548354,24.0
AL Menaria,548358,18.0
AL Menaria,548361,19.333333333333332
AL Menaria,548373,14.666666666666666
AL Menaria,548377,15.666666666666666
AL Menaria,598001,14.0
AM Nayar,335985,20.0
AM Nayar,335989,32.5
AM Nayar,335991,22.333333333333332
AM Nayar,335994,27.0
AM Nayar,336004,12.666666666666666
AM Nayar,336008,16.0
AM Nayar,336024,17.333333333333332
AM Nayar,336028,25.666666666666668
AM Nayar,336032,22.0
AM Nayar,336036,17.666666666666668
AM Nayar,392181,20.333333333333332
AM Nayar,392192,23.333333333333332
AM Nayar,392197,16.0
AM Nayar,392200,9.333333333333334
AM Nayar,392203,9.333333333333334
AM Nayar,392208,18.0
AM Nayar,392212,13.333333333333334
AM Nayar,392215,16.0
AM Nayar,392225,18.0
AM Nayar,392227,28.666666666666668
AM Nayar,392235,24.0
AM Nayar,419157,15.333333333333334
AM Nayar,419162,11.666666666666666
AM Nayar,419165,19.333333333333332
AM Nayar,501202,20.333333333333332
AM Nayar,501206,13.0
AM Nayar,501212,8.333333333333334
AM Nayar,501220,4.666666666666667
AM Nayar,501223,10.333333333333334
AM Nayar,501234,6.0
AM Nayar,501237,10.333333333333334
AM Nayar,501244,5.0
AM Nayar,501264,6.0
AM Nayar,548309,4.666666666666667
AM Nayar,548313,12.333333333333334
AM Nayar,548350,12.0
AM Nayar,548354,11.666666666666666
AM Nayar,598000,10.0
AM Nayar,598003,17.666666666666668
AM Nayar,598011,16.666666666666668
AM Nayar,598015,10.333333333333334
AM Nayar,598018,2.0
AM Nayar,598025,0.6666666666666666
AM Nayar,598038,1.3333333333333333
AM Nayar,598042,1.6666666666666667
AM Nayar,598055,4.666666666666667
AM Nayar,729285,5.333333333333333
AM Nayar,729291,12.666666666666666
AM Nayar,729297,10.666666666666666
AM Nayar,729305,13.0
AM Rahane,335994,0.0
AM Rahane,335997,2.0
AM Rahane,392203,4.666666666666667
AM Rahane,392208,4.666666666666667
AM Rahane,392215,7.333333333333333
AM Rahane,392218,24.666666666666668
AM Rahane,392222,25.0
AM Rahane,392225,22.0
AM Rahane,392235,20.0
AM Rahane,501204,25.666666666666668
AM Rahane,501214,26.666666666666668
AM Rahane,501235,13.0
AM Rahane,501240,8.333333333333334
AM Rahane,501249,23.666666666666668
AM Rahane,501252,24.333333333333332
AM Rahane,501258,25.666666666666668
AM Rahane,548309,41.0
AM Rahane,548312,35.333333333333336
AM Rahane,548317,46.0
AM Rahane,548320,19.666666666666668
AM Rahane,548324,54.0
AM Rahane,548326,55.333333333333336
AM Rahane,548332,54.0
AM Rahane,548336,24.0
AM Rahane,548345,37.333333333333336
AM Rahane,548349,46.333333333333336
AM Rahane,548354,43.666666666666664
AM Rahane,548358,15.666666666666666
AM Rahane,548361,7.333333333333333
AM Rahane,548365,26.0
AM Rahane,548373,28.0
AM Rahane,548377,26.666666666666668
AM Rahane,598001,15.666666666666666
AM Rahane,598005,25.666666666666668
AM Rahane,598009,31.333333333333332
AM Rahane,598014,33.333333333333336
AM Rahane,598019,44.0
AM Rahane,598023,38.666666666666664
AM Rahane,598026,32.666666666666664
AM Rahane,598032,10.333333333333334
AM Rahane,598036,6.333333333333333
AM Rahane,598043,3.0
AM Rahane,598047,25.0
AM Rahane,598049,45.333333333333336
AM Rahane,598052,63.0
AM Rahane,598058,43.666666666666664
AM Rahane,598063,24.0
AM Rahane,598065,8.333333333333334
AM Rahane,598071,11.333333333333334
AM Rahane,598072,17.0
AM Rahane,729285,32.666666666666664
AM Rahane,729291,31.0
AM Rahane,729297,29.0
AM Rahane,729305,17.0
AM Rahane,729315,36.666666666666664
AM Rahane,733975,35.666666666666664
AM Rahane,733979,38.0
AM Rahane,733989,14.0
AM Rahane,733999,18.0
AM Rahane,734003,9.333333333333334
AM Rahane,734011,30.666666666666668
AM Rahane,734033,30.333333333333332
AM Rahane,829709,29.0
AM Rahane,829715,23.333333333333332
AM Rahane,829721,31.0
AM Rahane,829727,51.666666666666664
AM Rahane,829735,61.333333333333336
AM Rahane,829741,70.66666666666667
AM Rahane,829749,56.0
AM Rahane,829769,36.0
AM Rahane,829777,41.666666666666664
AM Rahane,829787,38.333333333333336
AM Rahane,829797,40.666666666666664
AM Rahane,829811,22.666666666666668
AM Rahane,829819,34.0
AM Rahane,980901,48.333333333333336
AM Rahane,980911,43.0
AM Rahane,980919,32.0
AM Rahane,980931,30.0
AM Rahane,980939,45.333333333333336
AM Rahane,980943,42.333333333333336
AM Rahane,980949,40.0
AM Rahane,980957,19.0
AM Rahane,980965,40.0
AM Rahane,980969,47.0
AM Rahane,980979,45.666666666666664
AM Rahane,980989,25.333333333333332
AM Rahane,980997,14.666666666666666
AM Rahane,981005,21.0
AM Rahane,1082592,40.333333333333336
AM Rahane,1082594,32.666666666666664
AM Rahane,1082599,29.666666666666668
AM Rahane,1082603,9.666666666666666
AM Rahane,1082607,13.333333333333334
AM Rahane,1082615,10.666666666666666
AM Rahane,1082618,23.333333333333332
AM Rahane,1082620,28.666666666666668
AM Rahane,1082624,30.0
AM Rahane,1082629,18.666666666666668
AM Rahane,1082631,7.0
AM Rahane,1082634,12.333333333333334
AM Rahane,1082642,11.0
AM Rahane,1082645,18.666666666666668
AM Rahane,1082647,30.0
AM Rahane,1082650,44.666666666666664
AM Rahane,1136564,37.666666666666664
AM Rahane,1136566,34.0
AM Rahane,1136571,31.333333333333332
AM Rahane,1136575,39.0
AM Rahane,1136577,29.333333333333332
AM Rahane,1136581,22.0
AM Rahane,1136588,31.666666666666668
AM Rahane,1136598,28.0
AM Rahane,1136600,26.333333333333332
AM Rahane,1136603,6.0
AM Rahane,1136607,16.666666666666668
AM Rahane,1136609,17.333333333333332
AM Rahane,1136613,27.0
AM Rahane,1136618,30.0
AM Rahane,1175359,35.333333333333336
AM Rahane,1175363,47.666666666666664
AM Rahane,1175367,32.333333333333336
AM Rahane,1175369,30.666666666666668
AM Rahane,1178396,9.0
AM Rahane,1178400,13.666666666666666
AM Rahane,1178402,18.666666666666668
AM Rahane,1178407,25.666666666666668
AM Rahane,1178411,25.0
AM Rahane,1178415,47.666666666666664
AM Rahane,1178418,50.333333333333336
AM Rahane,1178420,59.333333333333336
AM Rahane,1178428,25.0
AM Rahane,1216497,13.666666666666666
AM Rahane,1216505,20.666666666666668
AM Rahane,1216509,22.666666666666668
AM Rahane,1216524,31.333333333333332
AM Rahane,1216529,16.333333333333332
AM Rahane,1216543,14.333333333333334
AM Rahane,1237177,5.666666666666667
AM Rahane,1237181,1.3333333333333333
AM Rahane,1254064,3.3333333333333335
AM Rahane,1304047,18.0
AM Rahane,1304052,20.333333333333332
AM Rahane,1304054,21.666666666666668
AM Rahane,1304060,9.333333333333334
AM Rahane,1304065,9.0
AM Rahane,1304102,13.333333333333334
AM Rahane,1304107,20.333333333333332
AM Rahane,1359486,38.0
AM Rahane,1359491,40.0
AM Rahane,1359498,43.0
AM Rahane,1359503,25.666666666666668
AM Rahane,1359507,39.0
AM Rahane,1359511,31.666666666666668
AM Rahane,1359523,35.666666666666664
AM Rahane,1359529,19.0
AM Rahane,1359535,19.333333333333332
AM Rahane,1370350,18.0
AM Rahane,1370353,20.0
AN Ahmed,419142,4.0
AN Ahmed,501270,11.0
AN Ahmed,734013,8.666666666666666
AN Ahmed,829713,9.0
AN Ahmed,829719,4.333333333333333
AN Ahmed,829737,3.3333333333333335
AN Ghosh,392197,0.0
AN Ghosh,392221,3.5
AP Dole,419141,4.0
AP Dole,419150,17.0
AP Majumdar,548358,30.0
AP Majumdar,548362,30.5
AP Majumdar,548365,23.333333333333332
AP Majumdar,548375,19.0
AP Tare,419107,23.0
AP Tare,419114,20.0
AP Tare,419119,16.333333333333332
AP Tare,419161,9.0
AP Tare,598063,23.0
AP Tare,598066,27.333333333333332
AP Tare,598070,29.333333333333332
AP Tare,598072,21.333333333333332
AP Tare,598073,14.0
AP Tare,729279,19.666666666666668
AP Tare,729287,13.666666666666666
AP Tare,729303,21.333333333333332
AP Tare,729309,16.0
AP Tare,729317,12.666666666666666
AP Tare,733973,10.333333333333334
AP Tare,733995,10.666666666666666
AP Tare,734009,9.0
AP Tare,734031,8.333333333333334
AP Tare,734041,7.333333333333333
AP Tare,734045,6.666666666666667
AP Tare,829705,4.333333333333333
AP Tare,829717,4.666666666666667
AP Tare,980935,4.666666666666667
AP Tare,980943,5.0
AP Tare,1082595,8.666666666666666
AP Tare,1082599,8.666666666666666
AP Tare,1082614,6.0
AR Bawne,1082622,12.0
AR Patel,729283,2.0
AR Patel,729307,4.5
AR Patel,733991,3.6666666666666665
AR Patel,733997,3.3333333333333335
AR Patel,734019,15.0
AR Patel,734025,16.333333333333332
AR Patel,734043,16.666666666666668
AR Patel,829709,10.666666666666666
AR Patel,829725,13.0
AR Patel,829733,13.0
AR Patel,829741,9.0
AR Patel,829753,7.666666666666667
AR Patel,829759,12.666666666666666
AR Patel,829767,16.0
AR Patel,829775,13.0
AR Patel,829785,20.666666666666668
AR Patel,829799,18.333333333333332
AR Patel,829803,25.0
AR Patel,829809,22.333333333333332
AR Patel,980905,18.666666666666668
AR Patel,980913,15.666666666666666
AR Patel,980925,8.0
AR Patel,980935,18.666666666666668
AR Patel,980941,15.0
AR Patel,980955,12.0
AR Patel,980963,7.0
AR Patel,980971,12.333333333333334
AR Patel,980999,16.666666666666668
AR Patel,981005,10.0
AR Patel,1082594,12.666666666666666
AR Patel,1082598,11.333333333333334
AR Patel,1082601,11.0
AR Patel,1082605,17.666666666666668
AR Patel,1082609,17.0
AR Patel,1082612,18.333333333333332
AR Patel,1082616,15.0
AR Patel,1082623,18.0
AR Patel,1082633,29.333333333333332
AR Patel,1082637,18.666666666666668
AR Patel,1082639,16.0
AR Patel,1082641,9.666666666666666
AR Patel,1082645,16.333333333333332
AR Patel,1136568,14.333333333333334
AR Patel,1136594,12.333333333333334
AR Patel,1136598,6.333333333333333
AR Patel,1136600,8.666666666666666
AR Patel,1136604,10.666666666666666
AR Patel,1136608,12.333333333333334
AR Patel,1136610,12.666666666666666
AR Patel,1136616,11.0
AR Patel,1175358,9.333333333333334
AR Patel,1175360,9.0
AR Patel,1175371,12.0
AR Patel,1178395,12.0
AR Patel,1178405,13.666666666666666
AR Patel,1178409,14.666666666666666
AR Patel,1178412,13.666666666666666
AR Patel,1178421,14.333333333333334
AR Patel,1178425,8.666666666666666
AR Patel,1178428,8.666666666666666
AR Patel,1181766,3.3333333333333335
AR Patel,1181767,1.3333333333333333
AR Patel,1216493,3.0
AR Patel,1216497,6.0
AR Patel,1216500,10.666666666666666
AR Patel,1216509,15.666666666666666
AR Patel,1216524,13.0
AR Patel,1216532,9.0
AR Patel,1216543,4.333333333333333
AR Patel,1237177,18.0
AR Patel,1237181,19.333333333333332
AR Patel,1254092,17.0
AR Patel,1254097,7.0
AR Patel,1254110,5.666666666666667
AR Patel,1254112,8.666666666666666
AR Patel,1254114,8.0
AR Patel,1254116,7.666666666666667
AR Patel,1304048,17.333333333333332
AR Patel,1304056,16.666666666666668
AR Patel,1304065,22.666666666666668
AR Patel,1304073,13.333333333333334
AR Patel,1304080,11.0
AR Patel,1304087,11.666666666666666
AR Patel,1304091,22.333333333333332
AR Patel,1304101,22.333333333333332
AR Patel,1304110,20.0
AR Patel,1304115,12.333333333333334
AR Patel,1359477,17.333333333333332
AR Patel,1359481,23.666666666666668
AR Patel,1359485,18.0
AR Patel,1359490,30.666666666666668
AR Patel,1359494,25.666666666666668
AR Patel,1359502,31.333333333333332
AR Patel,1359508,24.666666666666668
AR Patel,1359514,27.333333333333332
AR Patel,1359518,30.0
AR Patel,1359524,21.333333333333332
AR Patel,1359529,18.666666666666668
AR Patel,1359533,10.0
AR Patel,1359541,12.333333333333334
AS Joseph,1178399,15.0
AS Joseph,1304075,7.5
AS Joseph,1304081,5.333333333333333
AS Joseph,1304094,1.6666666666666667
AS Joseph,1359531,4.0
AS Rajpoot,598002,2.0
AS Rajpoot,1082649,3.0
AS Rajpoot,1136585,4.666666666666667
AS Rajpoot,1136608,4.333333333333333
AS Rajpoot,1136616,3.6666666666666665
AS Rajpoot,1216504,3.3333333333333335
AS Rajpoot,1216511,3.6666666666666665
AS Raut,392190,21.0
AS Raut,392195,11.0
AS Raut,392205,19.333333333333332
AS Raut,392210,12.666666666666666
AS Raut,392217,14.666666666666666
AS Raut,392220,3.0
AS Raut,392230,6.333333333333333
AS Raut,419137,4.666666666666667
AS Raut,419141,4.333333333333333
AS Raut,419150,7.333333333333333
AS Raut,419154,17.333333333333332
AS Raut,419158,18.0
AS Raut,501214,15.0
AS Raut,501220,12.666666666666666
AS Raut,501249,18.333333333333332
AS Raut,501252,16.333333333333332
AS Roy,1304099,0.0
AS Roy,1359476,2.0
AS Roy,1359502,1.3333333333333333
AS Roy,1359521,5.666666666666667
AS Roy,1359530,6.333333333333333
AS Yadav,335986,10.0
AS Yadav,335988,11.0
AS Yadav,335990,12.666666666666666
AS Yadav,336002,12.0
AS Yadav,336034,9.0
AS Yadav,336037,3.6666666666666665
AT Carey,1216509,4.0
AT Carey,1216529,9.0
AT Carey,1216543,10.666666666666666
AT Rayudu,419107,55.0
AT Rayudu,419114,44.5
AT Rayudu,419119,30.666666666666668
AT Rayudu,419130,14.333333333333334
AT Rayudu,419132,6.0
AT Rayudu,419138,23.333333333333332
AT Rayudu,419142,22.333333333333332
AT Rayudu,419146,30.333333333333332
AT Rayudu,419150,12.0
AT Rayudu,419152,19.0
AT Rayudu,419157,23.333333333333332
AT Rayudu,419161,32.333333333333336
AT Rayudu,419162,37.666666666666664
AT Rayudu,419165,29.333333333333332
AT Rayudu,501201,25.0
AT Rayudu,501205,32.666666666666664
AT Rayudu,501210,43.333333333333336
AT Rayudu,501218,51.0
AT Rayudu,501221,39.0
AT Rayudu,501224,23.666666666666668
AT Rayudu,501231,15.0
AT Rayudu,501237,23.0
AT Rayudu,501241,29.666666666666668
AT Rayudu,501246,45.666666666666664
AT Rayudu,501251,33.0
AT Rayudu,501256,24.666666666666668
AT Rayudu,501263,5.666666666666667
AT Rayudu,501267,7.0
AT Rayudu,501269,10.333333333333334
AT Rayudu,501270,9.666666666666666
AT Rayudu,548306,10.0
AT Rayudu,548308,6.333333333333333
AT Rayudu,548314,12.666666666666666
AT Rayudu,548317,22.333333333333332
AT Rayudu,548325,23.333333333333332
AT Rayudu,548334,18.0
AT Rayudu,548339,13.666666666666666
AT Rayudu,548342,33.0
AT Rayudu,548346,38.333333333333336
AT Rayudu,548351,27.333333333333332
AT Rayudu,548355,6.666666666666667
AT Rayudu,548360,7.666666666666667
AT Rayudu,548367,34.333333333333336
AT Rayudu,548370,38.0
AT Rayudu,548379,34.333333333333336
AT Rayudu,597999,13.333333333333334
AT Rayudu,598002,12.0
AT Rayudu,598006,16.333333333333332
AT Rayudu,598019,19.333333333333332
AT Rayudu,598024,17.666666666666668
AT Rayudu,598029,14.0
AT Rayudu,598039,16.333333333333332
AT Rayudu,598046,19.0
AT Rayudu,598055,23.333333333333332
AT Rayudu,598060,12.666666666666666
AT Rayudu,598063,11.666666666666666
AT Rayudu,598066,11.666666666666666
AT Rayudu,598070,16.0
AT Rayudu,598072,19.333333333333332
AT Rayudu,598073,23.0
AT Rayudu,729279,34.0
AT Rayudu,729287,40.0
AT Rayudu,729303,28.0
AT Rayudu,729309,16.666666666666668
AT Rayudu,729317,16.666666666666668
AT Rayudu,733973,19.0
AT Rayudu,733983,17.333333333333332
AT Rayudu,733995,25.333333333333332
AT Rayudu,734001,45.333333333333336
AT Rayudu,734009,53.333333333333336
AT Rayudu,734025,39.333333333333336
AT Rayudu,734031,17.333333333333332
AT Rayudu,734041,16.333333333333332
AT Rayudu,734045,11.333333333333334
AT Rayudu,829705,10.666666666666666
AT Rayudu,829717,5.0
AT Rayudu,829729,14.0
AT Rayudu,829737,14.0
AT Rayudu,829747,19.666666666666668
AT Rayudu,829751,12.333333333333334
AT Rayudu,829769,30.0
AT Rayudu,829775,21.333333333333332
AT Rayudu,829783,35.333333333333336
AT Rayudu,829789,29.0
AT Rayudu,829795,32.333333333333336
AT Rayudu,829805,16.666666666666668
AT Rayudu,829817,8.666666666666666
AT Rayudu,829823,16.0
AT Rayudu,980901,22.666666666666668
AT Rayudu,980917,26.0
AT Rayudu,980923,32.0
AT Rayudu,980927,35.0
AT Rayudu,980933,36.666666666666664
AT Rayudu,980941,40.333333333333336
AT Rayudu,980947,40.666666666666664
AT Rayudu,980957,39.666666666666664
AT Rayudu,980973,20.0
AT Rayudu,980981,24.0
AT Rayudu,980985,16.666666666666668
AT Rayudu,980993,19.0
AT Rayudu,1082592,7.666666666666667
AT Rayudu,1082644,28.666666666666668
AT Rayudu,1082647,24.333333333333332
AT Rayudu,1082649,23.0
AT Rayudu,1082650,6.0
AT Rayudu,1136561,13.333333333333334
AT Rayudu,1136565,24.333333333333332
AT Rayudu,1136572,36.666666666666664
AT Rayudu,1136577,33.333333333333336
AT Rayudu,1136580,46.666666666666664
AT Rayudu,1136584,57.666666666666664
AT Rayudu,1136587,69.0
AT Rayudu,1136590,56.333333333333336
AT Rayudu,1136593,36.0
AT Rayudu,1136595,31.333333333333332
AT Rayudu,1136603,21.666666666666668
AT Rayudu,1136606,48.0
AT Rayudu,1136612,54.0
AT Rayudu,1136616,50.333333333333336
AT Rayudu,1136617,17.0
AT Rayudu,1136620,5.666666666666667
AT Rayudu,1175356,14.666666666666666
AT Rayudu,1175360,16.333333333333332
AT Rayudu,1175367,11.333333333333334
AT Rayudu,1175370,2.0
AT Rayudu,1178393,7.333333333333333
AT Rayudu,1178398,14.0
AT Rayudu,1178400,33.0
AT Rayudu,1178404,27.666666666666668
AT Rayudu,1178408,29.0
AT Rayudu,1178414,19.666666666666668
AT Rayudu,1178416,25.0
AT Rayudu,1178419,16.666666666666668
AT Rayudu,1178425,8.666666666666666
AT Rayudu,1178430,2.0
AT Rayudu,1181764,16.0
AT Rayudu,1181767,21.0
AT Rayudu,1181768,21.0
AT Rayudu,1216492,30.666666666666668
AT Rayudu,1216501,34.0
AT Rayudu,1216506,43.666666666666664
AT Rayudu,1216509,35.0
AT Rayudu,1216516,27.666666666666668
AT Rayudu,1216521,18.333333333333332
AT Rayudu,1216525,17.333333333333332
AT Rayudu,1216528,28.333333333333332
AT Rayudu,1216533,32.0
AT Rayudu,1216536,30.666666666666668
AT Rayudu,1216544,30.0
AT Rayudu,1254059,33.333333333333336
AT Rayudu,1254065,20.666666666666668
AT Rayudu,1254069,16.666666666666668
AT Rayudu,1254076,13.666666666666666
AT Rayudu,1254084,37.666666666666664
AT Rayudu,1254089,29.333333333333332
AT Rayudu,1254091,30.333333333333332
AT Rayudu,1254094,7.666666666666667
AT Rayudu,1254098,10.333333333333334
AT Rayudu,1254104,4.666666666666667
AT Rayudu,1254110,21.666666666666668
AT Rayudu,1254113,29.0
AT Rayudu,1254114,29.333333333333332
AT Rayudu,1304047,16.0
AT Rayudu,1304053,14.333333333333334
AT Rayudu,1304057,18.333333333333332
AT Rayudu,1304063,22.333333333333332
AT Rayudu,1304075,28.666666666666668
AT Rayudu,1304079,37.666666666666664
AT Rayudu,1304084,54.666666666666664
AT Rayudu,1304095,42.666666666666664
AT Rayudu,1304101,31.0
AT Rayudu,1304105,8.333333333333334
AT Rayudu,1304114,6.0
AT Rayudu,1359475,8.333333333333334
AT Rayudu,1359480,14.0
AT Rayudu,1359486,19.666666666666668
AT Rayudu,1359491,16.0
AT Rayudu,1359498,11.666666666666666
AT Rayudu,1359503,8.0
AT Rayudu,1359511,7.666666666666667
AT Rayudu,1359523,7.0
AT Rayudu,1359529,11.666666666666666
AT Rayudu,1359535,13.0
AT Rayudu,1370350,14.666666666666666
AT Rayudu,1370353,13.333333333333334
AU Rashid,1359478,18.0
AU Rashid,1359484,11.0
AUK Pathan,501200,12.0
AUK Pathan,501205,6.0
AUK Pathan,501211,8.666666666666666
AUK Pathan,501244,4.666666666666667
AUK Pathan,501260,7.0
AUK Pathan,548350,3.0
AUK Pathan,548356,4.333333333333333
Abdul Basith,1359506,1.0
Abdul Samad,1216498,7.0
Abdul Samad,1216512,16.0
Abdul Samad,1216516,13.333333333333334
Abdul Samad,1216532,15.0
Abdul Samad,1216538,13.333333333333334
Abdul Samad,1216542,13.333333333333334
Abdul Samad,1237180,20.333333333333332
Abdul Samad,1254060,20.0
Abdul Samad,1254063,17.333333333333332
Abdul Samad,1254066,8.666666666666666
Abdul Samad,1254085,5.666666666666667
Abdul Samad,1254088,6.333333333333333
Abdul Samad,1254091,10.0
Abdul Samad,1254095,7.0
Abdul Samad,1254105,15.666666666666666
Abdul Samad,1254107,10.0
Abdul Samad,1254109,18.0
Abdul Samad,1304051,10.0
Abdul Samad,1304058,9.666666666666666
Abdul Samad,1359478,12.0
Abdul Samad,1359484,17.666666666666668
Abdul Samad,1359499,20.666666666666668
Abdul Samad,1359514,19.333333333333332
Abdul Samad,1359521,19.333333333333332
Abdul Samad,1359526,22.0
Abdul Samad,1359532,25.0
Abdul Samad,1359536,19.333333333333332
Abdur Razzak,336023,0.0
Abhishek Sharma,1136605,46.0
Abhishek Sharma,1136612,24.0
Abhishek Sharma,1136615,21.0
Abhishek Sharma,1178405,6.333333333333333
Abhishek Sharma,1178423,7.333333333333333
Abhishek Sharma,1178426,3.0
Abhishek Sharma,1216502,5.0
Abhishek Sharma,1216516,13.666666666666666
Abhishek Sharma,1216532,13.333333333333334
Abhishek Sharma,1216534,13.0
Abhishek Sharma,1216538,6.0
Abhishek Sharma,1216542,9.666666666666666
Abhishek Sharma,1216545,8.0
Abhishek Sharma,1254066,5.333333333333333
Abhishek Sharma,1254077,3.0
Abhishek Sharma,1254088,13.333333333333334
Abhishek Sharma,1254091,18.666666666666668
Abhishek Sharma,1254095,21.333333333333332
Abhishek Sharma,1254100,17.333333333333332
Abhishek Sharma,1254109,13.333333333333334
Abhishek Sharma,1304051,12.0
Abhishek Sharma,1304058,9.333333333333334
Abhishek Sharma,1304063,32.333333333333336
Abhishek Sharma,1304067,43.333333333333336
Abhishek Sharma,1304071,40.0
Abhishek Sharma,1304074,25.333333333333332
Abhishek Sharma,1304082,27.0
Abhishek Sharma,1304086,47.666666666666664
Abhishek Sharma,1304092,50.333333333333336
Abhishek Sharma,1304096,37.0
Abhishek Sharma,1304100,15.333333333333334
Abhishek Sharma,1304107,16.666666666666668
Abhishek Sharma,1304111,17.333333333333332
Abhishek Sharma,1304116,31.666666666666668
Abhishek Sharma,1359478,17.333333333333332
Abhishek Sharma,1359493,25.0
Abhishek Sharma,1359499,11.0
Abhishek Sharma,1359503,22.333333333333332
Abhishek Sharma,1359508,13.333333333333334
Abhishek Sharma,1359514,35.333333333333336
Abhishek Sharma,1359521,27.0
Abhishek Sharma,1359526,43.666666666666664
Abhishek Sharma,1359532,23.666666666666668
Abhishek Sharma,1359536,22.333333333333332
Abhishek Sharma,1359539,7.666666666666667
Abishek Porel,1359481,20.0
Abishek Porel,1359485,13.5
Abishek Porel,1359490,9.333333333333334
Abishek Porel,1359494,4.333333333333333
Akash Deep,1304068,0.0
Akash Deep,1359483,8.5
Aman Hakim Khan,1304071,5.0
Aman Hakim Khan,1359477,4.5
Aman Hakim Khan,1359481,5.666666666666667
Aman Hakim Khan,1359494,10.0
Aman Hakim Khan,1359502,8.666666666666666
Aman Hakim Khan,1359508,7.333333333333333
Aman Hakim Khan,1359518,18.333333333333332
Aman Hakim Khan,1359529,19.0
Aman Hakim Khan,1359533,23.0
Aman Hakim Khan,1359541,8.333333333333334
Anirudh Singh,419106,14.0
Anirudh Singh,419117,7.0
Anirudh Singh,419141,7.666666666666667
Anirudh Singh,419164,16.333333333333332
Ankit Sharma,548311,15.0
Ankit Sharma,548314,8.0
Ankit Sharma,548321,5.666666666666667
Ankit Sharma,548335,1.0
Ankit Sharma,734003,10.666666666666666
Ankit Sharma,734017,11.666666666666666
Ankit Sharma,829797,11.333333333333334
Ankit Sharma,829819,3.6666666666666665
Ankit Sharma,980931,3.3333333333333335
Ankit Sharma,1082603,11.666666666666666
Ankit Soni,1082625,7.0
Ankit Soni,1082629,3.5
Ankit Soni,1082643,2.3333333333333335
Anmolpreet Singh,1254104,16.0
Anmolpreet Singh,1304048,12.0
Anmolpreet Singh,1304055,9.666666666666666
Anmolpreet Singh,1359484,14.666666666666666
Anmolpreet Singh,1359526,23.0
Anmolpreet Singh,1359532,33.333333333333336
Anmolpreet Singh,1359536,24.666666666666668
Anuj Rawat,1254106,0.0
Anuj Rawat,1304049,10.5
Anuj Rawat,1304052,7.0
Anuj Rawat,1304059,15.666666666666666
Anuj Rawat,1304064,30.666666666666668
Anuj Rawat,1304068,34.666666666666664
Anuj Rawat,1304073,26.0
Anuj Rawat,1304077,5.333333333333333
Anuj Rawat,1304082,1.3333333333333333
Anuj Rawat,1359483,1.6666666666666667
Anuj Rawat,1359494,5.333333333333333
Anuj Rawat,1359517,8.333333333333334
Anuj Rawat,1359524,10.666666666666666
Anuj Rawat,1359528,7.666666666666667
Anuj Rawat,1359534,14.333333333333334
Anuj Rawat,1359544,19.333333333333332
Anureet Singh,829709,0.0
Anureet Singh,829733,0.0
Anureet Singh,829753,3.3333333333333335
Anureet Singh,829759,3.3333333333333335
Anureet Singh,829767,6.0
Anureet Singh,829785,2.6666666666666665
Anureet Singh,1082623,7.666666666666667
Anureet Singh,1136609,6.0
Arjun Tendulkar,1359509,13.0
Arshad Khan (2),1359479,15.0
Arshad Khan (2),1359486,8.5
Arshad Khan (2),1359523,6.0
Arshdeep Singh,1216542,0.0
Arshdeep Singh,1254071,0.5
Arshdeep Singh,1254078,0.6666666666666666
Arshdeep Singh,1304054,0.6666666666666666
Arshdeep Singh,1304062,3.6666666666666665
Arshdeep Singh,1304074,3.3333333333333335
Arshdeep Singh,1304078,6.333333333333333
Arshdeep Singh,1304088,3.0
Arshdeep Singh,1304110,3.6666666666666665
Arshdeep Singh,1359512,1.3333333333333333
Atharva Taide,1359495,0.0
Atharva Taide,1359501,2.0
Atharva Taide,1359505,11.0
Atharva Taide,1359512,33.0
Atharva Taide,1359515,36.0
Atharva Taide,1359538,44.666666666666664
Atharva Taide,1359540,29.0
Avesh Khan,1175368,4.0
Avesh Khan,1254092,4.5
Avesh Khan,1304066,5.333333333333333
Avesh Khan,1304088,4.666666666666667
Avesh Khan,1304103,7.0
Avesh Khan,1304109,5.0
Avesh Khan,1359489,4.333333333333333
Azhar Mahmood,548331,33.0
Azhar Mahmood,548334,21.5
Azhar Mahmood,548343,20.333333333333332
Azhar Mahmood,548350,10.0
Azhar Mahmood,548354,14.666666666666666
Azhar Mahmood,548359,13.333333333333334
Azhar Mahmood,548366,23.0
Azhar Mahmood,548369,18.0
Azhar Mahmood,548371,16.333333333333332
Azhar Mahmood,548374,18.0
Azhar Mahmood,598007,17.666666666666668
Azhar Mahmood,598014,22.333333333333332
Azhar Mahmood,598016,10.333333333333334
Azhar Mahmood,598021,9.0
Azhar Mahmood,598025,1.3333333333333333
Azhar Mahmood,598028,4.333333333333333
Azhar Mahmood,598031,3.6666666666666665
Azhar Mahmood,598037,6.666666666666667
Azhar Mahmood,598045,24.0
Azhar Mahmood,598066,50.0
Azhar Mahmood,829811,49.0
B Akhil,335982,0.0
B Akhil,335985,1.5
B Akhil,335996,1.6666666666666667
B Akhil,336002,10.666666666666666
B Akhil,336012,11.333333333333334
B Akhil,336026,11.666666666666666
B Akhil,336029,4.666666666666667
B Akhil,392182,6.0
B Akhil,392194,7.666666666666667
B Akhil,392224,5.666666666666667
B Akhil,501233,7.0
B Chipli,335996,8.0
B Chipli,336026,5.0
B Chipli,336034,6.666666666666667
B Chipli,501199,6.0
B Chipli,501203,21.333333333333332
B Chipli,501208,38.333333333333336
B Chipli,501212,41.0
B Chipli,501216,26.666666666666668
B Chipli,501224,8.333333333333334
B Chipli,501229,5.0
B Chipli,501236,9.0
B Chipli,501239,11.0
B Chipli,501243,10.0
B Chipli,501250,10.333333333333334
B Chipli,501256,9.666666666666666
B Chipli,501259,11.0
B Chipli,548311,8.333333333333334
B Chipli,548314,5.333333333333333
B Chipli,548321,12.0
B Chipli,548346,9.0
B Chipli,598067,14.0
B Indrajith,1304087,6.0
B Indrajith,1304093,10.5
B Indrajith,1304099,7.0
B Kumar,501259,1.0
B Kumar,548308,1.5
B Kumar,548330,1.6666666666666667
B Kumar,548341,3.6666666666666665
B Kumar,548351,6.333333333333333
B Kumar,548353,9.333333333333334
B Kumar,548362,7.666666666666667
B Kumar,548365,5.333333333333333
B Kumar,548375,2.6666666666666665
B Kumar,598000,3.0
B Kumar,598003,4.666666666666667
B Kumar,598011,5.666666666666667
B Kumar,598018,4.666666666666667
B Kumar,598027,4.0
B Kumar,598038,10.0
B Kumar,598042,10.666666666666666
B Kumar,598053,9.0
B Kumar,598055,1.6666666666666667
B Kumar,729295,1.3333333333333333
B Kumar,733989,1.0
B Kumar,829751,2.3333333333333335
B Kumar,829781,5.666666666666667
B Kumar,829815,5.666666666666667
B Kumar,980915,3.6666666666666665
B Kumar,980943,7.0
B Kumar,980979,7.333333333333333
B Kumar,980983,7.666666666666667
B Kumar,981003,5.0
B Kumar,981009,6.333333333333333
B Kumar,981015,6.333333333333333
B Kumar,981019,2.3333333333333335
B Kumar,1082600,2.0
B Kumar,1082634,1.6666666666666667
B Kumar,1136599,1.6666666666666667
B Kumar,1136614,0.3333333333333333
B Kumar,1136617,2.6666666666666665
B Kumar,1136619,4.0
B Kumar,1178394,4.666666666666667
B Kumar,1178405,3.0
B Kumar,1178420,1.6666666666666667
B Kumar,1178429,3.3333333333333335
B Kumar,1216534,2.6666666666666665
B Kumar,1254063,3.0
B Kumar,1254066,1.0
B Kumar,1254085,5.666666666666667
B Kumar,1254091,5.666666666666667
B Kumar,1254105,7.0
B Kumar,1254107,3.3333333333333335
B Kumar,1254109,5.0
B Kumar,1304051,4.333333333333333
B Kumar,1304058,3.6666666666666665
B Kumar,1304096,3.0
B Kumar,1304100,4.666666666666667
B Kumar,1304107,6.333333333333333
B Kumar,1304116,5.0
B Kumar,1359478,4.333333333333333
B Kumar,1359499,3.0
B Kumar,1359521,4.333333333333333
B Kumar,1359532,3.0
B Kumar,1359536,11.333333333333334
B Laughlin,598002,0.0
B Laughlin,598046,2.0
B Laughlin,1136564,1.6666666666666667
B Laughlin,1136577,1.6666666666666667
B Lee,335987,0.0
B Lee,335991,8.0
B Lee,335995,5.666666666666667
B Lee,392216,10.333333333333334
B Lee,392222,7.666666666666667
B Lee,392229,7.333333333333333
B Lee,392234,4.666666666666667
B Lee,419127,4.333333333333333
B Lee,419132,5.333333333333333
B Lee,419136,3.6666666666666665
B Lee,501219,1.6666666666666667
B Lee,501230,1.0
B Lee,501242,1.0
B Lee,501269,1.3333333333333333
B Lee,548307,4.0
B Lee,548312,12.0
B Lee,548315,14.0
B Lee,598005,12.666666666666666
B Lee,598040,9.666666666666666
B Sai Sudharsan,1304062,35.0
B Sai Sudharsan,1304067,23.0
B Sai Sudharsan,1304089,22.0
B Sai Sudharsan,1304094,32.0
B Sai Sudharsan,1304097,33.0
B Sai Sudharsan,1359475,33.666666666666664
B Sai Sudharsan,1359481,32.666666666666664
B Sai Sudharsan,1359487,45.666666666666664
B Sai Sudharsan,1359492,44.666666666666664
B Sai Sudharsan,1359497,30.666666666666668
B Sai Sudharsan,1359536,28.666666666666668
B Sai Sudharsan,1370352,36.666666666666664
B Sai Sudharsan,1370353,62.0
B Stanlake,1136567,5.0
B Sumanth,419151,6.0
B Sumanth,419156,6.0
B Sumanth,419160,6.333333333333333
B Sumanth,419163,9.666666666666666
BA Bhatt,501264,0.0
BA Bhatt,548323,3.0
BA Stokes,1082592,21.0
BA Stokes,1082594,35.5
BA Stokes,1082599,24.333333333333332
BA Stokes,1082603,25.666666666666668
BA Stokes,1082607,9.666666666666666
BA Stokes,1082615,12.333333333333334
BA Stokes,1082618,9.666666666666666
BA Stokes,1082629,43.333333333333336
BA Stokes,1082631,44.666666666666664
BA Stokes,1082634,52.0
BA Stokes,1082642,28.666666666666668
BA Stokes,1136564,25.666666666666668
BA Stokes,1136566,18.0
BA Stokes,1136571,16.0
BA Stokes,1136575,19.0
BA Stokes,1136577,28.666666666666668
BA Stokes,1136581,33.0
BA Stokes,1136588,28.333333333333332
BA Stokes,1136592,13.666666666666666
BA Stokes,1136598,4.333333333333333
BA Stokes,1136600,9.0
BA Stokes,1136603,12.333333333333334
BA Stokes,1136609,12.0
BA Stokes,1175359,9.333333333333334
BA Stokes,1175363,11.0
BA Stokes,1175367,22.666666666666668
BA Stokes,1175369,21.0
BA Stokes,1178396,18.0
BA Stokes,1178400,12.0
BA Stokes,1178411,11.666666666666666
BA Stokes,1178415,12.0
BA Stokes,1178418,6.333333333333333
BA Stokes,1216507,8.0
BA Stokes,1216518,15.333333333333334
BA Stokes,1216522,16.666666666666668
BA Stokes,1216530,21.0
BA Stokes,1216533,17.333333333333332
BA Stokes,1216537,29.0
BA Stokes,1216541,58.666666666666664
BA Stokes,1216543,66.0
BA Stokes,1254061,49.333333333333336
BA Stokes,1359475,16.0
BA Stokes,1359480,5.0
BAW Mendis,392197,0.0
BAW Mendis,419148,0.5
BAW Mendis,598042,1.0
BB McCullum,335982,158.0
BB McCullum,335986,81.5
BB McCullum,335993,62.333333333333336
BB McCullum,335997,10.0
BB McCullum,392184,8.666666666666666
BB McCullum,392186,7.666666666666667
BB McCullum,392190,8.666666666666666
BB McCullum,392197,8.666666666666666
BB McCullum,392199,1.6666666666666667
BB McCullum,392203,2.0
BB McCullum,392207,8.0
BB McCullum,392211,19.666666666666668
BB McCullum,392219,20.0
BB McCullum,392221,41.666666666666664
BB McCullum,392228,36.666666666666664
BB McCullum,392231,61.666666666666664
BB McCullum,392233,36.666666666666664
BB McCullum,419144,32.0
BB McCullum,419148,20.0
BB McCullum,419153,17.0
BB McCullum,419158,17.0
BB McCullum,419161,21.0
BB McCullum,501200,36.0
BB McCullum,501207,34.0
BB McCullum,501210,42.0
BB McCullum,501215,42.666666666666664
BB McCullum,501219,50.333333333333336
BB McCullum,501229,23.333333333333332
BB McCullum,501233,10.0
BB McCullum,501238,14.666666666666666
BB McCullum,501242,15.0
BB McCullum,501247,20.0
BB McCullum,501254,18.333333333333332
BB McCullum,501258,27.666666666666668
BB McCullum,501261,31.333333333333332
BB McCullum,548307,23.666666666666668
BB McCullum,548312,14.666666666666666
BB McCullum,548328,8.666666666666666
BB McCullum,548335,9.0
BB McCullum,548344,22.666666666666668
BB McCullum,548347,18.333333333333332
BB McCullum,548353,29.0
BB McCullum,548357,33.333333333333336
BB McCullum,548368,45.0
BB McCullum,548370,31.333333333333332
BB McCullum,548375,26.333333333333332
BB McCullum,548378,24.333333333333332
BB McCullum,598034,26.0
BB McCullum,729283,34.666666666666664
BB McCullum,729293,27.333333333333332
BB McCullum,729297,27.333333333333332
BB McCullum,729303,28.666666666666668
BB McCullum,729311,39.0
BB McCullum,733971,55.666666666666664
BB McCullum,733981,42.666666666666664
BB McCullum,733987,40.333333333333336
BB McCullum,733995,26.0
BB McCullum,734003,17.333333333333332
BB McCullum,734013,12.666666666666666
BB McCullum,734023,17.666666666666668
BB McCullum,734045,20.333333333333332
BB McCullum,734047,17.666666666666668
BB McCullum,829707,9.666666666666666
BB McCullum,829711,38.333333333333336
BB McCullum,829723,45.333333333333336
BB McCullum,829729,59.333333333333336
BB McCullum,829735,30.0
BB McCullum,829745,20.666666666666668
BB McCullum,829753,27.333333333333332
BB McCullum,829765,29.666666666666668
BB McCullum,829773,32.333333333333336
BB McCullum,829779,17.0
BB McCullum,829789,18.333333333333332
BB McCullum,829797,41.333333333333336
BB McCullum,829801,38.333333333333336
BB McCullum,829809,32.666666666666664
BB McCullum,980905,5.666666666666667
BB McCullum,980911,18.333333333333332
BB McCullum,980917,18.333333333333332
BB McCullum,980929,24.333333333333332
BB McCullum,980937,22.0
BB McCullum,980945,40.0
BB McCullum,980949,48.333333333333336
BB McCullum,980955,34.666666666666664
BB McCullum,980961,15.0
BB McCullum,980967,3.0
BB McCullum,980975,12.333333333333334
BB McCullum,980987,15.666666666666666
BB McCullum,981001,15.333333333333334
BB McCullum,981007,21.666666666666668
BB McCullum,981013,18.333333333333332
BB McCullum,981017,27.0
BB McCullum,1082593,22.666666666666668
BB McCullum,1082596,24.0
BB McCullum,1082603,29.666666666666668
BB McCullum,1082606,39.333333333333336
BB McCullum,1082610,61.666666666666664
BB McCullum,1082613,56.333333333333336
BB McCullum,1082616,37.0
BB McCullum,1082621,14.0
BB McCullum,1082625,5.333333333333333
BB McCullum,1082629,18.333333333333332
BB McCullum,1082632,17.666666666666668
BB McCullum,1136563,29.666666666666668
BB McCullum,1136568,14.666666666666666
BB McCullum,1136571,15.666666666666666
BB McCullum,1136589,14.0
BB McCullum,1136591,26.333333333333332
BB McCullum,1136595,26.666666666666668
BB Samantray,548348,2.0
BB Samantray,598018,19.5
BB Samantray,598021,16.333333333333332
BB Samantray,598048,16.333333333333332
BB Samantray,598056,4.0
BB Samantray,598065,19.0
BB Samantray,598069,20.0
BB Samantray,598071,24.666666666666668
BB Sran,980979,1.0
BB Sran,980983,1.0
BB Sran,981009,1.3333333333333333
BB Sran,1136582,1.0
BB Sran,1136585,1.3333333333333333
BB Sran,1136604,1.0
BB Sran,1178422,2.0
BCJ Cutting,734011,8.0
BCJ Cutting,980991,13.0
BCJ Cutting,981015,8.666666666666666
BCJ Cutting,981017,8.666666666666666
BCJ Cutting,981019,15.666666666666666
BCJ Cutting,1082591,21.0
BCJ Cutting,1082600,25.0
BCJ Cutting,1082604,17.0
BCJ Cutting,1136567,14.666666666666666
BCJ Cutting,1136591,12.0
BCJ Cutting,1136601,15.0
BCJ Cutting,1136607,15.333333333333334
BCJ Cutting,1136610,12.666666666666666
BCJ Cutting,1136615,17.0
BCJ Cutting,1175358,14.666666666666666
BCJ Cutting,1178409,14.0
BCJ Cutting,1178411,6.0
BE Hendricks,734025,0.0
BE Hendricks,829809,0.5
BJ Haddin,501222,18.0
BJ Hodge,336000,1.0
BJ Hodge,336003,1.0
BJ Hodge,336010,4.0
BJ Hodge,392184,14.0
BJ Hodge,392186,17.0
BJ Hodge,392190,15.333333333333334
BJ Hodge,392197,13.0
BJ Hodge,392199,15.333333333333334
BJ Hodge,392203,38.0
BJ Hodge,392207,53.333333333333336
BJ Hodge,392211,51.0
BJ Hodge,392219,26.666666666666668
BJ Hodge,392228,19.333333333333332
BJ Hodge,392231,39.666666666666664
BJ Hodge,392233,41.666666666666664
BJ Hodge,419106,30.0
BJ Hodge,419109,23.0
BJ Hodge,419113,21.0
BJ Hodge,419118,28.666666666666668
BJ Hodge,501200,21.0
BJ Hodge,501207,34.0
BJ Hodge,501210,25.666666666666668
BJ Hodge,501215,23.0
BJ Hodge,501219,10.666666666666666
BJ Hodge,501225,9.666666666666666
BJ Hodge,501229,3.3333333333333335
BJ Hodge,501233,11.666666666666666
BJ Hodge,501238,17.0
BJ Hodge,501242,28.666666666666668
BJ Hodge,501247,21.333333333333332
BJ Hodge,501254,14.666666666666666
BJ Hodge,501258,14.0
BJ Hodge,501261,29.333333333333332
BJ Hodge,548309,35.0
BJ Hodge,548312,38.666666666666664
BJ Hodge,548320,25.666666666666668
BJ Hodge,548324,19.0
BJ Hodge,548326,20.333333333333332
BJ Hodge,548332,17.333333333333332
BJ Hodge,548336,20.333333333333332
BJ Hodge,548345,11.666666666666666
BJ Hodge,548349,11.0
BJ Hodge,548354,19.666666666666668
BJ Hodge,548361,23.333333333333332
BJ Hodge,548365,27.666666666666668
BJ Hodge,598001,17.333333333333332
BJ Hodge,598005,21.666666666666668
BJ Hodge,598009,24.333333333333332
BJ Hodge,598014,27.666666666666668
BJ Hodge,598019,21.333333333333332
BJ Hodge,598023,18.333333333333332
BJ Hodge,598026,16.333333333333332
BJ Hodge,598036,18.0
BJ Hodge,598047,15.0
BJ Hodge,598058,12.0
BJ Hodge,598063,14.333333333333334
BJ Hodge,598065,15.666666666666666
BJ Hodge,598071,33.666666666666664
BJ Hodge,598072,27.0
BJ Hodge,729285,24.666666666666668
BJ Hodge,734017,20.0
BJ Hodge,734033,24.0
BJ Hodge,734041,33.333333333333336
BJ Rohrer,598017,14.0
BJ Rohrer,598028,31.5
BJ Rohrer,598035,25.333333333333332
BJ Rohrer,598040,24.0
BJ Rohrer,598049,29.0
BJ Rohrer,598054,35.333333333333336
BJ Rohrer,598062,33.333333333333336
BJ Rohrer,598067,14.333333333333334
BMAJ Mendis,598006,0.0
BMAJ Mendis,598020,6.0
BMAJ Mendis,598044,7.666666666666667
BR Dunk,729317,20.0
BR Dunk,733973,12.5
BR Dunk,733983,13.333333333333334
Basil Thampi,1082596,13.0
Basil Thampi,1082610,6.5
Basil Thampi,1082616,8.0
Basil Thampi,1082625,4.333333333333333
Basil Thampi,1082629,5.0
Basil Thampi,1136583,2.3333333333333335
Basil Thampi,1181766,2.0
Bipul Sharma,419117,8.0
Bipul Sharma,419143,4.5
Bipul Sharma,501234,8.333333333333334
Bipul Sharma,501237,6.0
Bipul Sharma,501251,7.666666666666667
Bipul Sharma,548309,8.333333333333334
Bipul Sharma,548313,19.666666666666668
Bipul Sharma,548323,21.666666666666668
Bipul Sharma,548343,18.0
Bipul Sharma,829781,6.666666666666667
Bipul Sharma,980943,4.333333333333333
Bipul Sharma,981015,6.666666666666667
Bipul Sharma,981017,15.333333333333334
Bipul Sharma,981019,15.333333333333334
Bipul Sharma,1082604,17.666666666666668
Bipul Sharma,1082634,11.333333333333334
Bipul Sharma,1082648,10.333333333333334
C Green,1359479,5.0
C Green,1359486,8.5
C Green,1359490,11.333333333333334
C Green,1359496,10.0
C Green,1359499,27.333333333333332
C Green,1359505,44.0
C Green,1359509,54.666666666666664
C Green,1359516,48.0
C Green,1359520,33.333333333333336
C Green,1359523,24.333333333333332
C Green,1359528,10.333333333333334
C Green,1359531,3.6666666666666665
C Green,1359537,3.0
C Green,1359543,35.666666666666664
C Green,1370351,48.333333333333336
C Green,1370352,57.0
C Madan,419152,15.0
C Munro,980909,4.0
C Munro,981009,7.0
C Munro,981015,10.0
C Munro,1136562,10.0
C Munro,1136586,17.666666666666668
C Munro,1136590,21.0
C Munro,1136592,19.666666666666668
C Munro,1178405,22.0
C Munro,1178409,14.333333333333334
C Munro,1181766,19.0
C Munro,1181767,14.666666666666666
C Nanda,392225,0.0
C Sakariya,1254073,0.0
C Sakariya,1254093,3.0
C Sakariya,1254103,2.6666666666666665
C Sakariya,1254106,3.0
C Sakariya,1254111,3.3333333333333335
C Sakariya,1359477,4.0
C Sakariya,1359541,3.6666666666666665
C de Grandhomme,1082604,0.0
C de Grandhomme,1082608,0.5
C de Grandhomme,1082617,0.3333333333333333
C de Grandhomme,1082627,6.333333333333333
C de Grandhomme,1082631,18.0
C de Grandhomme,1082636,28.333333333333332
C de Grandhomme,1082639,26.0
C de Grandhomme,1082644,23.666666666666668
C de Grandhomme,1082649,13.333333333333334
C de Grandhomme,1136584,13.333333333333334
C de Grandhomme,1136589,7.333333333333333
C de Grandhomme,1136591,15.0
C de Grandhomme,1136595,14.0
C de Grandhomme,1136599,21.333333333333332
C de Grandhomme,1136605,14.666666666666666
C de Grandhomme,1136611,25.333333333333332
C de Grandhomme,1136613,15.0
C de Grandhomme,1175356,15.333333333333334
C de Grandhomme,1175362,2.6666666666666665
C de Grandhomme,1175366,14.333333333333334
C de Grandhomme,1178429,14.0
CA Ingram,501246,1.0
CA Ingram,501253,4.0
CA Ingram,501265,7.0
CA Ingram,1175358,22.333333333333332
CA Ingram,1175360,20.666666666666668
CA Ingram,1175365,19.666666666666668
CA Ingram,1175368,16.666666666666668
CA Ingram,1175371,17.666666666666668
CA Ingram,1178395,21.666666666666668
CA Ingram,1178401,13.666666666666666
CA Ingram,1178412,18.333333333333332
CA Ingram,1178415,12.0
CA Ingram,1178421,11.0
CA Ingram,1178425,5.0
CA Ingram,1178428,8.0
CA Lynn,548373,6.0
CA Lynn,729299,25.5
CA Lynn,729307,21.333333333333332
CA Lynn,980947,22.666666666666668
CA Lynn,980959,12.666666666666666
CA Lynn,1082593,39.333333333333336
CA Lynn,1082597,46.666666666666664
CA Lynn,1082636,58.333333333333336
CA Lynn,1082639,55.333333333333336
CA Lynn,1082644,53.333333333333336
CA Lynn,1082648,38.666666666666664
CA Lynn,1082649,12.0
CA Lynn,1136563,5.0
CA Lynn,1136565,10.333333333333334
CA Lynn,1136570,25.333333333333332
CA Lynn,1136573,34.0
CA Lynn,1136575,26.666666666666668
CA Lynn,1136578,35.0
CA Lynn,1136586,26.333333333333332
CA Lynn,1136589,47.0
CA Lynn,1136593,26.333333333333332
CA Lynn,1136597,30.333333333333332
CA Lynn,1136601,16.666666666666668
CA Lynn,1136604,21.666666666666668
CA Lynn,1136609,31.0
CA Lynn,1136614,42.333333333333336
CA Lynn,1136618,39.333333333333336
CA Lynn,1136619,40.333333333333336
CA Lynn,1175357,24.333333333333332
CA Lynn,1175361,21.666666666666668
CA Lynn,1175365,12.333333333333334
CA Lynn,1175372,24.333333333333332
CA Lynn,1178396,37.666666666666664
CA Lynn,1178398,31.0
CA Lynn,1178404,44.0
CA Lynn,1178410,27.666666666666668
CA Lynn,1178413,44.666666666666664
CA Lynn,1178418,17.333333333333332
CA Lynn,1178422,35.0
CA Lynn,1178427,33.333333333333336
CA Lynn,1178431,47.0
CA Lynn,1254058,45.333333333333336
CA Pujara,419106,10.0
CA Pujara,419109,7.5
CA Pujara,419118,14.666666666666666
CA Pujara,419135,17.0
CA Pujara,419148,20.666666666666668
CA Pujara,419158,26.0
CA Pujara,501208,28.666666666666668
CA Pujara,501211,24.0
CA Pujara,501227,11.333333333333334
CA Pujara,548310,6.666666666666667
CA Pujara,548315,8.0
CA Pujara,548318,5.666666666666667
CA Pujara,598045,8.333333333333334
CA Pujara,598054,12.0
CA Pujara,598057,13.666666666666666
CA Pujara,598064,24.333333333333332
CA Pujara,729283,23.0
CA Pujara,729291,34.666666666666664
CA Pujara,729295,29.333333333333332
CA Pujara,729307,27.666666666666668
CA Pujara,729313,17.666666666666668
CA Pujara,733973,12.333333333333334
CH Gayle,392184,10.0
CH Gayle,392186,27.0
CH Gayle,392190,36.0
CH Gayle,392197,36.666666666666664
CH Gayle,392199,35.333333333333336
CH Gayle,392203,19.666666666666668
CH Gayle,392207,21.333333333333332
CH Gayle,419122,33.0
CH Gayle,419127,35.333333333333336
CH Gayle,419131,39.666666666666664
CH Gayle,419135,16.0
CH Gayle,419139,40.666666666666664
CH Gayle,419144,44.0
CH Gayle,419148,54.0
CH Gayle,419153,27.0
CH Gayle,419158,13.666666666666666
CH Gayle,501222,36.333333333333336
CH Gayle,501227,42.666666666666664
CH Gayle,501232,59.0
CH Gayle,501244,60.666666666666664
CH Gayle,501247,66.66666666666667
CH Gayle,501252,73.66666666666667
CH Gayle,501255,50.666666666666664
CH Gayle,501260,36.0
CH Gayle,501266,37.666666666666664
CH Gayle,501268,27.666666666666668
CH Gayle,501270,57.333333333333336
CH Gayle,501271,32.333333333333336
CH Gayle,548315,30.333333333333332
CH Gayle,548318,23.333333333333332
CH Gayle,548324,26.0
CH Gayle,548327,52.333333333333336
CH Gayle,548331,58.666666666666664
CH Gayle,548336,57.333333333333336
CH Gayle,548344,59.0
CH Gayle,548350,53.666666666666664
CH Gayle,548356,61.0
CH Gayle,548360,59.666666666666664
CH Gayle,548362,55.0
CH Gayle,548367,48.333333333333336
CH Gayle,548372,63.666666666666664
CH Gayle,548376,53.666666666666664
CH Gayle,597999,82.33333333333333
CH Gayle,598004,43.333333333333336
CH Gayle,598008,62.666666666666664
CH Gayle,598012,33.333333333333336
CH Gayle,598017,34.666666666666664
CH Gayle,598023,22.666666666666668
CH Gayle,598027,79.66666666666667
CH Gayle,598033,80.66666666666667
CH Gayle,598036,75.66666666666667
CH Gayle,598042,24.333333333333332
CH Gayle,598045,44.0
CH Gayle,598048,37.0
CH Gayle,598054,31.333333333333332
CH Gayle,598057,16.666666666666668
CH Gayle,598064,32.666666666666664
CH Gayle,598068,40.666666666666664
CH Gayle,729313,36.333333333333336
CH Gayle,733977,25.0
CH Gayle,733983,28.333333333333332
CH Gayle,733991,23.0
CH Gayle,733999,20.333333333333332
CH Gayle,734005,15.0
CH Gayle,734013,29.0
CH Gayle,734021,27.333333333333332
CH Gayle,734027,22.0
CH Gayle,829713,38.666666666666664
CH Gayle,829719,41.0
CH Gayle,829737,42.333333333333336
CH Gayle,829749,17.0
CH Gayle,829757,30.666666666666668
CH Gayle,829763,30.666666666666668
CH Gayle,829771,31.0
CH Gayle,829785,49.333333333333336
CH Gayle,829795,50.333333333333336
CH Gayle,829803,49.0
CH Gayle,829807,21.666666666666668
CH Gayle,829813,17.666666666666668
CH Gayle,829819,21.0
CH Gayle,829821,23.0
CH Gayle,980907,23.0
CH Gayle,980921,14.0
CH Gayle,980959,2.6666666666666665
CH Gayle,980981,4.0
CH Gayle,980987,6.0
CH Gayle,980995,20.0
CH Gayle,980999,42.666666666666664
CH Gayle,981011,41.0
CH Gayle,981013,27.666666666666668
CH Gayle,981019,28.666666666666668
CH Gayle,1082591,39.0
CH Gayle,1082595,38.0
CH Gayle,1082602,20.0
CH Gayle,1082610,35.0
CH Gayle,1082617,35.333333333333336
CH Gayle,1082621,30.666666666666668
CH Gayle,1082633,5.0
CH Gayle,1082636,2.6666666666666665
CH Gayle,1082646,16.0
CH Gayle,1136572,37.0
CH Gayle,1136576,71.66666666666667
CH Gayle,1136578,76.33333333333333
CH Gayle,1136585,63.0
CH Gayle,1136594,45.0
CH Gayle,1136598,27.0
CH Gayle,1136600,19.666666666666668
CH Gayle,1136604,10.0
CH Gayle,1136608,13.333333333333334
CH Gayle,1136610,19.0
CH Gayle,1136616,12.0
CH Gayle,1175359,32.333333333333336
CH Gayle,1175361,33.0
CH Gayle,1175364,46.333333333333336
CH Gayle,1178393,21.666666666666668
CH Gayle,1178397,20.333333333333332
CH Gayle,1178399,28.0
CH Gayle,1178403,59.333333333333336
CH Gayle,1178407,64.0
CH Gayle,1178412,66.0
CH Gayle,1178417,40.666666666666664
CH Gayle,1178423,32.0
CH Gayle,1178427,13.666666666666666
CH Gayle,1178430,15.333333333333334
CH Gayle,1216498,20.666666666666668
CH Gayle,1216506,20.0
CH Gayle,1216517,21.0
CH Gayle,1216520,31.333333333333332
CH Gayle,1216531,45.0
CH Gayle,1216537,67.66666666666667
CH Gayle,1216546,60.333333333333336
CH Gayle,1254061,56.0
CH Gayle,1254065,26.333333333333332
CH Gayle,1254068,20.333333333333332
CH Gayle,1254071,12.0
CH Gayle,1254074,23.0
CH Gayle,1254078,19.333333333333332
CH Gayle,1254083,29.666666666666668
CH Gayle,1254086,19.666666666666668
CH Gayle,1254099,20.0
CH Gayle,1254107,9.333333333333334
CH Morris,598012,7.0
CH Morris,598015,6.0
CH Morris,598026,4.333333333333333
CH Morris,598030,2.0
CH Morris,598046,0.6666666666666666
CH Morris,598073,0.3333333333333333
CH Morris,829709,2.3333333333333335
CH Morris,829715,6.333333333333333
CH Morris,829749,7.333333333333333
CH Morris,829787,16.666666666666668
CH Morris,829797,17.666666666666668
CH Morris,829811,18.0
CH Morris,829819,6.666666666666667
CH Morris,980903,5.0
CH Morris,980945,31.0
CH Morris,980951,31.0
CH Morris,980971,33.0
CH Morris,980993,12.333333333333334
CH Morris,980997,25.0
CH Morris,981011,28.333333333333332
CH Morris,1082595,23.0
CH Morris,1082599,23.0
CH Morris,1082605,19.333333333333332
CH Morris,1082608,23.333333333333332
CH Morris,1082614,28.0
CH Morris,1082622,26.333333333333332
CH Morris,1082626,21.666666666666668
CH Morris,1082630,9.333333333333334
CH Morris,1136562,14.666666666666666
CH Morris,1136566,19.666666666666668
CH Morris,1136573,15.333333333333334
CH Morris,1175368,6.333333333333333
CH Morris,1175371,6.333333333333333
CH Morris,1178395,5.666666666666667
CH Morris,1178405,7.0
CH Morris,1178409,5.0
CH Morris,1178425,5.0
CH Morris,1216499,5.0
CH Morris,1216502,2.3333333333333335
CH Morris,1216505,2.3333333333333335
CH Morris,1216531,9.333333333333334
CH Morris,1216544,9.0
CH Morris,1254061,9.666666666666666
CH Morris,1254064,13.333333333333334
CH Morris,1254069,12.666666666666666
CH Morris,1254073,15.333333333333334
CH Morris,1254103,8.0
CH Morris,1254106,8.0
CH Morris,1254111,6.333333333333333
CJ Anderson,729279,2.0
CJ Anderson,729287,10.0
CJ Anderson,729303,19.666666666666668
CJ Anderson,729309,23.333333333333332
CJ Anderson,729317,17.666666666666668
CJ Anderson,733973,16.333333333333332
CJ Anderson,733983,14.0
CJ Anderson,733995,19.666666666666668
CJ Anderson,734009,14.0
CJ Anderson,734041,43.666666666666664
CJ Anderson,734045,44.333333333333336
CJ Anderson,829705,56.666666666666664
CJ Anderson,829717,26.666666666666668
CJ Anderson,829721,36.666666666666664
CJ Anderson,829729,19.666666666666668
CJ Anderson,1082599,18.666666666666668
CJ Anderson,1082605,15.0
CJ Anderson,1082614,13.666666666666666
CJ Anderson,1082622,13.666666666666666
CJ Anderson,1082626,6.666666666666667
CJ Anderson,1082630,20.333333333333332
CJ Anderson,1082632,25.666666666666668
CJ Anderson,1082635,23.0
CJ Anderson,1082640,11.333333333333334
CJ Anderson,1082642,6.333333333333333
CJ Anderson,1082646,4.0
CJ Anderson,1136574,2.0
CJ Anderson,1136579,6.0
CJ Anderson,1136584,5.666666666666667
CJ Ferguson,501248,6.0
CJ Ferguson,501250,10.5
CJ Ferguson,501259,10.666666666666666
CJ Ferguson,501262,14.0
CJ Ferguson,548308,13.0
CJ Ferguson,548313,10.333333333333334
CJ Ferguson,548365,12.666666666666666
CJ Ferguson,548375,12.666666666666666
CJ Jordan,981019,3.0
CJ Jordan,1082648,1.5
CJ Jordan,1216493,2.6666666666666665
CJ Jordan,1216498,4.0
CJ Jordan,1216506,5.333333333333333
CJ Jordan,1216517,8.0
CJ Jordan,1254078,15.666666666666666
CJ Jordan,1254086,15.0
CJ Jordan,1304057,12.333333333333334
CJ Jordan,1304063,4.333333333333333
CJ Jordan,1370351,5.0
CJ Jordan,1370352,4.0
CJ McKay,548325,8.0
CK Kapugedera,336009,8.0
CK Kapugedera,336018,4.0
CK Kapugedera,336040,5.333333333333333
CK Langeveldt,419131,0.0
CK Langeveldt,501260,4.0
CL White,335982,6.0
CL White,336002,18.5
CL White,336006,12.333333333333334
CL White,336010,20.333333333333332
CL White,336012,18.666666666666668
CL White,336016,22.0
CL White,336023,15.333333333333334
CL White,336026,7.0
CL White,419133,10.666666666666666
CL White,419136,9.333333333333334
CL White,419140,10.333333333333334
CL White,419145,7.666666666666667
CL White,419151,7.0
CL White,501216,16.0
CL White,501224,12.0
CL White,501229,21.0
CL White,501236,15.0
CL White,501239,19.0
CL White,501264,13.666666666666666
CL White,548311,17.0
CL White,548314,22.666666666666668
CL White,548329,39.333333333333336
CL White,548335,35.0
CL White,548341,51.0
CL White,548346,29.333333333333332
CL White,548348,50.666666666666664
CL White,548352,50.333333333333336
CL White,548356,65.33333333333333
CL White,548359,43.333333333333336
CL White,548366,40.0
CL White,548373,25.333333333333332
CL White,548376,23.0
CL White,598000,4.0
CL White,598004,11.0
CL White,598010,12.0
CL White,598013,20.0
CL White,598018,12.666666666666666
CL White,598021,16.666666666666668
CL White,598030,6.0
CL White,598048,23.333333333333332
CL White,598056,21.333333333333332
CL White,598060,35.0
CL White,598065,17.666666666666668
CL White,598069,15.0
CL White,598071,11.0
CM Gautam,598028,12.0
CM Gautam,598049,7.0
CM Gautam,598067,14.666666666666666
CM Gautam,729279,13.0
CM Gautam,729303,14.666666666666666
CM Gautam,729309,12.0
CM Gautam,729317,11.0
CM Gautam,733973,19.666666666666668
CM Gautam,733983,22.333333333333332
CM Gautam,733995,24.0
CM Gautam,734001,13.333333333333334
CM Gautam,734009,6.0
CM Gautam,829707,4.333333333333333
CR Brathwaite,980903,6.0
CR Brathwaite,980951,20.0
CR Brathwaite,980965,20.0
CR Brathwaite,980971,22.0
CR Brathwaite,981003,14.0
CR Brathwaite,981011,7.666666666666667
CR Brathwaite,1082595,4.0
CR Brathwaite,1082640,4.333333333333333
CR Brathwaite,1136614,5.0
CR Brathwaite,1136617,19.0
CR Brathwaite,1136619,18.0
CR Brathwaite,1136620,24.0
CR Brathwaite,1178401,11.666666666666666
CR Brathwaite,1178418,10.666666666666666
CR Woakes,1082597,9.0
CR Woakes,1082604,5.0
CR Woakes,1082608,4.333333333333333
CR Woakes,1082617,7.333333333333333
CR Woakes,1082627,9.0
CR Woakes,1082631,8.333333333333334
CR Woakes,1082639,5.0
CR Woakes,1136563,4.666666666666667
CR Woakes,1136568,4.666666666666667
CR Woakes,1136571,2.0
CR Woakes,1136574,4.0
CR Woakes,1254064,8.666666666666666
CRD Fernando,336028,2.0
CRD Fernando,419165,2.0
CV Varun,1216501,1.0
CV Varun,1216520,1.5
CV Varun,1216540,3.3333333333333335
CV Varun,1254067,3.6666666666666665
CV Varun,1254072,3.0
CV Varun,1304052,4.0
CV Varun,1304065,3.6666666666666665
CV Varun,1304076,4.0
CV Varun,1359502,1.0
CV Varun,1359507,0.6666666666666666
D Brevis,1304060,29.0
D Brevis,1304064,18.5
D Brevis,1304069,28.666666666666668
D Brevis,1304072,29.333333333333332
D Brevis,1304079,28.0
D Brevis,1304083,12.666666666666666
D Brevis,1304115,14.666666666666666
D Kalyankrishna,335999,3.0
D Padikkal,1216494,25.0
D Padikkal,1216499,49.5
D Padikkal,1216502,34.666666666666664
D Padikkal,1216505,43.0
D Padikkal,1216510,18.666666666666668
D Padikkal,1216514,38.0
D Padikkal,1216519,22.666666666666668
D Padikkal,1216522,34.0
D Padikkal,1216525,24.0
D Padikkal,1216531,28.666666666666668
D Padikkal,1216534,35.666666666666664
D Padikkal,1216540,35.333333333333336
D Padikkal,1216544,36.666666666666664
D Padikkal,1216547,36.0
D Padikkal,1237178,25.666666666666668
D Padikkal,1254063,22.0
D Padikkal,1254067,12.333333333333334
D Padikkal,1254073,45.666666666666664
D Padikkal,1254076,53.333333333333336
D Padikkal,1254079,50.666666666666664
D Padikkal,1254083,19.333333333333332
D Padikkal,1254087,15.333333333333334
D Padikkal,1254090,23.0
D Padikkal,1254095,34.333333333333336
D Padikkal,1254101,27.0
D Padikkal,1254103,21.0
D Padikkal,1254108,7.333333333333333
D Padikkal,1254113,30.666666666666668
D Padikkal,1254115,30.333333333333332
D Padikkal,1304051,44.0
D Padikkal,1304055,23.0
D Padikkal,1304059,28.333333333333332
D Padikkal,1304066,24.333333333333332
D Padikkal,1304070,22.0
D Padikkal,1304076,17.666666666666668
D Padikkal,1304080,26.0
D Padikkal,1304085,28.333333333333332
D Padikkal,1304090,25.333333333333332
D Padikkal,1304093,8.0
D Padikkal,1304098,16.0
D Padikkal,1304104,27.0
D Padikkal,1304109,39.333333333333336
D Padikkal,1304114,30.0
D Padikkal,1312197,23.333333333333332
D Padikkal,1312199,13.333333333333334
D Padikkal,1312200,13.0
D Padikkal,1359478,4.333333333333333
D Padikkal,1359482,8.333333333333334
D Padikkal,1359491,20.333333333333332
D Padikkal,1359497,28.333333333333332
D Padikkal,1359500,30.0
D Padikkal,1359506,34.666666666666664
D Padikkal,1359511,35.0
D Padikkal,1359516,27.0
D Padikkal,1359522,13.666666666666666
D Padikkal,1359534,6.0
D Padikkal,1359540,22.333333333333332
D Pretorius,1304053,0.0
D Pretorius,1304057,4.0
D Pretorius,1304079,10.0
D Pretorius,1304084,10.333333333333334
D Pretorius,1304095,12.0
D Salunkhe,335984,26.0
D Salunkhe,335990,13.5
D Salunkhe,336019,11.0
D Wiese,829737,47.0
D Wiese,829745,34.5
D Wiese,829763,26.666666666666668
D Wiese,829771,14.0
D Wiese,829779,12.333333333333334
D Wiese,829803,10.0
D Wiese,829821,11.0
D Wiese,980921,7.0
D Wiese,1359507,6.0
D Wiese,1359510,6.0
D Wiese,1359513,7.0
D du Preez,392213,10.0
DA Miller,548331,8.0
DA Miller,548334,6.5
DA Miller,548339,15.666666666666666
DA Miller,548343,19.333333333333332
DA Miller,548359,27.0
DA Miller,548369,17.0
DA Miller,598016,17.333333333333332
DA Miller,598025,34.666666666666664
DA Miller,598028,48.0
DA Miller,598031,44.666666666666664
DA Miller,598037,36.666666666666664
DA Miller,598041,39.0
DA Miller,598045,36.333333333333336
DA Miller,598052,20.333333333333332
DA Miller,598056,5.333333333333333
DA Miller,598059,16.0
DA Miller,598064,47.0
DA Miller,598066,47.0
DA Miller,729283,53.666666666666664
DA Miller,729291,37.0
DA Miller,729295,38.333333333333336
DA Miller,729307,25.0
DA Miller,729313,16.666666666666668
DA Miller,733973,18.666666666666668
DA Miller,733987,29.666666666666668
DA Miller,733991,43.0
DA Miller,733997,42.0
DA Miller,734007,34.333333333333336
DA Miller,734019,13.0
DA Miller,734033,18.333333333333332
DA Miller,734039,26.0
DA Miller,734043,28.0
DA Miller,734047,31.0
DA Miller,734049,15.666666666666666
DA Miller,829709,20.666666666666668
DA Miller,829717,16.0
DA Miller,829725,17.333333333333332
DA Miller,829741,27.666666666666668
DA Miller,829753,20.666666666666668
DA Miller,829759,24.0
DA Miller,829767,20.0
DA Miller,829775,33.333333333333336
DA Miller,829785,30.666666666666668
DA Miller,829791,25.666666666666668
DA Miller,829799,41.0
DA Miller,829803,43.333333333333336
DA Miller,829809,38.0
DA Miller,980905,13.333333333333334
DA Miller,980913,11.666666666666666
DA Miller,980919,10.333333333333334
DA Miller,980925,7.333333333333333
DA Miller,980935,7.333333333333333
DA Miller,980941,15.0
DA Miller,980955,23.333333333333332
DA Miller,980963,24.666666666666668
DA Miller,980971,18.333333333333332
DA Miller,980977,8.0
DA Miller,980991,10.333333333333334
DA Miller,980999,7.666666666666667
DA Miller,981005,10.0
DA Miller,1082594,13.333333333333334
DA Miller,1082601,21.666666666666668
DA Miller,1082605,27.333333333333332
DA Miller,1082609,17.666666666666668
DA Miller,1136562,16.333333333333332
DA Miller,1136582,17.0
DA Miller,1136616,24.666666666666668
DA Miller,1175361,36.333333333333336
DA Miller,1175364,32.666666666666664
DA Miller,1175368,39.0
DA Miller,1178393,21.333333333333332
DA Miller,1178397,16.666666666666668
DA Miller,1178399,4.666666666666667
DA Miller,1178407,16.0
DA Miller,1178412,18.0
DA Miller,1178417,23.666666666666668
DA Miller,1178423,14.0
DA Miller,1254064,32.333333333333336
DA Miller,1254069,25.0
DA Miller,1254073,21.333333333333332
DA Miller,1254075,8.666666666666666
DA Miller,1254081,10.333333333333334
DA Miller,1254085,12.666666666666666
DA Miller,1254093,9.666666666666666
DA Miller,1254097,9.666666666666666
DA Miller,1304050,17.333333333333332
DA Miller,1304056,19.0
DA Miller,1304062,18.666666666666668
DA Miller,1304067,12.666666666666666
DA Miller,1304070,16.333333333333332
DA Miller,1304075,45.666666666666664
DA Miller,1304081,50.666666666666664
DA Miller,1304086,46.0
DA Miller,1304089,27.666666666666668
DA Miller,1304094,22.333333333333332
DA Miller,1304097,23.0
DA Miller,1304103,18.666666666666668
DA Miller,1304108,20.0
DA Miller,1304113,25.0
DA Miller,1312197,39.0
DA Miller,1312200,44.666666666666664
DA Miller,1359481,43.666666666666664
DA Miller,1359487,21.666666666666668
DA Miller,1359492,16.666666666666668
DA Miller,1359497,21.666666666666668
DA Miller,1359504,23.0
DA Miller,1359509,32.666666666666664
DA Miller,1359513,28.0
DA Miller,1359518,26.0
DA Miller,1359525,17.666666666666668
DA Miller,1359531,20.666666666666668
DA Miller,1359536,23.0
DA Miller,1359544,18.0
DA Miller,1370350,5.666666666666667
DA Warner,392206,51.0
DA Warner,392211,43.5
DA Warner,392215,36.0
DA Warner,392219,31.0
DA Warner,392223,20.333333333333332
DA Warner,392235,18.333333333333332
DA Warner,392237,6.333333333333333
DA Warner,419116,7.0
DA Warner,419120,21.0
DA Warner,419128,32.0
DA Warner,419131,65.66666666666667
DA Warner,419134,48.0
DA Warner,419140,48.0
DA Warner,419144,12.333333333333334
DA Warner,419149,13.0
DA Warner,419152,12.333333333333334
DA Warner,419155,12.333333333333334
DA Warner,419160,12.0
DA Warner,501201,2.0
DA Warner,501204,20.0
DA Warner,501213,33.666666666666664
DA Warner,501216,50.333333333333336
DA Warner,501223,58.0
DA Warner,501227,45.0
DA Warner,501230,28.666666666666668
DA Warner,501233,4.0
DA Warner,501238,6.0
DA Warner,501246,5.666666666666667
DA Warner,501253,11.666666666666666
DA Warner,501257,17.0
DA Warner,501265,23.0
DA Warner,548329,52.333333333333336
DA Warner,548357,49.666666666666664
DA Warner,548364,46.0
DA Warner,548369,14.333333333333334
DA Warner,548372,12.333333333333334
DA Warner,548374,36.0
DA Warner,548378,33.666666666666664
DA Warner,548380,29.666666666666668
DA Warner,597998,10.333333333333334
DA Warner,598001,33.666666666666664
DA Warner,598006,53.0
DA Warner,598010,46.0
DA Warner,598017,25.333333333333332
DA Warner,598020,5.333333333333333
DA Warner,598024,7.666666666666667
DA Warner,598028,2.6666666666666665
DA Warner,598035,19.333333333333332
DA Warner,598040,39.0
DA Warner,598044,41.666666666666664
DA Warner,598049,29.0
DA Warner,598054,8.333333333333334
DA Warner,598059,19.0
DA Warner,598062,29.333333333333332
DA Warner,598067,28.666666666666668
DA Warner,729285,26.0
DA Warner,729295,14.0
DA Warner,729301,32.666666666666664
DA Warner,729311,22.0
DA Warner,729317,41.0
DA Warner,733977,42.0
DA Warner,733989,44.0
DA Warner,733993,26.333333333333332
DA Warner,734001,24.333333333333332
DA Warner,734007,37.0
DA Warner,734015,44.333333333333336
DA Warner,734021,45.666666666666664
DA Warner,734029,61.0
DA Warner,734037,51.0
DA Warner,829711,49.0
DA Warner,829719,38.0
DA Warner,829727,43.666666666666664
DA Warner,829731,35.333333333333336
DA Warner,829743,46.666666666666664
DA Warner,829751,42.666666666666664
DA Warner,829759,52.666666666666664
DA Warner,829773,42.666666666666664
DA Warner,829781,41.0
DA Warner,829787,29.666666666666668
DA Warner,829793,15.0
DA Warner,829799,40.666666666666664
DA Warner,829807,50.0
DA Warner,829815,46.333333333333336
DA Warner,980907,38.666666666666664
DA Warner,980915,25.666666666666668
DA Warner,980923,53.666666666666664
DA Warner,980929,59.0
DA Warner,980935,74.33333333333333
DA Warner,980943,44.333333333333336
DA Warner,980953,50.333333333333336
DA Warner,980967,38.666666666666664
DA Warner,980973,54.666666666666664
DA Warner,980979,27.666666666666668
DA Warner,980983,35.0
DA Warner,980991,36.333333333333336
DA Warner,981003,57.0
DA Warner,981009,47.666666666666664
DA Warner,981015,39.666666666666664
DA Warner,981017,46.333333333333336
DA Warner,981019,63.333333333333336
DA Warner,1082591,58.666666666666664
DA Warner,1082596,53.0
DA Warner,1082600,46.333333333333336
DA Warner,1082604,50.333333333333336
DA Warner,1082609,48.333333333333336
DA Warner,1082611,33.333333333333336
DA Warner,1082615,39.0
DA Warner,1082623,32.666666666666664
DA Warner,1082627,73.33333333333333
DA Warner,1082630,69.0
DA Warner,1082634,65.33333333333333
DA Warner,1082638,25.333333333333332
DA Warner,1082643,38.333333333333336
DA Warner,1082648,37.333333333333336
DA Warner,1175357,63.666666666666664
DA Warner,1175363,63.666666666666664
DA Warner,1175366,84.66666666666667
DA Warner,1175371,59.666666666666664
DA Warner,1178394,41.666666666666664
DA Warner,1178397,31.666666666666668
DA Warner,1178405,45.333333333333336
DA Warner,1178408,57.0
DA Warner,1178413,56.0
DA Warner,1178416,58.0
DA Warner,1178420,53.666666666666664
DA Warner,1178423,58.333333333333336
DA Warner,1216495,67.66666666666667
DA Warner,1216498,67.0
DA Warner,1216502,42.666666666666664
DA Warner,1216507,30.333333333333332
DA Warner,1216512,34.333333333333336
DA Warner,1216516,41.0
DA Warner,1216518,26.333333333333332
DA Warner,1216524,32.666666666666664
DA Warner,1216528,26.333333333333332
DA Warner,1216532,40.0
DA Warner,1216534,20.0
DA Warner,1216538,37.0
DA Warner,1216542,39.333333333333336
DA Warner,1216545,49.333333333333336
DA Warner,1237178,35.0
DA Warner,1237180,18.333333333333332
DA Warner,1254060,7.333333333333333
DA Warner,1254063,19.666666666666668
DA Warner,1254066,31.0
DA Warner,1254071,42.333333333333336
DA Warner,1254077,27.0
DA Warner,1254080,34.0
DA Warner,1254105,21.666666666666668
DA Warner,1254107,19.666666666666668
DA Warner,1304061,2.0
DA Warner,1304065,22.333333333333332
DA Warner,1304073,43.666666666666664
DA Warner,1304078,62.333333333333336
DA Warner,1304080,51.333333333333336
DA Warner,1304087,43.333333333333336
DA Warner,1304091,24.333333333333332
DA Warner,1304096,45.666666666666664
DA Warner,1304101,38.0
DA Warner,1304104,54.333333333333336
DA Warner,1304110,23.666666666666668
DA Warner,1304115,19.0
DA Warner,1359477,20.333333333333332
DA Warner,1359481,32.666666666666664
DA Warner,1359485,52.666666666666664
DA Warner,1359490,51.0
DA Warner,1359494,45.0
DA Warner,1359502,42.333333333333336
DA Warner,1359508,32.333333333333336
DA Warner,1359514,26.0
DA Warner,1359518,7.666666666666667
DA Warner,1359524,8.0
DA Warner,1359529,8.0
DA Warner,1359533,25.333333333333332
DA Warner,1359538,33.333333333333336
DA Warner,1359541,62.0
DAJ Bracewell,548310,12.0
DB Das,335997,29.0
DB Das,336000,20.0
DB Das,336003,15.0
DB Das,336025,14.333333333333334
DB Das,336027,21.0
DB Das,336035,19.333333333333332
DB Das,548307,16.333333333333332
DB Das,548312,10.0
DB Das,548323,21.666666666666668
DB Das,548335,18.666666666666668
DB Das,548347,18.333333333333332
DB Das,548353,11.666666666666666
DB Das,548357,9.0
DB Das,548363,6.666666666666667
DB Das,548368,8.0
DB Das,548370,8.333333333333334
DB Das,598016,7.333333333333333
DB Das,598022,7.333333333333333
DB Das,598029,8.666666666666666
DB Das,598040,14.333333333333334
DB Das,598050,15.666666666666666
DB Das,598061,16.333333333333332
DB Ravi Teja,336002,7.0
DB Ravi Teja,336011,6.5
DB Ravi Teja,336014,7.666666666666667
DB Ravi Teja,336020,8.333333333333334
DB Ravi Teja,336024,18.666666666666668
DB Ravi Teja,336037,28.666666666666668
DB Ravi Teja,392188,28.333333333333332
DB Ravi Teja,392192,19.0
DB Ravi Teja,392212,7.0
DB Ravi Teja,392220,6.666666666666667
DB Ravi Teja,392223,12.666666666666666
DB Ravi Teja,392229,14.666666666666666
DB Ravi Teja,501199,21.666666666666668
DB Ravi Teja,501203,17.333333333333332
DB Ravi Teja,501212,17.333333333333332
DB Ravi Teja,501224,8.333333333333334
DB Ravi Teja,501229,6.333333333333333
DB Ravi Teja,501239,13.0
DB Ravi Teja,501243,13.333333333333334
DB Ravi Teja,501250,20.666666666666668
DB Ravi Teja,501264,30.666666666666668
DB Ravi Teja,548311,30.0
DB Ravi Teja,548314,21.333333333333332
DB Ravi Teja,598000,2.6666666666666665
DB Ravi Teja,598013,6.0
DE Bollinger,419147,2.0
DE Bollinger,419155,9.0
DE Bollinger,501221,6.0
DE Bollinger,548306,6.333333333333333
DG Nalkande,1370350,0.0
DH Yagnik,501220,10.0
DH Yagnik,501240,5.5
DH Yagnik,501249,4.666666666666667
DH Yagnik,501252,2.0
DH Yagnik,548326,4.666666666666667
DH Yagnik,548361,7.0
DH Yagnik,548377,8.333333333333334
DH Yagnik,598005,10.666666666666666
DH Yagnik,598009,11.333333333333334
DH Yagnik,598019,20.666666666666668
DH Yagnik,598023,17.0
DH Yagnik,598026,15.333333333333334
DH Yagnik,598043,7.333333333333333
DH Yagnik,598063,9.0
DH Yagnik,598071,6.666666666666667
DH Yagnik,598072,13.666666666666666
DH Yagnik,734003,11.666666666666666
DJ Bravo,335989,24.0
DJ Bravo,335991,23.5
DJ Bravo,335994,27.0
DJ Bravo,335997,40.333333333333336
DJ Bravo,336004,33.333333333333336
DJ Bravo,336008,22.333333333333332
DJ Bravo,336024,11.0
DJ Bravo,392181,12.0
DJ Bravo,392192,18.666666666666668
DJ Bravo,392197,9.666666666666666
DJ Bravo,392200,13.0
DJ Bravo,392208,22.666666666666668
DJ Bravo,392212,26.0
DJ Bravo,392215,32.666666666666664
DJ Bravo,392222,39.333333333333336
DJ Bravo,392225,35.333333333333336
DJ Bravo,392227,25.333333333333332
DJ Bravo,419114,5.0
DJ Bravo,419119,5.0
DJ Bravo,419125,7.0
DJ Bravo,419130,11.666666666666666
DJ Bravo,419132,14.0
DJ Bravo,419138,11.0
DJ Bravo,419142,4.0
DJ Bravo,419161,3.0
DJ Bravo,501266,4.0
DJ Bravo,501271,5.333333333333333
DJ Bravo,548306,10.0
DJ Bravo,548311,22.666666666666668
DJ Bravo,548316,28.0
DJ Bravo,548318,30.0
DJ Bravo,548322,17.333333333333332
DJ Bravo,548330,14.0
DJ Bravo,548332,11.0
DJ Bravo,548343,19.333333333333332
DJ Bravo,548347,19.333333333333332
DJ Bravo,548352,18.0
DJ Bravo,548355,21.333333333333332
DJ Bravo,548361,20.666666666666668
DJ Bravo,548368,20.333333333333332
DJ Bravo,548371,23.0
DJ Bravo,548379,30.666666666666668
DJ Bravo,548380,38.0
DJ Bravo,598002,25.333333333333332
DJ Bravo,598012,17.0
DJ Bravo,598015,6.333333333333333
DJ Bravo,598020,4.0
DJ Bravo,598022,3.6666666666666665
DJ Bravo,598026,8.333333333333334
DJ Bravo,598030,9.666666666666666
DJ Bravo,598046,10.333333333333334
DJ Bravo,598058,13.0
DJ Bravo,598062,14.666666666666666
DJ Bravo,598068,15.333333333333334
DJ Bravo,598073,12.666666666666666
DJ Bravo,729283,11.333333333333334
DJ Bravo,829707,8.0
DJ Bravo,829723,13.0
DJ Bravo,829729,14.666666666666666
DJ Bravo,829735,35.0
DJ Bravo,829745,26.666666666666668
DJ Bravo,829765,24.0
DJ Bravo,829773,11.666666666666666
DJ Bravo,829779,10.666666666666666
DJ Bravo,829797,14.0
DJ Bravo,829801,8.333333333333334
DJ Bravo,829817,14.333333333333334
DJ Bravo,829821,9.333333333333334
DJ Bravo,829823,9.666666666666666
DJ Bravo,980905,3.6666666666666665
DJ Bravo,980911,11.0
DJ Bravo,980917,8.666666666666666
DJ Bravo,980929,10.666666666666666
DJ Bravo,980937,4.666666666666667
DJ Bravo,980945,6.333333333333333
DJ Bravo,980949,6.0
DJ Bravo,980955,4.666666666666667
DJ Bravo,980967,8.333333333333334
DJ Bravo,980987,6.333333333333333
DJ Bravo,981013,9.0
DJ Bravo,981017,9.666666666666666
DJ Bravo,1136561,32.0
DJ Bravo,1136565,33.0
DJ Bravo,1136572,26.666666666666668
DJ Bravo,1136577,12.0
DJ Bravo,1136584,13.0
DJ Bravo,1136587,12.666666666666666
DJ Bravo,1136595,9.333333333333334
DJ Bravo,1136603,5.0
DJ Bravo,1136612,5.333333333333333
DJ Bravo,1136617,3.0
DJ Bravo,1175360,4.0
DJ Bravo,1175367,12.666666666666666
DJ Bravo,1175370,13.0
DJ Bravo,1178414,13.333333333333334
DJ Bravo,1178419,11.0
DJ Bravo,1178430,8.666666666666666
DJ Bravo,1181767,7.0
DJ Bravo,1181768,5.333333333333333
DJ Bravo,1216525,7.333333333333333
DJ Bravo,1216528,7.333333333333333
DJ Bravo,1254069,9.0
DJ Bravo,1254094,8.0
DJ Bravo,1254104,15.666666666666666
DJ Bravo,1304053,9.333333333333334
DJ Bravo,1304057,8.0
DJ Bravo,1304063,3.0
DJ Bravo,1304079,3.0
DJ Bravo,1304101,3.3333333333333335
DJ Bravo,1304105,4.666666666666667
DJ Harris,548311,15.0
DJ Harris,548329,17.0
DJ Harris,548356,27.0
DJ Harris,548359,32.0
DJ Hooda,829709,30.0
DJ Hooda,829715,42.0
DJ Hooda,829721,32.333333333333336
DJ Hooda,829741,28.666666666666668
DJ Hooda,829749,11.0
DJ Hooda,829769,7.0
DJ Hooda,829787,3.0
DJ Hooda,829797,7.666666666666667
DJ Hooda,829819,11.0
DJ Hooda,980907,10.666666666666666
DJ Hooda,980915,7.666666666666667
DJ Hooda,980923,9.666666666666666
DJ Hooda,980935,9.333333333333334
DJ Hooda,980943,7.666666666666667
DJ Hooda,980953,2.6666666666666665
DJ Hooda,980967,7.0
DJ Hooda,980979,11.333333333333334
DJ Hooda,980983,14.0
DJ Hooda,980991,19.333333333333332
DJ Hooda,981003,15.0
DJ Hooda,981009,12.333333333333334
DJ Hooda,981015,8.0
DJ Hooda,981017,9.0
DJ Hooda,981019,9.333333333333334
DJ Hooda,1082591,7.666666666666667
DJ Hooda,1082600,9.333333333333334
DJ Hooda,1082604,12.666666666666666
DJ Hooda,1082609,11.333333333333334
DJ Hooda,1082611,11.333333333333334
DJ Hooda,1082615,13.333333333333334
DJ Hooda,1136567,20.0
DJ Hooda,1136570,18.666666666666668
DJ Hooda,1136576,14.0
DJ Hooda,1136580,3.6666666666666665
DJ Hooda,1136606,9.0
DJ Hooda,1136611,7.666666666666667
DJ Hooda,1136619,13.666666666666666
DJ Hooda,1136620,7.666666666666667
DJ Hooda,1175371,10.666666666666666
DJ Hooda,1178394,11.0
DJ Hooda,1178397,14.666666666666666
DJ Hooda,1178405,12.333333333333334
DJ Hooda,1178408,10.0
DJ Hooda,1178420,5.333333333333333
DJ Hooda,1181766,5.666666666666667
DJ Hooda,1216498,1.3333333333333333
DJ Hooda,1216506,22.0
DJ Hooda,1216517,28.666666666666668
DJ Hooda,1216537,29.0
DJ Hooda,1216546,13.333333333333334
DJ Hooda,1254061,26.666666666666668
DJ Hooda,1254065,29.666666666666668
DJ Hooda,1254068,32.0
DJ Hooda,1254071,15.0
DJ Hooda,1254078,12.0
DJ Hooda,1254083,6.333333333333333
DJ Hooda,1254086,2.3333333333333335
DJ Hooda,1254099,11.333333333333334
DJ Hooda,1254102,10.666666666666666
DJ Hooda,1254107,14.666666666666666
DJ Hooda,1254111,5.333333333333333
DJ Hooda,1304050,22.666666666666668
DJ Hooda,1304053,22.666666666666668
DJ Hooda,1304058,39.666666666666664
DJ Hooda,1304061,25.0
DJ Hooda,1304066,29.0
DJ Hooda,1304072,17.0
DJ Hooda,1304077,17.666666666666668
DJ Hooda,1304083,12.666666666666666
DJ Hooda,1304088,19.0
DJ Hooda,1304091,32.0
DJ Hooda,1304099,42.333333333333336
DJ Hooda,1304103,40.0
DJ Hooda,1304109,42.333333333333336
DJ Hooda,1312198,43.666666666666664
DJ Hooda,1359477,40.333333333333336
DJ Hooda,1359480,21.333333333333332
DJ Hooda,1359484,8.666666666666666
DJ Hooda,1359489,6.0
DJ Hooda,1359495,6.0
DJ Hooda,1359500,4.333333333333333
DJ Hooda,1359504,2.0
DJ Hooda,1359512,5.0
DJ Hooda,1359517,4.666666666666667
DJ Hooda,1359525,7.666666666666667
DJ Hooda,1359537,5.666666666666667
DJ Hooda,1370351,10.333333333333334
DJ Hussey,335982,12.0
DJ Hussey,335986,25.0
DJ Hussey,335993,16.666666666666668
DJ Hussey,335997,18.333333333333332
DJ Hussey,336000,19.666666666666668
DJ Hussey,336003,43.333333333333336
DJ Hussey,336010,46.333333333333336
DJ Hussey,336014,51.333333333333336
DJ Hussey,336017,38.0
DJ Hussey,336021,30.0
DJ Hussey,336025,11.0
DJ Hussey,336027,4.333333333333333
DJ Hussey,336035,7.666666666666667
DJ Hussey,392221,22.0
DJ Hussey,392228,32.666666666666664
DJ Hussey,392231,29.666666666666668
DJ Hussey,392233,18.333333333333332
DJ Hussey,419127,5.0
DJ Hussey,419131,13.666666666666666
DJ Hussey,419135,21.0
DJ Hussey,419139,23.666666666666668
DJ Hussey,419153,14.0
DJ Hussey,419161,10.333333333333334
DJ Hussey,501223,13.333333333333334
DJ Hussey,501234,18.333333333333332
DJ Hussey,501237,12.0
DJ Hussey,501248,6.666666666666667
DJ Hussey,501251,1.6666666666666667
DJ Hussey,501254,8.333333333333334
DJ Hussey,501257,8.0
DJ Hussey,501260,8.0
DJ Hussey,548309,5.333333333333333
DJ Hussey,548313,10.333333333333334
DJ Hussey,548323,21.0
DJ Hussey,548328,20.0
DJ Hussey,548331,27.666666666666668
DJ Hussey,548334,24.0
DJ Hussey,548339,43.333333333333336
DJ Hussey,548343,32.0
DJ Hussey,548350,40.0
DJ Hussey,548354,20.0
DJ Hussey,548359,23.0
DJ Hussey,548366,29.666666666666668
DJ Hussey,548369,40.333333333333336
DJ Hussey,548371,38.0
DJ Hussey,548374,17.333333333333332
DJ Hussey,598003,6.666666666666667
DJ Hussey,598007,17.333333333333332
DJ Hussey,598014,30.0
DJ Hussey,598016,31.333333333333332
DJ Hussey,598021,25.0
DJ Hussey,598031,18.333333333333332
DJ Hussey,598037,25.666666666666668
DJ Hussey,598041,25.666666666666668
DJ Hussey,598052,19.0
DJ Hussey,598059,14.333333333333334
DJ Hussey,598064,11.333333333333334
DJ Hussey,734013,19.333333333333332
DJ Hussey,734029,29.333333333333332
DJ Hussey,734045,38.333333333333336
DJ Hussey,734047,30.333333333333332
DJ Jacobs,501201,1.0
DJ Jacobs,501205,11.5
DJ Jacobs,501210,11.666666666666666
DJ Jacobs,501224,22.0
DJ Jacobs,501231,19.666666666666668
DJ Jacobs,501237,19.0
DJ Jacobs,548325,8.333333333333334
DJ Malan,1254086,26.0
DJ Mitchell,1304085,16.0
DJ Mitchell,1304090,16.5
DJ Muthuswami,829757,1.0
DJ Thornely,335985,0.0
DJ Thornely,336004,15.0
DJ Thornely,336021,10.333333333333334
DJ Thornely,336024,13.0
DJ Willey,1304052,18.0
DJ Willey,1304059,9.0
DJ Willey,1359483,12.666666666666666
DJ Willey,1359506,8.0
DJ Willey,1359510,11.666666666666666
DJG Sammy,598030,19.0
DJG Sammy,598032,39.5
DJG Sammy,598039,26.666666666666668
DJG Sammy,598044,26.333333333333332
DJG Sammy,598051,8.666666666666666
DJG Sammy,598056,8.333333333333334
DJG Sammy,598065,10.0
DJG Sammy,598069,13.333333333333334
DJG Sammy,598071,23.0
DJG Sammy,729285,17.333333333333332
DJG Sammy,729295,16.666666666666668
DJG Sammy,729311,14.666666666666666
DJG Sammy,729317,16.0
DJG Sammy,733977,13.666666666666666
DJG Sammy,734015,8.333333333333334
DJG Sammy,734021,8.333333333333334
DJG Sammy,734029,5.666666666666667
DJG Sammy,734037,13.0
DJG Sammy,829713,12.0
DJG Sammy,829719,14.0
DJM Short,1136564,4.0
DJM Short,1136566,5.0
DJM Short,1136571,7.0
DJM Short,1136575,20.333333333333332
DJM Short,1136592,33.0
DJM Short,1136598,30.0
DJM Short,1136607,16.666666666666668
DL Chahar,1082599,14.0
DL Chahar,1136561,7.0
DL Chahar,1136612,5.0
DL Chahar,1136616,13.333333333333334
DL Chahar,1136617,16.666666666666668
DL Chahar,1175370,18.666666666666668
DL Chahar,1178419,5.666666666666667
DL Chahar,1216521,2.3333333333333335
DL Chahar,1216525,1.6666666666666667
DL Chahar,1216528,2.3333333333333335
DL Chahar,1254098,2.6666666666666665
DL Chahar,1359529,1.3333333333333333
DL Vettori,392198,29.0
DL Vettori,392226,15.0
DL Vettori,392232,11.333333333333334
DL Vettori,419140,8.0
DL Vettori,419144,11.666666666666666
DL Vettori,419149,11.0
DL Vettori,501208,5.666666666666667
DL Vettori,501211,2.3333333333333335
DL Vettori,501227,7.666666666666667
DL Vettori,501271,6.666666666666667
DL Vettori,548310,7.0
DL Vettori,548315,7.666666666666667
DL Vettori,548318,8.0
DL Vettori,548324,7.333333333333333
DL Vettori,548331,1.3333333333333333
DL Vettori,548344,2.3333333333333335
DM Bravo,1082620,6.0
DNT Zoysa,335999,1.0
DNT Zoysa,336024,5.5
DP Conway,1304047,3.0
DP Conway,1304092,44.0
DP Conway,1304095,48.0
DP Conway,1304101,76.0
DP Conway,1304105,47.666666666666664
DP Conway,1304108,30.666666666666668
DP Conway,1304114,7.0
DP Conway,1359475,7.333333333333333
DP Conway,1359480,21.333333333333332
DP Conway,1359486,16.0
DP Conway,1359491,32.333333333333336
DP Conway,1359498,44.333333333333336
DP Conway,1359503,70.0
DP Conway,1359507,72.0
DP Conway,1359511,47.0
DP Conway,1359515,52.0
DP Conway,1359523,48.0
DP Conway,1359529,48.666666666666664
DP Conway,1359535,28.0
DP Conway,1359541,42.333333333333336
DP Conway,1370350,52.333333333333336
DP Conway,1370353,58.0
DP Nannes,419114,3.0
DP Nannes,419120,2.0
DP Vijaykumar,336020,1.0
DPMD Jayawardene,335987,2.0
DPMD Jayawardene,335991,7.0
DPMD Jayawardene,335995,9.666666666666666
DPMD Jayawardene,335999,24.0
DPMD Jayawardene,336003,23.333333333333332
DPMD Jayawardene,336006,24.0
DPMD Jayawardene,336013,11.666666666666666
DPMD Jayawardene,336022,20.333333333333332
DPMD Jayawardene,336028,15.0
DPMD Jayawardene,336031,17.0
DPMD Jayawardene,336035,8.666666666666666
DPMD Jayawardene,336039,11.0
DPMD Jayawardene,392183,8.333333333333334
DPMD Jayawardene,392186,15.0
DPMD Jayawardene,392191,12.666666666666666
DPMD Jayawardene,392195,13.0
DPMD Jayawardene,392200,5.0
DPMD Jayawardene,392204,11.0
DPMD Jayawardene,392207,26.0
DPMD Jayawardene,392210,26.666666666666668
DPMD Jayawardene,392214,35.0
DPMD Jayawardene,392216,32.0
DPMD Jayawardene,419108,29.0
DPMD Jayawardene,419112,23.0
DPMD Jayawardene,419117,13.333333333333334
DPMD Jayawardene,419121,16.333333333333332
DPMD Jayawardene,419124,15.333333333333334
DPMD Jayawardene,419127,16.0
DPMD Jayawardene,419132,19.666666666666668
DPMD Jayawardene,419139,48.666666666666664
DPMD Jayawardene,419143,58.0
DPMD Jayawardene,419146,61.666666666666664
DPMD Jayawardene,419149,37.666666666666664
DPMD Jayawardene,419156,54.0
DPMD Jayawardene,419159,50.666666666666664
DPMD Jayawardene,501200,44.0
DPMD Jayawardene,501207,13.666666666666666
DPMD Jayawardene,501210,25.333333333333332
DPMD Jayawardene,501215,24.666666666666668
DPMD Jayawardene,501219,32.333333333333336
DPMD Jayawardene,501225,18.0
DPMD Jayawardene,501229,14.0
DPMD Jayawardene,501233,11.666666666666666
DPMD Jayawardene,501238,9.666666666666666
DPMD Jayawardene,501242,26.666666666666668
DPMD Jayawardene,501247,21.666666666666668
DPMD Jayawardene,501254,44.666666666666664
DPMD Jayawardene,501258,28.333333333333332
DPMD Jayawardene,548316,34.0
DPMD Jayawardene,548321,10.666666666666666
DPMD Jayawardene,548325,14.333333333333334
DPMD Jayawardene,548333,10.0
DPMD Jayawardene,548337,14.0
DPMD Jayawardene,548342,26.666666666666668
DPMD Jayawardene,548345,26.333333333333332
DPMD Jayawardene,548349,20.333333333333332
DPMD Jayawardene,548357,12.0
DPMD Jayawardene,548364,12.666666666666666
DPMD Jayawardene,548369,31.333333333333332
DPMD Jayawardene,548372,24.333333333333332
DPMD Jayawardene,548374,24.333333333333332
DPMD Jayawardene,548378,19.0
DPMD Jayawardene,548380,34.333333333333336
DPMD Jayawardene,597998,53.666666666666664
DPMD Jayawardene,598001,46.666666666666664
DPMD Jayawardene,598006,29.333333333333332
DPMD Jayawardene,598010,11.333333333333334
DPMD Jayawardene,598017,14.333333333333334
DPMD Jayawardene,598020,15.333333333333334
DPMD Jayawardene,598024,31.0
DPMD Jayawardene,598028,34.666666666666664
DPMD Jayawardene,598035,36.666666666666664
DPMD Jayawardene,598040,18.666666666666668
DPMD Jayawardene,598044,9.333333333333334
DPMD Jayawardene,598049,16.666666666666668
DPMD Jayawardene,598054,21.333333333333332
DPMD Jayawardene,598059,19.0
DPMD Jayawardene,598067,12.333333333333334
DR Martyn,419115,19.0
DR Sams,1237177,0.0
DR Sams,1254079,1.5
DR Sams,1254083,2.0
DR Sams,1304048,4.333333333333333
DR Sams,1304055,3.3333333333333335
DR Sams,1304079,4.0
DR Sams,1304083,2.6666666666666665
DR Sams,1304090,4.666666666666667
DR Sams,1304097,3.0
DR Sams,1304102,2.3333333333333335
DR Sams,1304105,0.6666666666666666
DR Sams,1304111,5.666666666666667
DR Sams,1304115,5.333333333333333
DR Shorey,1136595,8.0
DR Shorey,1178419,6.5
DR Smith,336028,20.0
DR Smith,336032,18.5
DR Smith,336036,15.0
DR Smith,392192,20.0
DR Smith,392196,18.333333333333332
DR Smith,392201,31.666666666666668
DR Smith,392205,22.333333333333332
DR Smith,392209,34.666666666666664
DR Smith,392212,24.0
DR Smith,392220,37.333333333333336
DR Smith,392223,21.333333333333332
DR Smith,419141,17.333333333333332
DR Smith,419147,6.0
DR Smith,419164,7.333333333333333
DR Smith,548355,14.0
DR Smith,548360,10.333333333333334
DR Smith,548367,10.666666666666666
DR Smith,548370,2.6666666666666665
DR Smith,548377,31.0
DR Smith,548379,41.666666666666664
DR Smith,598002,42.666666666666664
DR Smith,598024,16.333333333333332
DR Smith,598029,24.333333333333332
DR Smith,598033,40.0
DR Smith,598037,48.333333333333336
DR Smith,598039,40.333333333333336
DR Smith,598046,31.0
DR Smith,598050,35.666666666666664
DR Smith,598055,23.0
DR Smith,598060,22.666666666666668
DR Smith,598070,29.666666666666668
DR Smith,598072,50.333333333333336
DR Smith,598073,44.666666666666664
DR Smith,729283,44.0
DR Smith,729293,33.0
DR Smith,729297,48.333333333333336
DR Smith,729303,36.0
DR Smith,729311,48.333333333333336
DR Smith,733971,37.0
DR Smith,733981,53.666666666666664
DR Smith,733987,33.0
DR Smith,733995,46.666666666666664
DR Smith,734003,35.0
DR Smith,734013,36.666666666666664
DR Smith,734023,19.333333333333332
DR Smith,734029,20.333333333333332
DR Smith,734035,28.666666666666668
DR Smith,734045,35.0
DR Smith,734047,21.666666666666668
DR Smith,829707,21.666666666666668
DR Smith,829711,22.666666666666668
DR Smith,829723,20.333333333333332
DR Smith,829729,29.666666666666668
DR Smith,829735,34.0
DR Smith,829745,47.0
DR Smith,829753,35.0
DR Smith,829765,30.0
DR Smith,829773,24.0
DR Smith,829779,15.333333333333334
DR Smith,829789,16.0
DR Smith,829797,11.0
DR Smith,829801,17.0
DR Smith,829817,8.0
DR Smith,829821,11.666666666666666
DR Smith,829823,24.666666666666668
DR Smith,980937,35.333333333333336
DR Smith,980945,47.333333333333336
DR Smith,980949,49.333333333333336
DR Smith,980955,43.666666666666664
DR Smith,980961,31.0
DR Smith,980967,10.333333333333334
DR Smith,980975,14.333333333333334
DR Smith,980987,11.666666666666666
DR Smith,981001,11.333333333333334
DR Smith,981007,14.666666666666666
DR Smith,981013,36.666666666666664
DR Smith,981017,37.0
DR Smith,1082596,37.0
DR Smith,1082603,28.333333333333332
DR Smith,1082606,28.0
DR Smith,1082610,16.0
DR Smith,1082613,2.0
DR Smith,1082616,3.3333333333333335
DR Smith,1082629,3.0
DR Smith,1082632,4.333333333333333
DR Smith,1082637,27.666666666666668
DR Smith,1082640,30.333333333333332
DR Smith,1082643,45.333333333333336
DS Kulkarni,335991,2.0
DS Kulkarni,392212,4.5
DS Kulkarni,392215,3.3333333333333335
DS Kulkarni,392225,3.0
DS Kulkarni,501251,1.3333333333333333
DS Kulkarni,548379,4.333333333333333
DS Kulkarni,729297,13.333333333333334
DS Kulkarni,733989,15.0
DS Kulkarni,829749,12.0
DS Kulkarni,829819,3.6666666666666665
DS Kulkarni,980917,3.3333333333333335
DS Kulkarni,980955,5.0
DS Kulkarni,980987,4.666666666666667
DS Kulkarni,981013,6.0
DS Kulkarni,981017,5.0
DS Kulkarni,1082596,4.666666666666667
DS Kulkarni,1136564,2.3333333333333335
DS Kulkarni,1136575,2.3333333333333335
DS Kulkarni,1175359,3.6666666666666665
DS Kulkarni,1216495,3.6666666666666665
DS Lehmann,335984,1.0
DS Lehmann,335987,9.0
DT Christian,501199,26.0
DT Christian,501203,25.5
DT Christian,501208,17.0
DT Christian,501212,18.333333333333332
DT Christian,501216,12.666666666666666
DT Christian,501224,19.666666666666668
DT Christian,501229,12.666666666666666
DT Christian,501236,10.333333333333334
DT Christian,501239,3.6666666666666665
DT Christian,501243,9.666666666666666
DT Christian,501250,12.666666666666666
DT Christian,501256,18.333333333333332
DT Christian,501259,14.0
DT Christian,548311,11.333333333333334
DT Christian,548314,18.333333333333332
DT Christian,548321,20.0
DT Christian,548326,29.0
DT Christian,548346,17.666666666666668
DT Christian,548352,20.333333333333332
DT Christian,548366,18.666666666666668
DT Christian,597999,18.333333333333332
DT Christian,598012,10.0
DT Christian,1082594,7.666666666666667
DT Christian,1082607,6.666666666666667
DT Christian,1082618,8.666666666666666
DT Christian,1082620,8.333333333333334
DT Christian,1082629,13.666666666666666
DT Christian,1082631,14.0
DT Christian,1082634,10.0
DT Christian,1082642,5.333333333333333
DT Christian,1082650,3.6666666666666665
DT Christian,1136562,6.666666666666667
DT Christian,1136582,7.666666666666667
DT Christian,1136596,8.666666666666666
DT Christian,1254058,4.666666666666667
DT Christian,1254063,3.0
DT Christian,1254076,1.0
DT Christian,1254090,0.6666666666666666
DT Christian,1254095,0.6666666666666666
DT Christian,1254108,0.6666666666666666
DT Christian,1254115,3.6666666666666665
DT Patil,336006,4.0
DT Patil,336023,6.5
DW Steyn,335996,1.0
DW Steyn,336006,1.0
DW Steyn,392185,0.6666666666666666
DW Steyn,419128,3.0
DW Steyn,419151,2.6666666666666665
DW Steyn,419157,2.6666666666666665
DW Steyn,419162,1.6666666666666667
DW Steyn,501199,4.0
DW Steyn,501203,8.333333333333334
DW Steyn,501212,7.0
DW Steyn,501224,6.0
DW Steyn,501250,5.333333333333333
DW Steyn,548311,6.666666666666667
DW Steyn,548314,6.0
DW Steyn,548321,3.0
DW Steyn,548335,3.6666666666666665
DW Steyn,548346,4.0
DW Steyn,598004,4.333333333333333
DW Steyn,598010,5.0
DW Steyn,598018,5.333333333333333
DW Steyn,598032,10.333333333333334
DW Steyn,598051,12.0
DW Steyn,598056,11.0
DW Steyn,598065,5.0
DW Steyn,598071,1.6666666666666667
DW Steyn,729295,5.333333333333333
DW Steyn,733989,8.333333333333334
DW Steyn,734015,7.333333333333333
DW Steyn,829751,3.3333333333333335
DW Steyn,829781,0.6666666666666666
DW Steyn,829815,6.666666666666667
DW Steyn,980929,7.0
DW Steyn,1216510,7.0
Dhruv Jurel,1359482,32.0
Dhruv Jurel,1359485,20.0
Dhruv Jurel,1359491,14.666666666666666
Dhruv Jurel,1359497,10.0
Dhruv Jurel,1359500,7.333333333333333
Dhruv Jurel,1359506,17.333333333333332
Dhruv Jurel,1359511,22.666666666666668
Dhruv Jurel,1359516,23.333333333333332
Dhruv Jurel,1359522,15.0
Dhruv Jurel,1359534,4.0
Dhruv Jurel,1359540,6.666666666666667
E Lewis,1136561,0.0
E Lewis,1136567,14.5
E Lewis,1136569,25.666666666666668
E Lewis,1136574,47.333333333333336
E Lewis,1136581,37.666666666666664
E Lewis,1136583,23.333333333333332
E Lewis,1136587,17.333333333333332
E Lewis,1136594,20.666666666666668
E Lewis,1136597,33.333333333333336
E Lewis,1136601,23.666666666666668
E Lewis,1136607,40.333333333333336
E Lewis,1136610,29.0
E Lewis,1136615,39.0
E Lewis,1178419,29.666666666666668
E Lewis,1178422,31.666666666666668
E Lewis,1178426,16.0
E Lewis,1254089,14.333333333333334
E Lewis,1254093,17.333333333333332
E Lewis,1254100,19.0
E Lewis,1254103,29.333333333333332
E Lewis,1254111,33.333333333333336
E Lewis,1304050,34.666666666666664
E Lewis,1304053,33.666666666666664
E Lewis,1304058,22.0
E Lewis,1304061,20.333333333333332
E Lewis,1312198,2.6666666666666665
EJG Morgan,419109,10.0
EJG Morgan,419119,8.5
EJG Morgan,419123,6.0
EJG Morgan,419128,8.333333333333334
EJG Morgan,501198,8.0
EJG Morgan,501219,11.0
EJG Morgan,501222,7.333333333333333
EJG Morgan,501230,5.333333333333333
EJG Morgan,501234,11.333333333333334
EJG Morgan,501239,14.0
EJG Morgan,501242,36.0
EJG Morgan,501245,28.333333333333332
EJG Morgan,501255,24.333333333333332
EJG Morgan,597998,7.0
EJG Morgan,598005,22.333333333333332
EJG Morgan,598008,22.333333333333332
EJG Morgan,598013,33.333333333333336
EJG Morgan,598016,32.0
EJG Morgan,598022,32.0
EJG Morgan,598029,26.666666666666668
EJG Morgan,598031,25.0
EJG Morgan,598034,35.0
EJG Morgan,598040,28.0
EJG Morgan,598050,15.666666666666666
EJG Morgan,598053,10.0
EJG Morgan,598069,9.666666666666666
EJG Morgan,829727,17.0
EJG Morgan,829731,12.333333333333334
EJG Morgan,829773,20.0
EJG Morgan,829781,12.666666666666666
EJG Morgan,829787,33.333333333333336
EJG Morgan,829793,30.0
EJG Morgan,829799,34.0
EJG Morgan,829807,16.666666666666668
EJG Morgan,829815,12.333333333333334
EJG Morgan,980907,14.0
EJG Morgan,980915,27.333333333333332
EJG Morgan,980923,28.0
EJG Morgan,980935,29.0
EJG Morgan,980943,12.0
EJG Morgan,981003,13.0
EJG Morgan,1082605,12.0
EJG Morgan,1082609,16.333333333333332
EJG Morgan,1082623,20.333333333333332
EJG Morgan,1082645,14.333333333333334
EJG Morgan,1216494,20.0
EJG Morgan,1216497,17.0
EJG Morgan,1216501,18.0
EJG Morgan,1216504,19.333333333333332
EJG Morgan,1216508,19.0
EJG Morgan,1216512,28.333333333333332
EJG Morgan,1216515,31.666666666666668
EJG Morgan,1216520,39.666666666666664
EJG Morgan,1216523,36.0
EJG Morgan,1216526,34.333333333333336
EJG Morgan,1216530,43.666666666666664
EJG Morgan,1216536,40.666666666666664
EJG Morgan,1216540,30.333333333333332
EJG Morgan,1216545,21.666666666666668
EJG Morgan,1254060,17.333333333333332
EJG Morgan,1254062,17.0
EJG Morgan,1254067,12.666666666666666
EJG Morgan,1254072,14.333333333333334
EJG Morgan,1254078,27.666666666666668
EJG Morgan,1254082,18.0
EJG Morgan,1254092,15.666666666666666
EJG Morgan,1254096,2.3333333333333335
EJG Morgan,1254098,5.0
EJG Morgan,1254102,5.666666666666667
EJG Morgan,1254106,7.666666666666667
EJG Morgan,1254109,5.666666666666667
EJG Morgan,1254115,6.666666666666667
EJG Morgan,1254116,2.3333333333333335
EJG Morgan,1254117,3.0
ER Dwivedi,981013,19.0
ER Dwivedi,981017,12.0
F Behardien,980977,9.0
F Behardien,980999,4.5
F Behardien,981005,4.666666666666667
F du Plessis,548306,3.0
F du Plessis,548311,21.0
F du Plessis,548316,19.0
F du Plessis,548318,41.666666666666664
F du Plessis,548322,43.0
F du Plessis,548330,57.333333333333336
F du Plessis,548332,58.0
F du Plessis,548343,53.333333333333336
F du Plessis,548347,35.0
F du Plessis,548352,24.666666666666668
F du Plessis,548355,18.0
F du Plessis,548368,21.333333333333332
F du Plessis,729293,15.333333333333334
F du Plessis,729297,14.666666666666666
F du Plessis,729303,17.0
F du Plessis,729311,9.0
F du Plessis,733987,24.0
F du Plessis,733995,27.666666666666668
F du Plessis,734003,40.333333333333336
F du Plessis,734023,30.666666666666668
F du Plessis,734029,26.666666666666668
F du Plessis,734035,32.0
F du Plessis,734045,36.0
F du Plessis,734047,29.666666666666668
F du Plessis,829707,22.333333333333332
F du Plessis,829723,17.333333333333332
F du Plessis,829729,21.0
F du Plessis,829735,10.666666666666666
F du Plessis,829745,15.0
F du Plessis,829765,21.0
F du Plessis,829773,31.666666666666668
F du Plessis,829779,28.666666666666668
F du Plessis,829789,24.666666666666668
F du Plessis,829797,23.333333333333332
F du Plessis,829801,25.0
F du Plessis,829809,37.666666666666664
F du Plessis,829817,43.0
F du Plessis,829821,40.333333333333336
F du Plessis,829823,22.333333333333332
F du Plessis,980901,18.666666666666668
F du Plessis,980911,34.666666666666664
F du Plessis,980919,56.666666666666664
F du Plessis,980931,46.0
F du Plessis,980939,24.333333333333332
F du Plessis,980943,12.0
F du Plessis,1082599,14.0
F du Plessis,1136580,16.333333333333332
F du Plessis,1136590,17.333333333333332
F du Plessis,1136593,23.666666666666668
F du Plessis,1136616,24.666666666666668
F du Plessis,1136617,36.0
F du Plessis,1136620,30.333333333333332
F du Plessis,1178393,43.666666666666664
F du Plessis,1178398,35.666666666666664
F du Plessis,1178400,34.666666666666664
F du Plessis,1178404,24.666666666666668
F du Plessis,1178408,25.333333333333332
F du Plessis,1178414,24.666666666666668
F du Plessis,1178416,17.0
F du Plessis,1178425,15.0
F du Plessis,1178430,45.333333333333336
F du Plessis,1181764,47.0
F du Plessis,1181767,50.666666666666664
F du Plessis,1181768,27.333333333333332
F du Plessis,1216492,44.666666666666664
F du Plessis,1216496,52.0
F du Plessis,1216501,49.0
F du Plessis,1216506,45.666666666666664
F du Plessis,1216509,41.0
F du Plessis,1216513,64.33333333333333
F du Plessis,1216516,55.666666666666664
F du Plessis,1216521,36.666666666666664
F du Plessis,1216525,10.333333333333334
F du Plessis,1216528,3.0
F du Plessis,1216533,6.0
F du Plessis,1216539,17.666666666666668
F du Plessis,1216544,26.0
F du Plessis,1254059,22.666666666666668
F du Plessis,1254065,20.333333333333332
F du Plessis,1254069,23.0
F du Plessis,1254072,54.666666666666664
F du Plessis,1254076,59.333333333333336
F du Plessis,1254080,67.0
F du Plessis,1254084,52.0
F du Plessis,1254089,43.666666666666664
F du Plessis,1254091,38.666666666666664
F du Plessis,1254094,47.333333333333336
F du Plessis,1254098,53.333333333333336
F du Plessis,1254104,39.666666666666664
F du Plessis,1254110,17.666666666666668
F du Plessis,1254113,13.666666666666666
F du Plessis,1254114,14.0
F du Plessis,1254117,39.333333333333336
F du Plessis,1304049,58.333333333333336
F du Plessis,1304052,59.666666666666664
F du Plessis,1304059,40.666666666666664
F du Plessis,1304064,16.666666666666668
F du Plessis,1304068,17.666666666666668
F du Plessis,1304073,10.666666666666666
F du Plessis,1304077,37.333333333333336
F du Plessis,1304082,36.333333333333336
F du Plessis,1304085,41.333333333333336
F du Plessis,1304089,9.333333333333334
F du Plessis,1304095,20.333333333333332
F du Plessis,1304100,37.0
F du Plessis,1304106,40.333333333333336
F du Plessis,1304113,42.333333333333336
F du Plessis,1312198,18.0
F du Plessis,1312199,23.0
F du Plessis,1359479,32.666666666666664
F du Plessis,1359483,40.333333333333336
F du Plessis,1359489,58.333333333333336
F du Plessis,1359494,41.333333333333336
F du Plessis,1359498,54.333333333333336
F du Plessis,1359501,56.0
F du Plessis,1359506,69.33333333333333
F du Plessis,1359510,54.333333333333336
F du Plessis,1359517,41.0
F du Plessis,1359524,35.333333333333336
F du Plessis,1359528,51.333333333333336
F du Plessis,1359534,55.0
F du Plessis,1359539,63.666666666666664
F du Plessis,1359544,51.333333333333336
FA Allen,1254071,6.0
FA Allen,1254111,3.0
FA Allen,1304072,4.666666666666667
FH Edwards,392188,3.0
FH Edwards,392192,2.0
FY Fazal,419118,31.0
FY Fazal,419124,38.0
FY Fazal,419126,28.0
FY Fazal,419129,23.333333333333332
FY Fazal,419134,8.333333333333334
FY Fazal,419137,7.0
FY Fazal,419141,13.333333333333334
FY Fazal,419150,16.666666666666668
FY Fazal,419158,19.666666666666668
FY Fazal,501214,8.666666666666666
FY Fazal,501258,10.666666666666666
Fazalhaq Farooqi,1304100,2.0
Fazalhaq Farooqi,1359536,1.5
G Gambhir,335984,58.0
G Gambhir,335988,35.0
G Gambhir,335995,29.333333333333332
G Gambhir,335998,38.666666666666664
G Gambhir,336001,51.333333333333336
G Gambhir,336004,45.666666666666664
G Gambhir,336009,43.666666666666664
G Gambhir,336015,37.333333333333336
G Gambhir,336017,40.333333333333336
G Gambhir,336020,40.0
G Gambhir,336022,43.0
G Gambhir,336026,52.666666666666664
G Gambhir,336032,32.666666666666664
G Gambhir,336038,23.0
G Gambhir,392183,15.0
G Gambhir,392189,8.666666666666666
G Gambhir,392194,10.333333333333334
G Gambhir,392198,8.0
G Gambhir,392201,13.666666666666666
G Gambhir,392206,12.666666666666666
G Gambhir,392211,33.666666666666664
G Gambhir,392215,34.333333333333336
G Gambhir,392219,36.0
G Gambhir,392223,18.666666666666668
G Gambhir,392226,15.0
G Gambhir,392230,11.666666666666666
G Gambhir,392232,14.333333333333334
G Gambhir,392235,27.333333333333332
G Gambhir,392237,24.666666666666668
G Gambhir,419108,39.666666666666664
G Gambhir,419111,27.0
G Gambhir,419131,27.333333333333332
G Gambhir,419134,17.666666666666668
G Gambhir,419140,15.0
G Gambhir,419144,30.333333333333332
G Gambhir,419149,24.666666666666668
G Gambhir,419152,30.0
G Gambhir,419155,33.333333333333336
G Gambhir,419160,26.0
G Gambhir,501198,20.666666666666668
G Gambhir,501203,11.333333333333334
G Gambhir,501209,35.0
G Gambhir,501214,46.333333333333336
G Gambhir,501219,37.666666666666664
G Gambhir,501222,28.666666666666668
G Gambhir,501230,23.0
G Gambhir,501234,37.0
G Gambhir,501239,32.666666666666664
G Gambhir,501242,26.666666666666668
G Gambhir,501245,17.0
G Gambhir,501255,7.666666666666667
G Gambhir,501262,25.666666666666668
G Gambhir,501267,23.0
G Gambhir,501269,22.0
G Gambhir,548307,9.333333333333334
G Gambhir,548312,6.666666666666667
G Gambhir,548315,26.666666666666668
G Gambhir,548320,25.0
G Gambhir,548323,32.333333333333336
G Gambhir,548328,33.0
G Gambhir,548335,39.333333333333336
G Gambhir,548344,63.0
G Gambhir,548347,62.0
G Gambhir,548353,70.66666666666667
G Gambhir,548357,51.666666666666664
G Gambhir,548363,30.666666666666668
G Gambhir,548368,32.666666666666664
G Gambhir,548370,29.666666666666668
G Gambhir,548375,33.0
G Gambhir,548378,23.0
G Gambhir,548381,14.666666666666666
G Gambhir,597998,25.0
G Gambhir,598005,21.666666666666668
G Gambhir,598008,40.666666666666664
G Gambhir,598013,44.666666666666664
G Gambhir,598016,57.333333333333336
G Gambhir,598022,46.0
G Gambhir,598029,37.0
G Gambhir,598031,19.666666666666668
G Gambhir,598034,16.0
G Gambhir,598043,11.333333333333334
G Gambhir,598050,8.666666666666666
G Gambhir,598053,20.666666666666668
G Gambhir,598057,21.333333333333332
G Gambhir,598061,25.333333333333332
G Gambhir,598069,12.0
G Gambhir,729279,7.333333333333333
G Gambhir,729289,3.3333333333333335
G Gambhir,729299,0.0
G Gambhir,729307,0.3333333333333333
G Gambhir,729315,15.333333333333334
G Gambhir,733971,17.333333333333332
G Gambhir,733979,35.0
G Gambhir,733985,43.0
G Gambhir,733997,62.0
G Gambhir,734009,48.666666666666664
G Gambhir,734015,27.666666666666668
G Gambhir,734023,13.666666666666666
G Gambhir,734027,10.333333333333334
G Gambhir,734037,17.666666666666668
G Gambhir,734043,11.0
G Gambhir,734049,17.333333333333332
G Gambhir,829705,27.0
G Gambhir,829713,46.0
G Gambhir,829723,44.666666666666664
G Gambhir,829733,29.333333333333332
G Gambhir,829739,30.0
G Gambhir,829743,25.0
G Gambhir,829761,25.333333333333332
G Gambhir,829765,5.333333333333333
G Gambhir,829771,8.0
G Gambhir,829781,14.333333333333334
G Gambhir,829791,22.333333333333332
G Gambhir,829805,31.0
G Gambhir,829811,21.0
G Gambhir,980903,25.666666666666668
G Gambhir,980909,34.333333333333336
G Gambhir,980915,64.0
G Gambhir,980925,62.666666666666664
G Gambhir,980939,45.0
G Gambhir,980947,34.666666666666664
G Gambhir,980951,25.333333333333332
G Gambhir,980959,34.0
G Gambhir,980963,32.333333333333336
G Gambhir,980975,32.0
G Gambhir,980989,19.666666666666668
G Gambhir,980995,18.666666666666668
G Gambhir,981001,19.666666666666668
G Gambhir,981009,25.0
G Gambhir,981015,17.333333333333332
G Gambhir,1082593,40.0
G Gambhir,1082597,41.0
G Gambhir,1082601,55.666666666666664
G Gambhir,1082604,35.333333333333336
G Gambhir,1082608,33.666666666666664
G Gambhir,1082613,20.666666666666668
G Gambhir,1082617,20.333333333333332
G Gambhir,1082620,36.333333333333336
G Gambhir,1082622,49.0
G Gambhir,1082627,48.0
G Gambhir,1082631,35.333333333333336
G Gambhir,1082636,16.333333333333332
G Gambhir,1082639,15.333333333333334
G Gambhir,1082644,14.333333333333334
G Gambhir,1082648,20.333333333333332
G Gambhir,1082649,21.666666666666668
G Gambhir,1136562,33.0
G Gambhir,1136569,27.333333333333332
G Gambhir,1136573,26.0
G Gambhir,1136579,8.666666666666666
G Gambhir,1136582,5.0
GB Hogg,548317,2.0
GB Hogg,548336,7.5
GB Hogg,829765,5.666666666666667
GB Hogg,829791,6.666666666666667
GC Smith,335990,71.0
GC Smith,335992,60.0
GC Smith,336000,40.666666666666664
GC Smith,336005,28.666666666666668
GC Smith,336008,14.0
GC Smith,336011,26.666666666666668
GC Smith,336015,23.0
GC Smith,336023,46.333333333333336
GC Smith,336027,41.0
GC Smith,336033,63.333333333333336
GC Smith,336038,46.666666666666664
GC Smith,392182,39.333333333333336
GC Smith,392190,14.0
GC Smith,392195,6.333333333333333
GC Smith,392198,20.333333333333332
GC Smith,392202,16.0
GC Smith,392205,15.333333333333334
GC Smith,392210,26.333333333333332
GC Smith,392213,32.333333333333336
GC Smith,392217,42.333333333333336
GC Smith,392220,17.0
GC Smith,392225,16.666666666666668
GC Smith,392230,6.666666666666667
GC Smith,419107,15.0
GC Smith,419111,14.666666666666666
GC Smith,501202,14.666666666666666
GC Smith,501207,14.0
GC Smith,501213,12.0
GC Smith,501241,14.0
GC Viljoen,1175368,1.0
GC Viljoen,1178412,1.5
GC Viljoen,1178417,1.0
GD McGrath,336004,0.0
GD McGrath,336038,2.0
GD Phillips,1254089,14.0
GD Phillips,1254093,9.0
GD Phillips,1254106,8.666666666666666
GD Phillips,1359478,6.666666666666667
GD Phillips,1359526,13.666666666666666
GD Phillips,1359532,11.0
GD Phillips,1359539,10.0
GD Phillips,1359543,2.0
GH Vihari,598000,11.0
GH Vihari,598004,27.5
GH Vihari,598010,24.0
GH Vihari,598013,20.666666666666668
GH Vihari,598018,6.333333333333333
GH Vihari,598021,16.0
GH Vihari,598030,16.333333333333332
GH Vihari,598032,17.333333333333332
GH Vihari,598039,10.333333333333334
GH Vihari,598044,13.333333333333334
GH Vihari,598048,13.333333333333334
GH Vihari,598051,6.0
GH Vihari,598056,4.0
GH Vihari,598060,16.333333333333332
GH Vihari,598065,21.666666666666668
GH Vihari,598069,22.0
GH Vihari,598071,8.666666666666666
GH Vihari,829751,7.666666666666667
GH Vihari,829759,8.666666666666666
GH Vihari,829773,11.0
GH Vihari,829781,7.666666666666667
GH Vihari,1175365,5.333333333333333
GH Vihari,1175368,3.3333333333333335
GHS Garton,1254090,0.0
GHS Garton,1254095,1.0
GJ Bailey,392231,30.0
GJ Bailey,392234,22.5
GJ Bailey,419123,21.0
GJ Bailey,729283,16.666666666666668
GJ Bailey,729295,15.0
GJ Bailey,729307,12.666666666666666
GJ Bailey,729313,12.333333333333334
GJ Bailey,733973,14.0
GJ Bailey,733987,23.666666666666668
GJ Bailey,733991,18.666666666666668
GJ Bailey,733997,17.666666666666668
GJ Bailey,734007,16.0
GJ Bailey,734019,17.666666666666668
GJ Bailey,734025,26.666666666666668
GJ Bailey,734033,23.666666666666668
GJ Bailey,734039,22.0
GJ Bailey,734043,17.666666666666668
GJ Bailey,734047,9.333333333333334
GJ Bailey,734049,9.333333333333334
GJ Bailey,829709,8.666666666666666
GJ Bailey,829717,28.666666666666668
GJ Bailey,829725,34.666666666666664
GJ Bailey,829733,46.666666666666664
GJ Bailey,829753,26.666666666666668
GJ Bailey,829759,27.666666666666668
GJ Bailey,829767,13.666666666666666
GJ Bailey,829775,20.333333333333332
GJ Bailey,829785,13.666666666666666
GJ Bailey,829799,9.666666666666666
GJ Bailey,829803,7.0
GJ Bailey,829809,10.333333333333334
GJ Bailey,980969,8.333333333333334
GJ Bailey,980979,15.333333333333334
GJ Bailey,980989,22.333333333333332
GJ Bailey,980997,25.0
GJ Bailey,981005,16.666666666666668
GJ Maxwell,548307,3.0
GJ Maxwell,548310,3.0
GJ Maxwell,598055,6.333333333333333
GJ Maxwell,598063,13.0
GJ Maxwell,598066,12.0
GJ Maxwell,729283,39.333333333333336
GJ Maxwell,729291,61.333333333333336
GJ Maxwell,729295,93.0
GJ Maxwell,729307,66.33333333333333
GJ Maxwell,729313,38.666666666666664
GJ Maxwell,733973,22.0
GJ Maxwell,733987,47.0
GJ Maxwell,733991,53.333333333333336
GJ Maxwell,733997,43.0
GJ Maxwell,734007,27.333333333333332
GJ Maxwell,734019,23.666666666666668
GJ Maxwell,734025,19.666666666666668
GJ Maxwell,734039,5.333333333333333
GJ Maxwell,734043,2.6666666666666665
GJ Maxwell,734047,6.333333333333333
GJ Maxwell,734049,6.333333333333333
GJ Maxwell,829709,6.666666666666667
GJ Maxwell,829717,4.333333333333333
GJ Maxwell,829725,9.333333333333334
GJ Maxwell,829733,18.0
GJ Maxwell,829741,16.666666666666668
GJ Maxwell,829775,15.666666666666666
GJ Maxwell,829785,5.0
GJ Maxwell,829791,18.666666666666668
GJ Maxwell,829799,18.333333333333332
GJ Maxwell,829803,21.333333333333332
GJ Maxwell,829809,9.0
GJ Maxwell,980905,6.0
GJ Maxwell,980913,2.6666666666666665
GJ Maxwell,980919,11.333333333333334
GJ Maxwell,980925,12.0
GJ Maxwell,980935,12.333333333333334
GJ Maxwell,980941,20.333333333333332
GJ Maxwell,980955,19.0
GJ Maxwell,980963,41.333333333333336
GJ Maxwell,980971,28.0
GJ Maxwell,980985,28.0
GJ Maxwell,1082594,20.0
GJ Maxwell,1082598,29.0
GJ Maxwell,1082601,37.333333333333336
GJ Maxwell,1082605,22.666666666666668
GJ Maxwell,1082609,11.666666666666666
GJ Maxwell,1082612,16.666666666666668
GJ Maxwell,1082616,27.0
GJ Maxwell,1082623,23.666666666666668
GJ Maxwell,1082633,12.333333333333334
GJ Maxwell,1082637,8.666666666666666
GJ Maxwell,1082639,23.333333333333332
GJ Maxwell,1082641,37.0
GJ Maxwell,1082645,30.333333333333332
GJ Maxwell,1136566,21.333333333333332
GJ Maxwell,1136569,10.0
GJ Maxwell,1136573,25.666666666666668
GJ Maxwell,1136579,21.333333333333332
GJ Maxwell,1136582,21.0
GJ Maxwell,1136586,14.333333333333334
GJ Maxwell,1136590,15.0
GJ Maxwell,1136592,12.666666666666666
GJ Maxwell,1136596,4.333333333333333
GJ Maxwell,1136602,5.333333333333333
GJ Maxwell,1136612,5.333333333333333
GJ Maxwell,1136615,12.0
GJ Maxwell,1216493,9.333333333333334
GJ Maxwell,1216498,11.666666666666666
GJ Maxwell,1216503,8.0
GJ Maxwell,1216510,9.333333333333334
GJ Maxwell,1216513,9.0
GJ Maxwell,1216517,5.333333333333333
GJ Maxwell,1216523,7.0
GJ Maxwell,1216527,7.666666666666667
GJ Maxwell,1216537,9.666666666666666
GJ Maxwell,1216542,8.666666666666666
GJ Maxwell,1216546,15.0
GJ Maxwell,1254058,26.0
GJ Maxwell,1254063,43.333333333333336
GJ Maxwell,1254067,58.666666666666664
GJ Maxwell,1254076,53.0
GJ Maxwell,1254079,41.666666666666664
GJ Maxwell,1254083,15.666666666666666
GJ Maxwell,1254087,11.666666666666666
GJ Maxwell,1254090,22.333333333333332
GJ Maxwell,1254095,35.666666666666664
GJ Maxwell,1254101,49.333333333333336
GJ Maxwell,1254103,47.0
GJ Maxwell,1254108,52.333333333333336
GJ Maxwell,1254113,39.0
GJ Maxwell,1254115,27.333333333333332
GJ Maxwell,1304064,11.333333333333334
GJ Maxwell,1304068,16.333333333333332
GJ Maxwell,1304073,29.666666666666668
GJ Maxwell,1304077,34.666666666666664
GJ Maxwell,1304082,30.0
GJ Maxwell,1304085,11.666666666666666
GJ Maxwell,1304089,15.0
GJ Maxwell,1304095,12.0
GJ Maxwell,1304100,23.0
GJ Maxwell,1304106,23.666666666666668
GJ Maxwell,1304113,36.0
GJ Maxwell,1312198,28.0
GJ Maxwell,1312199,24.333333333333332
GJ Maxwell,1359479,15.0
GJ Maxwell,1359483,13.666666666666666
GJ Maxwell,1359489,25.333333333333332
GJ Maxwell,1359494,29.333333333333332
GJ Maxwell,1359498,53.0
GJ Maxwell,1359501,33.333333333333336
GJ Maxwell,1359506,51.0
GJ Maxwell,1359510,27.333333333333332
GJ Maxwell,1359517,28.666666666666668
GJ Maxwell,1359524,3.0
GJ Maxwell,1359528,24.0
GJ Maxwell,1359534,40.666666666666664
GJ Maxwell,1359539,42.333333333333336
GJ Maxwell,1359544,23.333333333333332
GR Napier,392203,15.0
Gurkeerat Singh,548354,23.0
Gurkeerat Singh,548366,26.0
Gurkeerat Singh,548369,20.0
Gurkeerat Singh,548374,21.0
Gurkeerat Singh,598007,21.666666666666668
Gurkeerat Singh,598014,22.333333333333332
Gurkeerat Singh,598016,13.666666666666666
Gurkeerat Singh,598021,9.0
Gurkeerat Singh,598031,15.0
Gurkeerat Singh,598037,15.666666666666666
Gurkeerat Singh,598041,10.0
Gurkeerat Singh,598064,7.333333333333333
Gurkeerat Singh,598066,6.666666666666667
Gurkeerat Singh,829733,10.333333333333334
Gurkeerat Singh,829791,5.0
Gurkeerat Singh,829799,6.0
Gurkeerat Singh,829803,3.0
Gurkeerat Singh,829809,6.666666666666667
Gurkeerat Singh,980955,5.666666666666667
Gurkeerat Singh,980963,8.666666666666666
Gurkeerat Singh,980985,5.666666666666667
Gurkeerat Singh,980991,14.666666666666666
Gurkeerat Singh,980999,17.0
Gurkeerat Singh,981005,32.0
Gurkeerat Singh,1178421,32.0
Gurkeerat Singh,1178424,28.0
Gurkeerat Singh,1178429,32.666666666666664
Gurkeerat Singh,1216494,30.666666666666668
Gurkeerat Singh,1216499,33.333333333333336
Gurkeerat Singh,1216502,16.666666666666668
Gurkeerat Singh,1216522,16.0
Gurkeerat Singh,1216544,12.0
H Das,336024,2.0
H Klaasen,1136577,7.0
H Klaasen,1136581,3.5
H Klaasen,1136613,13.0
H Klaasen,1136618,16.666666666666668
H Klaasen,1178421,17.666666666666668
H Klaasen,1178424,9.0
H Klaasen,1359493,8.333333333333334
H Klaasen,1359499,19.333333333333332
H Klaasen,1359503,23.0
H Klaasen,1359508,28.0
H Klaasen,1359514,33.666666666666664
H Klaasen,1359521,40.0
H Klaasen,1359526,38.333333333333336
H Klaasen,1359532,36.333333333333336
H Klaasen,1359536,45.666666666666664
H Klaasen,1359539,71.66666666666667
H Klaasen,1359543,62.0
HC Brook,1359478,13.0
HC Brook,1359484,8.0
HC Brook,1359488,9.666666666666666
HC Brook,1359493,38.666666666666664
HC Brook,1359499,40.666666666666664
HC Brook,1359503,42.333333333333336
HC Brook,1359508,11.333333333333334
HC Brook,1359514,8.333333333333334
HC Brook,1359521,2.3333333333333335
HC Brook,1359539,9.0
HC Brook,1359543,9.0
HE van der Dussen,1304066,4.0
HE van der Dussen,1304070,5.0
HE van der Dussen,1304104,7.333333333333333
HF Gurney,1178398,1.0
HH Gibbs,335999,7.0
HH Gibbs,336002,27.0
HH Gibbs,336007,21.333333333333332
HH Gibbs,336011,25.333333333333332
HH Gibbs,336014,11.333333333333334
HH Gibbs,336020,15.333333333333334
HH Gibbs,336031,23.666666666666668
HH Gibbs,336034,23.666666666666668
HH Gibbs,336037,19.0
HH Gibbs,392184,18.666666666666668
HH Gibbs,392188,21.333333333333332
HH Gibbs,392192,38.0
HH Gibbs,392196,46.666666666666664
HH Gibbs,392201,42.333333333333336
HH Gibbs,392205,25.666666666666668
HH Gibbs,392209,2.6666666666666665
HH Gibbs,392212,2.6666666666666665
HH Gibbs,392216,4.333333333333333
HH Gibbs,392228,13.666666666666666
HH Gibbs,392229,22.333333333333332
HH Gibbs,392236,38.0
HH Gibbs,392237,28.666666666666668
HH Gibbs,392239,37.666666666666664
HH Gibbs,419106,24.0
HH Gibbs,419110,39.0
HH Gibbs,419117,29.0
HH Gibbs,419120,33.0
HH Gibbs,419126,26.333333333333332
HH Gibbs,419130,27.666666666666668
HH Gibbs,419135,34.0
HH Gibbs,419138,31.333333333333332
HH Gibbs,419151,26.333333333333332
HH Gibbs,419163,15.666666666666666
HH Gibbs,548363,32.0
HH Gibbs,548367,28.666666666666668
HH Gibbs,548370,27.0
HH Pandya,829737,16.0
HH Pandya,829747,8.0
HH Pandya,829783,7.0
HH Pandya,829789,8.666666666666666
HH Pandya,829795,11.333333333333334
HH Pandya,829805,30.0
HH Pandya,829817,23.333333333333332
HH Pandya,829823,20.666666666666668
HH Pandya,980901,3.3333333333333335
HH Pandya,980909,6.0
HH Pandya,980917,6.666666666666667
HH Pandya,980923,4.333333333333333
HH Pandya,980927,2.0
HH Pandya,980933,2.0
HH Pandya,980941,2.6666666666666665
HH Pandya,980973,4.333333333333333
HH Pandya,981007,6.0
HH Pandya,1082592,16.333333333333332
HH Pandya,1082597,23.666666666666668
HH Pandya,1082600,22.0
HH Pandya,1082602,13.333333333333334
HH Pandya,1082606,5.666666666666667
HH Pandya,1082612,10.0
HH Pandya,1082614,15.0
HH Pandya,1082618,17.333333333333332
HH Pandya,1082625,13.666666666666666
HH Pandya,1082628,10.333333333333334
HH Pandya,1082635,15.666666666666666
HH Pandya,1082638,19.333333333333332
HH Pandya,1082641,24.666666666666668
HH Pandya,1082644,15.333333333333334
HH Pandya,1082647,15.0
HH Pandya,1082650,8.333333333333334
HH Pandya,1136561,15.333333333333334
HH Pandya,1136569,11.333333333333334
HH Pandya,1136574,13.666666666666666
HH Pandya,1136581,7.666666666666667
HH Pandya,1136583,8.0
HH Pandya,1136587,6.666666666666667
HH Pandya,1136591,22.0
HH Pandya,1136594,28.666666666666668
HH Pandya,1136597,36.0
HH Pandya,1136601,25.666666666666668
HH Pandya,1136607,30.0
HH Pandya,1136610,21.333333333333332
HH Pandya,1136615,24.0
HH Pandya,1175358,12.0
HH Pandya,1175362,19.666666666666668
HH Pandya,1175364,21.0
HH Pandya,1175370,29.333333333333332
HH Pandya,1178394,23.333333333333332
HH Pandya,1178399,19.333333333333332
HH Pandya,1178402,20.333333333333332
HH Pandya,1178406,28.0
HH Pandya,1178409,32.333333333333336
HH Pandya,1178411,30.666666666666668
HH Pandya,1178419,26.0
HH Pandya,1178422,45.666666666666664
HH Pandya,1178426,46.333333333333336
HH Pandya,1181764,43.0
HH Pandya,1181768,18.0
HH Pandya,1216492,14.333333333333334
HH Pandya,1216499,15.666666666666666
HH Pandya,1216503,20.333333333333332
HH Pandya,1216508,21.666666666666668
HH Pandya,1216511,26.0
HH Pandya,1216517,19.0
HH Pandya,1216526,20.0
HH Pandya,1216529,10.0
HH Pandya,1216538,16.333333333333332
HH Pandya,1216541,29.333333333333332
HH Pandya,1216547,34.666666666666664
HH Pandya,1237177,37.666666666666664
HH Pandya,1237181,18.666666666666668
HH Pandya,1254058,17.666666666666668
HH Pandya,1254062,10.333333333333334
HH Pandya,1254066,11.666666666666666
HH Pandya,1254070,7.333333333333333
HH Pandya,1254074,2.6666666666666665
HH Pandya,1254084,5.666666666666667
HH Pandya,1254088,9.0
HH Pandya,1254093,10.333333333333334
HH Pandya,1254099,18.333333333333332
HH Pandya,1254108,16.0
HH Pandya,1254112,20.0
HH Pandya,1304050,17.666666666666668
HH Pandya,1304056,27.0
HH Pandya,1304062,30.333333333333332
HH Pandya,1304067,36.0
HH Pandya,1304070,54.666666666666664
HH Pandya,1304081,68.0
HH Pandya,1304086,54.666666666666664
HH Pandya,1304089,26.666666666666668
HH Pandya,1304094,4.666666666666667
HH Pandya,1304097,9.333333333333334
HH Pandya,1304103,12.0
HH Pandya,1304108,14.0
HH Pandya,1304113,26.666666666666668
HH Pandya,1312197,36.333333333333336
HH Pandya,1312200,45.333333333333336
HH Pandya,1359475,27.333333333333332
HH Pandya,1359481,15.666666666666666
HH Pandya,1359492,7.0
HH Pandya,1359497,13.666666666666666
HH Pandya,1359504,34.0
HH Pandya,1359509,35.666666666666664
HH Pandya,1359513,35.0
HH Pandya,1359518,32.666666666666664
HH Pandya,1359522,41.333333333333336
HH Pandya,1359525,41.0
HH Pandya,1359531,22.666666666666668
HH Pandya,1359536,12.333333333333334
HH Pandya,1370350,6.666666666666667
HH Pandya,1370352,14.666666666666666
HH Pandya,1370353,19.0
HM Amla,980971,1.0
HM Amla,980977,11.0
HM Amla,980985,7.333333333333333
HM Amla,980991,39.0
HM Amla,980999,35.0
HM Amla,981005,45.0
HM Amla,1082594,22.333333333333332
HM Amla,1082598,38.666666666666664
HM Amla,1082601,37.0
HM Amla,1082605,34.0
HM Amla,1082609,14.666666666666666
HM Amla,1082612,41.0
HM Amla,1082616,56.333333333333336
HM Amla,1082626,61.666666666666664
HM Amla,1082633,27.333333333333332
HM Amla,1082637,40.333333333333336
HR Shokeen,1304079,25.0
HR Shokeen,1304105,21.5
HR Shokeen,1359479,16.0
HR Shokeen,1359486,13.666666666666666
HR Shokeen,1370351,7.666666666666667
HV Patel,548310,0.0
HV Patel,548315,5.0
HV Patel,548376,5.0
HV Patel,733977,5.333333333333333
HV Patel,733983,4.0
HV Patel,733991,4.333333333333333
HV Patel,829713,7.0
HV Patel,829719,5.666666666666667
HV Patel,829745,3.6666666666666665
HV Patel,829763,2.6666666666666665
HV Patel,829779,2.0
HV Patel,829821,2.6666666666666665
HV Patel,1136602,8.666666666666666
HV Patel,1136612,20.666666666666668
HV Patel,1175368,20.0
HV Patel,1216500,17.333333333333332
HV Patel,1216535,7.0
HV Patel,1254058,8.333333333333334
HV Patel,1254076,3.0
HV Patel,1254083,11.666666666666666
HV Patel,1254087,14.333333333333334
HV Patel,1254090,14.666666666666666
HV Patel,1254113,5.333333333333333
HV Patel,1254115,4.0
HV Patel,1304052,7.0
HV Patel,1304059,9.0
HV Patel,1304077,6.333333333333333
HV Patel,1304082,4.333333333333333
HV Patel,1304085,4.0
HV Patel,1304106,7.666666666666667
HV Patel,1312199,6.666666666666667
HV Patel,1359483,4.0
HV Patel,1359494,2.3333333333333335
Harbhajan Singh,335985,2.0
Harbhajan Singh,335989,15.0
Harbhajan Singh,335991,10.0
Harbhajan Singh,392181,10.666666666666666
Harbhajan Singh,392192,8.0
Harbhajan Singh,392197,14.0
Harbhajan Singh,392200,14.666666666666666
Harbhajan Singh,392203,10.0
Harbhajan Singh,392212,4.0
Harbhajan Singh,392215,5.333333333333333
Harbhajan Singh,392225,5.666666666666667
Harbhajan Singh,392227,6.0
Harbhajan Singh,392235,6.666666666666667
Harbhajan Singh,419107,7.0
Harbhajan Singh,419119,8.0
Harbhajan Singh,419130,20.333333333333332
Harbhajan Singh,419132,18.0
Harbhajan Singh,419142,27.666666666666668
Harbhajan Singh,419146,14.333333333333334
Harbhajan Singh,419165,14.333333333333334
Harbhajan Singh,501231,6.666666666666667
Harbhajan Singh,501241,6.666666666666667
Harbhajan Singh,501251,10.333333333333334
Harbhajan Singh,501256,12.666666666666666
Harbhajan Singh,501263,10.0
Harbhajan Singh,501267,16.0
Harbhajan Singh,501269,14.0
Harbhajan Singh,501270,18.0
Harbhajan Singh,548308,13.333333333333334
Harbhajan Singh,548317,15.666666666666666
Harbhajan Singh,548325,22.333333333333332
Harbhajan Singh,548334,18.333333333333332
Harbhajan Singh,548339,12.333333333333334
Harbhajan Singh,548342,6.333333333333333
Harbhajan Singh,548351,5.0
Harbhajan Singh,548355,5.0
Harbhajan Singh,548360,6.666666666666667
Harbhajan Singh,548370,7.0
Harbhajan Singh,548379,7.333333333333333
Harbhajan Singh,597999,1.0
Harbhajan Singh,598002,7.666666666666667
Harbhajan Singh,598006,7.666666666666667
Harbhajan Singh,598019,7.666666666666667
Harbhajan Singh,598029,3.0
Harbhajan Singh,598033,8.0
Harbhajan Singh,598046,16.0
Harbhajan Singh,598055,15.0
Harbhajan Singh,598063,14.666666666666666
Harbhajan Singh,598066,8.0
Harbhajan Singh,598070,6.666666666666667
Harbhajan Singh,598072,3.6666666666666665
Harbhajan Singh,598073,6.666666666666667
Harbhajan Singh,729279,6.666666666666667
Harbhajan Singh,729287,7.333333333333333
Harbhajan Singh,729303,2.6666666666666665
Harbhajan Singh,729309,6.0
Harbhajan Singh,729317,3.6666666666666665
Harbhajan Singh,734031,4.333333333333333
Harbhajan Singh,734045,3.3333333333333335
Harbhajan Singh,829717,24.333333333333332
Harbhajan Singh,829729,31.666666666666668
Harbhajan Singh,829737,29.333333333333332
Harbhajan Singh,829747,11.0
Harbhajan Singh,829751,3.0
Harbhajan Singh,829783,4.666666666666667
Harbhajan Singh,829795,2.6666666666666665
Harbhajan Singh,829817,4.666666666666667
Harbhajan Singh,829823,5.0
Harbhajan Singh,980901,19.0
Harbhajan Singh,980917,19.666666666666668
Harbhajan Singh,980923,18.0
Harbhajan Singh,980933,3.0
Harbhajan Singh,980973,7.333333333333333
Harbhajan Singh,980985,11.666666666666666
Harbhajan Singh,981007,12.666666666666666
Harbhajan Singh,1082597,6.0
Harbhajan Singh,1082600,2.3333333333333335
Harbhajan Singh,1082614,2.0
Harbhajan Singh,1082618,4.0
Harbhajan Singh,1082625,3.0
Harbhajan Singh,1082638,2.6666666666666665
Harbhajan Singh,1082641,1.0
Harbhajan Singh,1136561,3.6666666666666665
Harbhajan Singh,1136616,9.666666666666666
Harbhajan Singh,1136617,9.666666666666666
Harbhajan Singh,1178419,7.333333333333333
Harbhajan Singh,1254062,1.6666666666666667
Harbhajan Singh,1254067,1.6666666666666667
Harmeet Singh,419163,0.0
Harmeet Singh,548309,0.5
Harmeet Singh,548323,5.0
Harmeet Singh,598056,6.0
Harpreet Brar,1178412,20.0
Harpreet Brar,1254083,22.5
Harpreet Brar,1254086,16.333333333333332
Harpreet Brar,1254090,10.666666666666666
Harpreet Brar,1254099,7.0
Harpreet Brar,1254107,11.666666666666666
Harpreet Brar,1304054,15.333333333333334
Harpreet Brar,1304106,13.0
Harpreet Brar,1304110,7.333333333333333
Harpreet Brar,1359488,3.0
Harpreet Brar,1359492,3.3333333333333335
Harpreet Brar,1359495,5.0
Harpreet Brar,1359501,9.0
Harpreet Brar,1359505,8.0
Harpreet Brar,1359527,11.666666666666666
Harpreet Brar,1359533,8.0
Harpreet Brar,1359538,6.333333333333333
Harpreet Singh,501232,1.0
Harpreet Singh,501235,7.0
Harpreet Singh,548375,6.666666666666667
Harpreet Singh,1359495,13.666666666666666
Harpreet Singh,1359501,13.666666666666666
Harpreet Singh,1359505,25.333333333333332
Harshit Rana,1304087,0.0
Harshit Rana,1304099,1.0
Harshit Rana,1359521,0.6666666666666666
I Malhotra,501243,7.0
I Sharma,335993,4.0
I Sharma,336000,2.5
I Sharma,336021,3.0
I Sharma,336027,2.3333333333333335
I Sharma,336035,2.0
I Sharma,392184,3.6666666666666665
I Sharma,392190,3.3333333333333335
I Sharma,392197,5.333333333333333
I Sharma,419113,4.333333333333333
I Sharma,419148,4.0
I Sharma,501199,2.3333333333333335
I Sharma,501203,0.6666666666666666
I Sharma,501224,1.0
I Sharma,501236,1.0
I Sharma,1082609,1.3333333333333333
I Sharma,1082623,2.6666666666666665
I Sharma,1082645,2.6666666666666665
I Sharma,1181767,5.333333333333333
I Sharma,1359508,4.0
I Udana,1216502,0.0
I Udana,1216505,2.0
I Udana,1216519,1.6666666666666667
I Udana,1216531,5.0
IC Pandey,598027,0.0
IK Pathan,335983,3.0
IK Pathan,335987,7.5
IK Pathan,335991,7.0
IK Pathan,335995,9.333333333333334
IK Pathan,336003,13.333333333333334
IK Pathan,336006,17.0
IK Pathan,336013,27.0
IK Pathan,336028,22.0
IK Pathan,336035,18.666666666666668
IK Pathan,336039,6.333333333333333
IK Pathan,392183,5.333333333333333
IK Pathan,392186,13.666666666666666
IK Pathan,392195,25.666666666666668
IK Pathan,392200,26.0
IK Pathan,392204,19.333333333333332
IK Pathan,392207,12.666666666666666
IK Pathan,392210,16.666666666666668
IK Pathan,392216,16.0
IK Pathan,392222,9.666666666666666
IK Pathan,392226,10.333333333333334
IK Pathan,392229,12.666666666666666
IK Pathan,392234,17.333333333333332
IK Pathan,419108,17.333333333333332
IK Pathan,419112,12.666666666666666
IK Pathan,419117,28.0
IK Pathan,419121,34.0
IK Pathan,419124,33.333333333333336
IK Pathan,419127,20.666666666666668
IK Pathan,419132,13.666666666666666
IK Pathan,419136,18.666666666666668
IK Pathan,419143,19.333333333333332
IK Pathan,419146,18.333333333333332
IK Pathan,419149,17.0
IK Pathan,419156,9.333333333333334
IK Pathan,419159,19.0
IK Pathan,501201,15.0
IK Pathan,501204,17.666666666666668
IK Pathan,501213,7.666666666666667
IK Pathan,501216,9.333333333333334
IK Pathan,501227,10.666666666666666
IK Pathan,501230,9.0
IK Pathan,501233,11.666666666666666
IK Pathan,501238,9.0
IK Pathan,501243,10.0
IK Pathan,501246,13.333333333333334
IK Pathan,501253,26.333333333333332
IK Pathan,501257,23.333333333333332
IK Pathan,548307,29.666666666666668
IK Pathan,548310,23.0
IK Pathan,548321,23.666666666666668
IK Pathan,548333,14.666666666666666
IK Pathan,548342,6.666666666666667
IK Pathan,548345,7.333333333333333
IK Pathan,548357,14.333333333333334
IK Pathan,548364,18.666666666666668
IK Pathan,548369,22.666666666666668
IK Pathan,548372,12.0
IK Pathan,548374,9.333333333333334
IK Pathan,548378,5.0
IK Pathan,597998,5.0
IK Pathan,598001,3.6666666666666665
IK Pathan,598006,5.0
IK Pathan,598010,11.333333333333334
IK Pathan,598017,21.0
IK Pathan,598020,18.333333333333332
IK Pathan,598028,11.0
IK Pathan,598035,2.3333333333333335
IK Pathan,598044,6.0
IK Pathan,598054,13.333333333333334
IK Pathan,598059,16.666666666666668
IK Pathan,598062,13.666666666666666
IK Pathan,598067,14.0
IK Pathan,729295,11.0
IK Pathan,729317,10.0
IK Pathan,733977,3.3333333333333335
IK Pathan,733989,8.666666666666666
IK Pathan,734007,8.666666666666666
IK Pathan,734015,15.0
IK Pathan,980919,8.666666666666666
IK Pathan,980989,10.666666666666666
IK Pathan,981005,3.6666666666666665
IK Pathan,1082625,3.6666666666666665
IR Jaggi,501199,25.0
IR Jaggi,501203,14.0
IR Jaggi,548335,10.333333333333334
IR Jaggi,548341,5.333333333333333
IR Jaggi,548346,5.0
IR Jaggi,1082648,5.666666666666667
IR Jaggi,1082649,11.666666666666666
IS Sodhi,1136609,1.0
IS Sodhi,1178428,3.5
Imran Tahir,734011,4.0
Imran Tahir,734039,4.0
Imran Tahir,829707,3.3333333333333335
Imran Tahir,829757,3.0
Imran Tahir,980993,3.3333333333333335
Imran Tahir,1082599,2.6666666666666665
Imran Tahir,1136561,2.3333333333333335
Imran Tahir,1216521,5.0
Iqbal Abdulla,336017,1.0
Iqbal Abdulla,419153,0.5
Iqbal Abdulla,501198,1.3333333333333333
Iqbal Abdulla,501219,5.0
Iqbal Abdulla,548307,5.333333333333333
Iqbal Abdulla,548312,4.666666666666667
Iqbal Abdulla,598050,2.6666666666666665
Iqbal Abdulla,598069,3.0
Iqbal Abdulla,829737,9.333333333333334
Iqbal Abdulla,829779,7.333333333333333
Iqbal Abdulla,981013,17.666666666666668
Iqbal Abdulla,981019,12.333333333333334
Iqbal Abdulla,1082595,14.0
Ishan Kishan,980905,11.0
Ishan Kishan,980945,6.5
Ishan Kishan,980949,4.333333333333333
Ishan Kishan,980955,9.666666666666666
Ishan Kishan,980961,9.666666666666666
Ishan Kishan,1082606,13.333333333333334
Ishan Kishan,1082610,17.333333333333332
Ishan Kishan,1082613,18.0
Ishan Kishan,1082621,19.666666666666668
Ishan Kishan,1082625,22.666666666666668
Ishan Kishan,1082629,31.666666666666668
Ishan Kishan,1082632,27.666666666666668
Ishan Kishan,1082637,21.333333333333332
Ishan Kishan,1082640,22.333333333333332
Ishan Kishan,1082643,41.333333333333336
Ishan Kishan,1136561,45.0
Ishan Kishan,1136567,36.666666666666664
Ishan Kishan,1136569,31.0
Ishan Kishan,1136574,17.666666666666668
Ishan Kishan,1136581,34.0
Ishan Kishan,1136583,19.333333333333332
Ishan Kishan,1136591,19.333333333333332
Ishan Kishan,1136594,8.333333333333334
Ishan Kishan,1136601,29.0
Ishan Kishan,1136607,33.0
Ishan Kishan,1136610,31.333333333333332
Ishan Kishan,1136615,12.333333333333334
Ishan Kishan,1178394,14.0
Ishan Kishan,1178399,9.666666666666666
Ishan Kishan,1178402,9.666666666666666
Ishan Kishan,1178406,11.0
Ishan Kishan,1181764,18.0
Ishan Kishan,1181768,24.0
Ishan Kishan,1216495,28.0
Ishan Kishan,1216499,27.0
Ishan Kishan,1216503,28.666666666666668
Ishan Kishan,1216511,17.666666666666668
Ishan Kishan,1216517,11.666666666666666
Ishan Kishan,1216521,25.0
Ishan Kishan,1216529,34.333333333333336
Ishan Kishan,1216535,56.0
Ishan Kishan,1216538,43.666666666666664
Ishan Kishan,1216541,46.666666666666664
Ishan Kishan,1216547,55.666666666666664
Ishan Kishan,1237177,63.666666666666664
Ishan Kishan,1237181,62.333333333333336
Ishan Kishan,1254058,38.666666666666664
Ishan Kishan,1254062,20.666666666666668
Ishan Kishan,1254066,13.666666666666666
Ishan Kishan,1254070,13.0
Ishan Kishan,1254074,14.666666666666666
Ishan Kishan,1254088,38.666666666666664
Ishan Kishan,1254093,46.666666666666664
Ishan Kishan,1254096,49.333333333333336
Ishan Kishan,1254104,25.0
Ishan Kishan,1254108,11.333333333333334
Ishan Kishan,1304048,33.666666666666664
Ishan Kishan,1304055,48.0
Ishan Kishan,1304060,49.666666666666664
Ishan Kishan,1304064,31.333333333333332
Ishan Kishan,1304069,14.333333333333334
Ishan Kishan,1304072,14.0
Ishan Kishan,1304079,5.333333333333333
Ishan Kishan,1304083,7.0
Ishan Kishan,1304090,11.333333333333334
Ishan Kishan,1304097,26.333333333333332
Ishan Kishan,1304102,40.666666666666664
Ishan Kishan,1304105,34.0
Ishan Kishan,1304111,33.333333333333336
Ishan Kishan,1304115,32.333333333333336
Ishan Kishan,1359479,33.666666666666664
Ishan Kishan,1359486,30.0
Ishan Kishan,1359490,24.333333333333332
Ishan Kishan,1359496,40.333333333333336
Ishan Kishan,1359499,42.333333333333336
Ishan Kishan,1359505,32.333333333333336
Ishan Kishan,1359509,17.333333333333332
Ishan Kishan,1359516,14.0
Ishan Kishan,1359520,38.666666666666664
Ishan Kishan,1359523,36.666666666666664
Ishan Kishan,1359528,41.333333333333336
Ishan Kishan,1359531,26.666666666666668
Ishan Kishan,1359537,44.0
Ishan Kishan,1359543,34.666666666666664
Ishan Kishan,1370351,29.333333333333332
J Arunkumar,336010,22.0
J Arunkumar,336016,11.5
J Arunkumar,336023,7.666666666666667
J Botha,392225,2.0
J Botha,392230,19.5
J Botha,392233,15.666666666666666
J Botha,501199,37.333333333333336
J Botha,501204,38.0
J Botha,501209,39.333333333333336
J Botha,501225,21.666666666666668
J Botha,501231,23.666666666666668
J Botha,501235,23.666666666666668
J Botha,501240,21.666666666666668
J Botha,501249,11.333333333333334
J Botha,501252,13.666666666666666
J Botha,548317,11.666666666666666
J Botha,548320,9.0
J Botha,548326,7.333333333333333
J Botha,548354,11.333333333333334
J Botha,548361,13.333333333333334
J Botha,548365,11.0
J Botha,548373,7.333333333333333
J Botha,597998,5.666666666666667
J Botha,598001,4.0
J Botha,598010,6.0
J Botha,598044,4.0
J Botha,598059,3.6666666666666665
J Botha,598062,8.333333333333334
J Botha,829761,13.666666666666666
J Botha,829781,17.333333333333332
J Botha,829791,10.333333333333334
J Suchith,829717,34.0
J Suchith,829721,17.0
J Suchith,829751,14.333333333333334
J Suchith,829795,4.333333333333333
J Suchith,829817,4.666666666666667
J Suchith,1178425,3.6666666666666665
J Suchith,1254077,7.0
J Suchith,1304100,7.333333333333333
J Suchith,1304116,5.333333333333333
J Syed Mohammad,501227,13.0
J Syed Mohammad,501271,7.5
J Syed Mohammad,548356,6.333333333333333
J Syed Mohammad,598017,2.3333333333333335
J Syed Mohammad,598033,4.666666666666667
J Theron,419121,0.0
J Theron,419124,1.0
J Theron,548359,3.0
J Theron,829769,3.3333333333333335
J Yadav,980965,1.0
J Yadav,981011,3.0
J Yadav,1254070,9.666666666666666
J Yadav,1254112,13.0
JA Morkel,336001,28.0
JA Morkel,336005,35.0
JA Morkel,336007,33.0
JA Morkel,336009,33.666666666666664
JA Morkel,336013,22.0
JA Morkel,336018,14.0
JA Morkel,336029,4.333333333333333
JA Morkel,336033,25.666666666666668
JA Morkel,336037,28.0
JA Morkel,336040,33.0
JA Morkel,392185,11.0
JA Morkel,392189,11.333333333333334
JA Morkel,392196,10.333333333333334
JA Morkel,392202,10.0
JA Morkel,392206,7.666666666666667
JA Morkel,392209,4.666666666666667
JA Morkel,392214,4.0
JA Morkel,392224,5.0
JA Morkel,392231,10.666666666666666
JA Morkel,392238,16.666666666666668
JA Morkel,419110,27.666666666666668
JA Morkel,419116,20.666666666666668
JA Morkel,419121,18.333333333333332
JA Morkel,419123,10.666666666666666
JA Morkel,419129,20.0
JA Morkel,419133,16.0
JA Morkel,419137,30.333333333333332
JA Morkel,419155,21.333333333333332
JA Morkel,419159,25.666666666666668
JA Morkel,419163,6.333333333333333
JA Morkel,419165,11.0
JA Morkel,501198,11.333333333333334
JA Morkel,501211,13.0
JA Morkel,501215,11.0
JA Morkel,501221,7.0
JA Morkel,501226,4.0
JA Morkel,501236,7.333333333333333
JA Morkel,501245,16.333333333333332
JA Morkel,501249,18.0
JA Morkel,501261,16.0
JA Morkel,501266,7.666666666666667
JA Morkel,501268,15.333333333333334
JA Morkel,501271,11.666666666666666
JA Morkel,548306,11.0
JA Morkel,548311,2.3333333333333335
JA Morkel,548316,2.3333333333333335
JA Morkel,548318,10.666666666666666
JA Morkel,548322,11.0
JA Morkel,548343,13.0
JA Morkel,548347,8.0
JA Morkel,548352,11.333333333333334
JA Morkel,548355,9.666666666666666
JA Morkel,548361,11.333333333333334
JA Morkel,548371,11.666666666666666
JA Morkel,548380,10.666666666666666
JA Morkel,598015,9.0
JA Morkel,598041,12.0
JA Morkel,598073,15.333333333333334
JA Morkel,729299,13.0
JA Morkel,729305,7.666666666666667
JA Morkel,729313,9.333333333333334
JA Morkel,733991,12.666666666666666
JA Morkel,733999,10.666666666666666
JA Morkel,829707,30.0
JA Morkel,829761,26.333333333333332
JA Morkel,829801,28.666666666666668
JA Morkel,980939,9.666666666666666
JA Richardson,1254061,0.0
JA Richardson,1254065,7.5
JC Archer,1136581,8.0
JC Archer,1136588,4.5
JC Archer,1136598,3.0
JC Archer,1136600,0.3333333333333333
JC Archer,1136609,2.0
JC Archer,1136613,2.0
JC Archer,1175359,2.6666666666666665
JC Archer,1175367,8.666666666666666
JC Archer,1178400,13.0
JC Archer,1178407,12.666666666666666
JC Archer,1178418,13.666666666666666
JC Archer,1216496,18.333333333333332
JC Archer,1216500,18.666666666666668
JC Archer,1216504,11.666666666666666
JC Archer,1216511,10.666666666666666
JC Archer,1216514,15.333333333333334
JC Archer,1216518,18.666666666666668
JC Archer,1216522,11.333333333333334
JC Archer,1216527,10.333333333333334
JC Archer,1216530,7.0
JC Archer,1216543,6.666666666666667
JC Archer,1359505,2.6666666666666665
JC Archer,1359523,1.6666666666666667
JC Buttler,980901,0.0
JC Buttler,980909,20.5
JC Buttler,980917,19.0
JC Buttler,980923,22.666666666666668
JC Buttler,980927,18.333333333333332
JC Buttler,980933,13.666666666666666
JC Buttler,980941,18.0
JC Buttler,980947,13.666666666666666
JC Buttler,980957,22.0
JC Buttler,980973,14.666666666666666
JC Buttler,980981,19.333333333333332
JC Buttler,980985,13.333333333333334
JC Buttler,980993,18.666666666666668
JC Buttler,981007,20.0
JC Buttler,1082592,29.666666666666668
JC Buttler,1082597,33.0
JC Buttler,1082600,26.666666666666668
JC Buttler,1082602,14.666666666666666
JC Buttler,1082606,14.0
JC Buttler,1082612,35.0
JC Buttler,1082614,43.666666666666664
JC Buttler,1082618,40.666666666666664
JC Buttler,1082625,18.333333333333332
JC Buttler,1082628,20.0
JC Buttler,1136564,16.333333333333332
JC Buttler,1136566,22.666666666666668
JC Buttler,1136571,19.333333333333332
JC Buttler,1136575,25.333333333333332
JC Buttler,1136577,23.0
JC Buttler,1136581,17.333333333333332
JC Buttler,1136588,12.666666666666666
JC Buttler,1136592,27.666666666666668
JC Buttler,1136598,42.666666666666664
JC Buttler,1136600,66.66666666666667
JC Buttler,1136603,76.0
JC Buttler,1136607,90.33333333333333
JC Buttler,1136609,76.0
JC Buttler,1175359,67.33333333333333
JC Buttler,1175363,37.666666666666664
JC Buttler,1175367,26.666666666666668
JC Buttler,1175369,23.333333333333332
JC Buttler,1178396,34.0
JC Buttler,1178400,39.666666666666664
JC Buttler,1178402,49.666666666666664
JC Buttler,1178407,45.0
JC Buttler,1216500,41.666666666666664
JC Buttler,1216504,19.0
JC Buttler,1216507,16.666666666666668
JC Buttler,1216511,35.666666666666664
JC Buttler,1216514,36.0
JC Buttler,1216518,33.666666666666664
JC Buttler,1216522,18.333333333333332
JC Buttler,1216527,12.333333333333334
JC Buttler,1216530,21.0
JC Buttler,1216533,36.333333333333336
JC Buttler,1216537,42.333333333333336
JC Buttler,1216543,38.0
JC Buttler,1254061,23.0
JC Buttler,1254064,16.333333333333332
JC Buttler,1254069,25.333333333333332
JC Buttler,1254073,19.666666666666668
JC Buttler,1254075,20.666666666666668
JC Buttler,1254081,18.0
JC Buttler,1254085,56.666666666666664
JC Buttler,1304051,66.66666666666667
JC Buttler,1304055,86.33333333333333
JC Buttler,1304059,68.33333333333333
JC Buttler,1304066,61.0
JC Buttler,1304070,45.666666666666664
JC Buttler,1304076,56.666666666666664
JC Buttler,1304080,91.0
JC Buttler,1304085,75.66666666666667
JC Buttler,1304090,63.666666666666664
JC Buttler,1304093,32.333333333333336
JC Buttler,1304098,39.666666666666664
JC Buttler,1304104,19.666666666666668
JC Buttler,1304109,13.0
JC Buttler,1304114,3.6666666666666665
JC Buttler,1312197,31.0
JC Buttler,1312199,65.66666666666667
JC Buttler,1312200,78.0
JC Buttler,1359478,66.33333333333333
JC Buttler,1359482,37.333333333333336
JC Buttler,1359485,50.666666666666664
JC Buttler,1359491,50.0
JC Buttler,1359497,43.666666666666664
JC Buttler,1359500,30.666666666666668
JC Buttler,1359506,13.333333333333334
JC Buttler,1359511,22.333333333333332
JC Buttler,1359516,15.0
JC Buttler,1359522,17.666666666666668
JC Buttler,1359526,40.333333333333336
JC Buttler,1359530,34.333333333333336
JC Buttler,1359534,31.666666666666668
JC Buttler,1359540,0.0
JD Ryder,392182,0.0
JD Ryder,392188,0.0
JD Ryder,392191,10.666666666666666
JD Ryder,392204,11.333333333333334
JD Ryder,392221,18.666666666666668
JD Ryder,501202,18.333333333333332
JD Ryder,501207,23.333333333333332
JD Ryder,501213,36.0
JD Ryder,501218,29.666666666666668
JD Ryder,501226,29.0
JD Ryder,501228,15.333333333333334
JD Ryder,501232,28.333333333333332
JD Ryder,501235,29.333333333333332
JD Ryder,501241,23.0
JD Ryder,501248,11.0
JD Ryder,501250,16.666666666666668
JD Ryder,501259,22.666666666666668
JD Ryder,501262,18.0
JD Ryder,548313,9.0
JD Ryder,548319,5.333333333333333
JD Ryder,548322,29.333333333333332
JD Ryder,548327,38.0
JD Ryder,548330,38.666666666666664
JD Ryder,548333,43.0
JD Ryder,548337,31.666666666666668
JD Ryder,548341,31.0
JD Ryder,548351,5.333333333333333
JD Ryder,548365,5.666666666666667
JD Ryder,548375,10.666666666666666
JD Unadkat,598004,1.0
JD Unadkat,598057,1.0
JD Unadkat,729293,1.0
JD Unadkat,734039,0.6666666666666666
JD Unadkat,1082607,1.0
JD Unadkat,1136564,1.0
JD Unadkat,1136577,6.333333333333333
JD Unadkat,1136598,7.666666666666667
JD Unadkat,1136600,7.333333333333333
JD Unadkat,1136609,10.666666666666666
JD Unadkat,1175359,9.0
JD Unadkat,1178418,9.0
JD Unadkat,1216504,3.3333333333333335
JD Unadkat,1254064,6.666666666666667
JD Unadkat,1254069,14.666666666666666
JD Unadkat,1254106,13.666666666666666
JD Unadkat,1304064,14.333333333333334
JD Unadkat,1304069,10.333333333333334
JD Unadkat,1304072,13.0
JD Unadkat,1304079,15.0
JD Unadkat,1304083,11.333333333333334
JD Unadkat,1359489,9.666666666666666
JDP Oram,335983,13.0
JDP Oram,335989,9.0
JDP Oram,392181,8.666666666666666
JDP Oram,392196,18.0
JDP Oram,392202,17.0
JDP Oram,392206,15.333333333333334
JDP Oram,392217,2.0
JDP Oram,392224,3.6666666666666665
JDP Oram,392234,8.333333333333334
JDP Oram,392238,11.0
JDP Oram,501258,8.666666666666666
JDS Neesham,729289,8.0
JDS Neesham,729293,15.0
JDS Neesham,734039,14.0
JDS Neesham,1216503,13.666666666666666
JDS Neesham,1216506,7.0
JDS Neesham,1216546,6.333333333333333
JDS Neesham,1254084,4.0
JDS Neesham,1254088,3.3333333333333335
JDS Neesham,1304070,5.666666666666667
JDS Neesham,1304109,10.333333333333334
JE Root,1359534,10.0
JE Taylor,501226,2.0
JE Taylor,501228,1.5
JEC Franklin,501218,6.0
JEC Franklin,501263,8.5
JEC Franklin,501267,20.666666666666668
JEC Franklin,501269,28.333333333333332
JEC Franklin,501270,30.0
JEC Franklin,548306,23.333333333333332
JEC Franklin,548308,24.333333333333332
JEC Franklin,548314,21.333333333333332
JEC Franklin,548317,13.666666666666666
JEC Franklin,548334,29.333333333333332
JEC Franklin,548339,34.333333333333336
JEC Franklin,548346,38.0
JEC Franklin,548351,20.0
JEC Franklin,548355,13.0
JEC Franklin,548360,9.0
JEC Franklin,548379,5.0
JH Kallis,335982,8.0
JH Kallis,335985,16.5
JH Kallis,335992,14.666666666666666
JH Kallis,335996,16.666666666666668
JH Kallis,335998,26.333333333333332
JH Kallis,336002,33.0
JH Kallis,336006,28.333333333333332
JH Kallis,336023,17.0
JH Kallis,336026,15.0
JH Kallis,336029,16.666666666666668
JH Kallis,336034,12.0
JH Kallis,392185,11.666666666666666
JH Kallis,392188,15.0
JH Kallis,392191,33.666666666666664
JH Kallis,392194,25.666666666666668
JH Kallis,392199,28.333333333333332
JH Kallis,392204,16.666666666666668
JH Kallis,392208,39.666666666666664
JH Kallis,392213,35.333333333333336
JH Kallis,392218,30.333333333333332
JH Kallis,392221,18.0
JH Kallis,392224,14.666666666666666
JH Kallis,392232,30.0
JH Kallis,392236,21.0
JH Kallis,392238,24.0
JH Kallis,392239,9.666666666666666
JH Kallis,419109,29.666666666666668
JH Kallis,419112,56.333333333333336
JH Kallis,419115,66.0
JH Kallis,419119,66.33333333333333
JH Kallis,419123,43.0
JH Kallis,419128,37.333333333333336
JH Kallis,419133,32.666666666666664
JH Kallis,419136,29.333333333333332
JH Kallis,419140,38.333333333333336
JH Kallis,419145,43.666666666666664
JH Kallis,419148,43.333333333333336
JH Kallis,419151,34.333333333333336
JH Kallis,419154,11.666666666666666
JH Kallis,419157,13.666666666666666
JH Kallis,419162,8.333333333333334
JH Kallis,419164,14.666666666666666
JH Kallis,501198,28.0
JH Kallis,501203,42.0
JH Kallis,501209,62.333333333333336
JH Kallis,501214,44.333333333333336
JH Kallis,501219,28.666666666666668
JH Kallis,501222,15.333333333333334
JH Kallis,501230,19.0
JH Kallis,501234,17.333333333333332
JH Kallis,501239,14.0
JH Kallis,501242,25.333333333333332
JH Kallis,501245,32.0
JH Kallis,501255,27.666666666666668
JH Kallis,501267,32.333333333333336
JH Kallis,501269,27.666666666666668
JH Kallis,548307,23.333333333333332
JH Kallis,548312,5.333333333333333
JH Kallis,548315,10.333333333333334
JH Kallis,548320,19.333333333333332
JH Kallis,548323,18.0
JH Kallis,548328,20.666666666666668
JH Kallis,548335,18.0
JH Kallis,548344,31.333333333333332
JH Kallis,548347,30.0
JH Kallis,548353,22.666666666666668
JH Kallis,548357,19.0
JH Kallis,548363,36.666666666666664
JH Kallis,548368,37.666666666666664
JH Kallis,548370,27.666666666666668
JH Kallis,548375,5.666666666666667
JH Kallis,548378,14.333333333333334
JH Kallis,548381,37.333333333333336
JH Kallis,597998,40.666666666666664
JH Kallis,598005,30.666666666666668
JH Kallis,598008,13.0
JH Kallis,598013,19.0
JH Kallis,598016,19.333333333333332
JH Kallis,598029,26.333333333333332
JH Kallis,598031,25.0
JH Kallis,598034,31.0
JH Kallis,598040,22.666666666666668
JH Kallis,598043,21.333333333333332
JH Kallis,598050,23.0
JH Kallis,598053,19.666666666666668
JH Kallis,598057,22.333333333333332
JH Kallis,598061,14.666666666666666
JH Kallis,598069,22.0
JH Kallis,729279,32.333333333333336
JH Kallis,729289,32.0
JH Kallis,729299,38.333333333333336
JH Kallis,729307,17.333333333333332
JH Kallis,729315,21.666666666666668
JH Kallis,733971,8.666666666666666
JH Kallis,733985,9.0
JJ Bumrah,729287,1.0
JJ Bumrah,734031,0.5
JJ Bumrah,980973,2.3333333333333335
JJ Bumrah,980985,2.6666666666666665
JJ Bumrah,1082625,2.6666666666666665
JJ Bumrah,1082647,6.0
JJ Bumrah,1136567,6.666666666666667
JJ Bumrah,1136583,8.666666666666666
JJ Bumrah,1136615,3.3333333333333335
JJ Bumrah,1175362,2.0
JJ Bumrah,1216492,1.6666666666666667
JJ Bumrah,1254058,2.0
JJ Bumrah,1254062,2.0
JJ Bumrah,1254070,1.3333333333333333
JJ Bumrah,1254088,2.6666666666666665
JJ Bumrah,1254104,3.0
JJ Bumrah,1254108,3.6666666666666665
JJ Bumrah,1254112,2.3333333333333335
JJ Bumrah,1304055,2.0
JJ Bumrah,1304069,0.3333333333333333
JJ Bumrah,1304083,0.0
JJ Bumrah,1304111,0.0
JJ Roy,1082593,14.0
JJ Roy,1082596,22.5
JJ Roy,1082606,19.666666666666668
JJ Roy,1136569,45.333333333333336
JJ Roy,1136573,35.333333333333336
JJ Roy,1136579,32.333333333333336
JJ Roy,1136602,5.666666666666667
JJ Roy,1136605,9.333333333333334
JJ Roy,1254088,19.0
JJ Roy,1254091,16.0
JJ Roy,1254095,26.666666666666668
JJ Roy,1254100,35.333333333333336
JJ Roy,1254109,38.0
JJ Roy,1359502,37.666666666666664
JJ Roy,1359507,38.0
JJ Roy,1359510,53.333333333333336
JJ Roy,1359521,45.666666666666664
JJ Roy,1359527,38.0
JJ Roy,1359530,22.666666666666668
JJ Roy,1359535,20.0
JJ Roy,1359542,22.333333333333332
JJ van der Wath,501208,0.0
JJ van der Wath,501211,7.0
JJ van der Wath,501260,6.0
JL Denly,1178401,0.0
JL Pattinson,1216492,11.0
JL Pattinson,1216495,7.5
JM Bairstow,1175357,39.0
JM Bairstow,1175363,42.0
JM Bairstow,1175366,66.0
JM Bairstow,1175371,69.0
JM Bairstow,1178394,59.333333333333336
JM Bairstow,1178397,21.666666666666668
JM Bairstow,1178405,19.333333333333332
JM Bairstow,1178408,34.333333333333336
JM Bairstow,1178413,60.666666666666664
JM Bairstow,1178416,47.0
JM Bairstow,1216498,33.0
JM Bairstow,1216507,11.666666666666666
JM Bairstow,1216512,23.666666666666668
JM Bairstow,1216516,17.333333333333332
JM Bairstow,1216518,15.333333333333334
JM Bairstow,1216528,11.0
JM Bairstow,1216532,28.666666666666668
JM Bairstow,1216534,45.666666666666664
JM Bairstow,1216538,46.333333333333336
JM Bairstow,1216542,61.0
JM Bairstow,1216545,42.333333333333336
JM Bairstow,1254060,52.333333333333336
JM Bairstow,1254063,24.0
JM Bairstow,1254066,36.666666666666664
JM Bairstow,1254071,39.333333333333336
JM Bairstow,1254077,48.0
JM Bairstow,1254080,36.0
JM Bairstow,1254085,25.0
JM Bairstow,1304062,15.0
JM Bairstow,1304069,16.666666666666668
JM Bairstow,1304074,10.666666666666666
JM Bairstow,1304078,11.0
JM Bairstow,1304084,9.0
JM Bairstow,1304088,15.666666666666666
JM Bairstow,1304094,13.0
JM Bairstow,1304098,29.666666666666668
JM Bairstow,1304106,41.0
JM Bairstow,1304110,50.0
JM Bairstow,1304116,39.0
JM Kemp,419110,22.0
JM Kemp,419116,13.0
JM Sharma,1304057,26.0
JM Sharma,1304062,24.5
JM Sharma,1304069,26.333333333333332
JM Sharma,1304074,21.333333333333332
JM Sharma,1304078,24.333333333333332
JM Sharma,1304088,15.0
JM Sharma,1304098,24.0
JM Sharma,1304106,16.333333333333332
JM Sharma,1304110,30.333333333333332
JM Sharma,1304116,24.0
JM Sharma,1359476,28.0
JM Sharma,1359482,22.333333333333332
JM Sharma,1359488,17.333333333333332
JM Sharma,1359492,18.666666666666668
JM Sharma,1359495,10.333333333333334
JM Sharma,1359501,22.666666666666668
JM Sharma,1359505,22.666666666666668
JM Sharma,1359512,30.0
JM Sharma,1359515,23.333333333333332
JM Sharma,1359520,31.333333333333332
JM Sharma,1359527,30.333333333333332
JM Sharma,1359533,25.0
JM Sharma,1359538,8.666666666666666
JM Sharma,1359540,16.333333333333332
JO Holder,734037,16.0
JO Holder,980951,8.0
JO Holder,981001,9.666666666666666
JO Holder,981009,5.333333333333333
JO Holder,981015,7.333333333333333
JO Holder,1216498,4.666666666666667
JO Holder,1216502,12.333333333333334
JO Holder,1237178,18.333333333333332
JO Holder,1237180,20.333333333333332
JO Holder,1254063,13.0
JO Holder,1254088,5.333333333333333
JO Holder,1254091,3.3333333333333335
JO Holder,1254095,7.333333333333333
JO Holder,1254105,10.333333333333334
JO Holder,1254107,24.333333333333332
JO Holder,1254109,19.666666666666668
JO Holder,1304058,19.0
JO Holder,1304066,6.0
JO Holder,1304077,10.666666666666666
JO Holder,1304083,8.0
JO Holder,1304088,9.0
JO Holder,1304099,8.0
JO Holder,1304103,8.333333333333334
JO Holder,1304109,5.0
JO Holder,1359482,1.0
JO Holder,1359491,0.6666666666666666
JO Holder,1359516,4.0
JP Behrendorff,1359509,3.0
JP Behrendorff,1370352,3.0
JP Duminy,392181,9.0
JP Duminy,392192,28.0
JP Duminy,392197,24.666666666666668
JP Duminy,392200,41.333333333333336
JP Duminy,392203,43.0
JP Duminy,392208,37.333333333333336
JP Duminy,392212,35.0
JP Duminy,392215,17.666666666666668
JP Duminy,392218,37.0
JP Duminy,392225,21.0
JP Duminy,392227,41.666666666666664
JP Duminy,392235,25.0
JP Duminy,419146,35.333333333333336
JP Duminy,419150,25.0
JP Duminy,419152,29.0
JP Duminy,419157,31.333333333333332
JP Duminy,419161,27.333333333333332
JP Duminy,419162,21.333333333333332
JP Duminy,419165,9.333333333333334
JP Duminy,501199,7.666666666666667
JP Duminy,501203,8.666666666666666
JP Duminy,501208,14.0
JP Duminy,501212,15.333333333333334
JP Duminy,501236,19.0
JP Duminy,501243,30.0
JP Duminy,501250,34.0
JP Duminy,501256,31.0
JP Duminy,501259,20.333333333333332
JP Duminy,501264,14.333333333333334
JP Duminy,548321,13.0
JP Duminy,548326,24.666666666666668
JP Duminy,548329,25.0
JP Duminy,548335,29.0
JP Duminy,548341,18.333333333333332
JP Duminy,548346,22.333333333333332
JP Duminy,548348,18.333333333333332
JP Duminy,548373,17.666666666666668
JP Duminy,548376,34.0
JP Duminy,729281,55.0
JP Duminy,729289,64.33333333333333
JP Duminy,729293,44.666666666666664
JP Duminy,729301,29.0
JP Duminy,729309,18.0
JP Duminy,733975,26.0
JP Duminy,733981,28.666666666666668
JP Duminy,733985,35.666666666666664
JP Duminy,733993,24.0
JP Duminy,734005,30.666666666666668
JP Duminy,734011,20.0
JP Duminy,734019,24.333333333333332
JP Duminy,734031,23.333333333333332
JP Duminy,734039,23.333333333333332
JP Duminy,829707,19.333333333333332
JP Duminy,829715,19.0
JP Duminy,829725,23.333333333333332
JP Duminy,829731,39.666666666666664
JP Duminy,829739,26.666666666666668
JP Duminy,829747,45.666666666666664
JP Duminy,829757,32.0
JP Duminy,829761,38.666666666666664
JP Duminy,829777,31.333333333333332
JP Duminy,829783,36.333333333333336
JP Duminy,829793,32.0
JP Duminy,829801,15.333333333333334
JP Duminy,829813,28.333333333333332
JP Duminy,980921,26.666666666666668
JP Duminy,980933,41.0
JP Duminy,980945,34.666666666666664
JP Duminy,980961,36.666666666666664
JP Duminy,980965,31.666666666666668
JP Duminy,980993,18.666666666666668
JP Duminy,980997,19.0
JP Duminy,981003,13.333333333333334
JP Duminy,1136591,18.0
JP Duminy,1136597,17.666666666666668
JP Faulkner,548309,11.0
JP Faulkner,548313,7.0
JP Faulkner,598009,11.0
JP Faulkner,598023,8.333333333333334
JP Faulkner,598036,7.666666666666667
JP Faulkner,598043,1.6666666666666667
JP Faulkner,598047,1.6666666666666667
JP Faulkner,598058,1.6666666666666667
JP Faulkner,598063,5.333333333333333
JP Faulkner,598065,6.333333333333333
JP Faulkner,598071,9.666666666666666
JP Faulkner,729285,8.333333333333334
JP Faulkner,729291,9.0
JP Faulkner,729297,6.666666666666667
JP Faulkner,729315,4.666666666666667
JP Faulkner,733979,2.3333333333333335
JP Faulkner,733989,2.3333333333333335
JP Faulkner,733999,15.333333333333334
JP Faulkner,734003,15.333333333333334
JP Faulkner,734011,21.666666666666668
JP Faulkner,734017,18.333333333333332
JP Faulkner,734033,29.666666666666668
JP Faulkner,734041,29.666666666666668
JP Faulkner,829709,34.666666666666664
JP Faulkner,829715,28.666666666666668
JP Faulkner,829721,23.0
JP Faulkner,829727,9.666666666666666
JP Faulkner,829741,4.333333333333333
JP Faulkner,829749,3.6666666666666665
JP Faulkner,829777,4.333333333333333
JP Faulkner,829787,14.0
JP Faulkner,829797,18.0
JP Faulkner,829811,17.333333333333332
JP Faulkner,829819,8.666666666666666
JP Faulkner,980917,5.666666666666667
JP Faulkner,980945,11.0
JP Faulkner,980949,12.666666666666666
JP Faulkner,980955,21.0
JP Faulkner,980961,16.0
JP Faulkner,1082613,14.333333333333334
JP Faulkner,1082625,10.666666666666666
JP Faulkner,1082629,10.333333333333334
JP Faulkner,1082632,9.333333333333334
JP Faulkner,1082640,7.0
JP Faulkner,1082643,7.666666666666667
JPR Scantlebury-Searles,1136604,6.0
JPR Scantlebury-Searles,1136618,4.0
JR Hazlewood,1304068,7.0
JR Hazlewood,1304082,5.0
JR Hazlewood,1304085,3.3333333333333335
JR Hazlewood,1304106,3.3333333333333335
JR Hazlewood,1312199,2.6666666666666665
JR Hazlewood,1359517,3.0
JR Hopes,335983,71.0
JR Hopes,335987,43.5
JR Hopes,336003,35.0
JR Hopes,336006,13.0
JR Hopes,336013,12.333333333333334
JR Hopes,336016,15.333333333333334
JR Hopes,336019,30.666666666666668
JR Hopes,336022,27.333333333333332
JR Hopes,336028,18.333333333333332
JR Hopes,336035,5.666666666666667
JR Hopes,336039,5.0
JR Hopes,501213,9.333333333333334
JR Hopes,501216,10.666666666666666
JR Hopes,501227,28.0
JR Hopes,501230,32.0
JR Hopes,501243,32.0
JR Hopes,501246,32.333333333333336
JR Hopes,501253,26.666666666666668
JR Hopes,501257,23.333333333333332
JR Philippe,1216499,33.0
JR Philippe,1216502,32.5
JR Philippe,1216505,25.666666666666668
JR Philippe,1216510,14.666666666666666
JR Philippe,1216534,4.333333333333333
Jaskaran Singh,419106,4.0
Jaskaran Singh,419117,3.5
Jaskaran Singh,419130,2.6666666666666665
Jaskaran Singh,419138,1.3333333333333333
Joginder Sharma,336005,0.0
Joginder Sharma,336007,8.0
Joginder Sharma,392181,10.666666666666666
Joginder Sharma,392189,12.0
Joginder Sharma,501221,6.666666666666667
K Goel,335983,24.0
K Goel,335987,25.0
K Goel,335991,22.666666666666668
K Goel,335995,15.0
K Goel,336003,8.333333333333334
K Goel,336013,2.6666666666666665
K Goel,392183,15.0
K Goel,392186,13.0
K Goel,392191,19.0
K Goel,392200,10.333333333333334
K Goel,392204,17.0
K Goel,392210,11.0
K Goel,392214,11.666666666666666
K Goel,392222,11.666666666666666
K Goel,419127,17.0
K Goel,419132,12.666666666666666
K Gowtham,1136564,0.0
K Gowtham,1136566,1.0
K Gowtham,1136575,4.666666666666667
K Gowtham,1136577,5.0
K Gowtham,1136581,15.333333333333334
K Gowtham,1136588,14.0
K Gowtham,1136592,19.666666666666668
K Gowtham,1136598,10.333333333333334
K Gowtham,1136600,10.333333333333334
K Gowtham,1136603,8.666666666666666
K Gowtham,1136609,8.0
K Gowtham,1136613,10.0
K Gowtham,1136618,8.666666666666666
K Gowtham,1175359,8.666666666666666
K Gowtham,1175367,7.0
K Gowtham,1178402,4.0
K Gowtham,1178428,5.0
K Gowtham,1216493,8.666666666666666
K Gowtham,1216503,16.0
K Gowtham,1304066,14.0
K Gowtham,1359477,9.333333333333334
K Gowtham,1359480,7.666666666666667
K Gowtham,1359495,8.0
K Gowtham,1359517,13.666666666666666
K Gowtham,1359519,8.333333333333334
K Gowtham,1359542,11.666666666666666
K Gowtham,1370351,4.666666666666667
K Kartikeya,1304102,3.0
K Kartikeya,1370352,4.5
K Rabada,1082614,44.0
K Rabada,1082626,27.5
K Rabada,1082635,18.333333333333332
K Rabada,1175368,3.6666666666666665
K Rabada,1175371,1.0
K Rabada,1178405,1.6666666666666667
K Rabada,1178409,4.666666666666667
K Rabada,1216497,6.666666666666667
K Rabada,1216500,6.666666666666667
K Rabada,1216524,4.666666666666667
K Rabada,1216532,6.666666666666667
K Rabada,1216535,10.0
K Rabada,1237177,14.0
K Rabada,1254064,12.0
K Rabada,1254092,8.0
K Rabada,1254110,4.333333333333333
K Rabada,1304054,9.666666666666666
K Rabada,1304057,13.666666666666666
K Rabada,1304062,12.666666666666666
K Rabada,1304078,5.0
K Rabada,1304088,1.6666666666666667
K Rabada,1304106,1.3333333333333333
K Rabada,1304110,2.6666666666666665
K Rabada,1359495,2.0
K Rabada,1359512,2.0
K Upadhyay,548362,11.0
K Upadhyay,598053,6.0
K Yadav,1254093,0.0
KA Jamieson,1254058,4.0
KA Jamieson,1254063,8.0
KA Jamieson,1254067,9.0
KA Jamieson,1254076,13.0
KA Jamieson,1254083,14.333333333333334
KA Jamieson,1254087,12.0
KA Jamieson,1254108,7.333333333333333
KA Pollard,419114,10.0
KA Pollard,419119,15.5
KA Pollard,419122,12.666666666666666
KA Pollard,419125,16.0
KA Pollard,419130,9.333333333333334
KA Pollard,419132,13.666666666666666
KA Pollard,419138,14.0
KA Pollard,419142,15.333333333333334
KA Pollard,419146,14.666666666666666
KA Pollard,419150,16.0
KA Pollard,419152,29.333333333333332
KA Pollard,419157,30.0
KA Pollard,419162,32.666666666666664
KA Pollard,419165,26.666666666666668
KA Pollard,501221,20.0
KA Pollard,501224,9.0
KA Pollard,501231,1.3333333333333333
KA Pollard,501237,8.0
KA Pollard,501241,17.333333333333332
KA Pollard,501246,19.0
KA Pollard,501251,18.0
KA Pollard,501256,16.666666666666668
KA Pollard,501263,20.333333333333332
KA Pollard,501267,20.666666666666668
KA Pollard,501269,13.666666666666666
KA Pollard,501270,8.0
KA Pollard,548308,4.666666666666667
KA Pollard,548314,11.666666666666666
KA Pollard,548317,32.0
KA Pollard,548325,29.666666666666668
KA Pollard,548334,24.0
KA Pollard,548339,3.6666666666666665
KA Pollard,548342,8.666666666666666
KA Pollard,548360,13.333333333333334
KA Pollard,548367,29.666666666666668
KA Pollard,548370,27.0
KA Pollard,548379,25.333333333333332
KA Pollard,597999,9.666666666666666
KA Pollard,598002,26.0
KA Pollard,598006,25.0
KA Pollard,598011,29.666666666666668
KA Pollard,598019,11.0
KA Pollard,598024,13.0
KA Pollard,598029,17.666666666666668
KA Pollard,598033,28.666666666666668
KA Pollard,598037,29.0
KA Pollard,598039,22.666666666666668
KA Pollard,598046,11.666666666666666
KA Pollard,598050,6.333333333333333
KA Pollard,598060,23.666666666666668
KA Pollard,598063,29.0
KA Pollard,598066,35.0
KA Pollard,598070,21.0
KA Pollard,598072,19.0
KA Pollard,598073,31.666666666666668
KA Pollard,729279,25.666666666666668
KA Pollard,729287,23.0
KA Pollard,729303,7.0
KA Pollard,729309,16.0
KA Pollard,729317,41.0
KA Pollard,733973,46.333333333333336
KA Pollard,733983,49.666666666666664
KA Pollard,733995,23.666666666666668
KA Pollard,734001,16.333333333333332
KA Pollard,734009,5.333333333333333
KA Pollard,734017,10.0
KA Pollard,734025,10.666666666666666
KA Pollard,734031,11.0
KA Pollard,734041,8.666666666666666
KA Pollard,734045,10.666666666666666
KA Pollard,829717,13.666666666666666
KA Pollard,829721,34.666666666666664
KA Pollard,829729,51.333333333333336
KA Pollard,829737,46.333333333333336
KA Pollard,829747,26.333333333333332
KA Pollard,829751,16.0
KA Pollard,829769,22.333333333333332
KA Pollard,829775,21.333333333333332
KA Pollard,829783,19.0
KA Pollard,829789,11.333333333333334
KA Pollard,829795,25.333333333333332
KA Pollard,829805,27.666666666666668
KA Pollard,829817,41.0
KA Pollard,829823,36.666666666666664
KA Pollard,980901,26.0
KA Pollard,980909,12.666666666666666
KA Pollard,980917,1.0
KA Pollard,980927,13.666666666666666
KA Pollard,980933,19.666666666666668
KA Pollard,980941,22.666666666666668
KA Pollard,980947,26.666666666666668
KA Pollard,980973,24.0
KA Pollard,980981,32.333333333333336
KA Pollard,980985,24.333333333333332
KA Pollard,980993,21.666666666666668
KA Pollard,981007,13.0
KA Pollard,1082592,13.0
KA Pollard,1082597,17.666666666666668
KA Pollard,1082600,18.333333333333332
KA Pollard,1082602,32.666666666666664
KA Pollard,1082606,40.0
KA Pollard,1082614,45.0
KA Pollard,1082618,24.666666666666668
KA Pollard,1082625,20.0
KA Pollard,1082628,17.0
KA Pollard,1082635,35.0
KA Pollard,1082638,28.333333333333332
KA Pollard,1082641,39.333333333333336
KA Pollard,1082644,22.666666666666668
KA Pollard,1082647,23.333333333333332
KA Pollard,1082649,9.666666666666666
KA Pollard,1082650,7.666666666666667
KA Pollard,1136567,14.666666666666666
KA Pollard,1136569,11.666666666666666
KA Pollard,1136574,11.0
KA Pollard,1136581,8.666666666666666
KA Pollard,1136583,11.666666666666666
KA Pollard,1136591,14.333333333333334
KA Pollard,1136610,24.0
KA Pollard,1136615,23.333333333333332
KA Pollard,1175358,26.0
KA Pollard,1175362,11.0
KA Pollard,1175364,11.0
KA Pollard,1175370,9.666666666666666
KA Pollard,1178394,23.333333333333332
KA Pollard,1178399,48.666666666666664
KA Pollard,1178402,45.0
KA Pollard,1178411,33.0
KA Pollard,1178419,9.666666666666666
KA Pollard,1178422,14.333333333333334
KA Pollard,1178426,15.0
KA Pollard,1181768,24.333333333333332
KA Pollard,1216492,23.666666666666668
KA Pollard,1216495,33.333333333333336
KA Pollard,1216499,21.0
KA Pollard,1216503,30.666666666666668
KA Pollard,1216508,21.333333333333332
KA Pollard,1216517,34.0
KA Pollard,1216529,22.0
KA Pollard,1216538,26.0
KA Pollard,1216541,14.0
KA Pollard,1216547,32.0
KA Pollard,1237177,23.666666666666668
KA Pollard,1237181,24.666666666666668
KA Pollard,1254058,5.333333333333333
KA Pollard,1254062,7.0
KA Pollard,1254066,15.666666666666666
KA Pollard,1254070,14.0
KA Pollard,1254074,17.666666666666668
KA Pollard,1254081,11.333333333333334
KA Pollard,1254084,39.666666666666664
KA Pollard,1254088,38.666666666666664
KA Pollard,1254096,40.333333333333336
KA Pollard,1254099,16.333333333333332
KA Pollard,1254104,17.0
KA Pollard,1254108,12.333333333333334
KA Pollard,1254112,9.333333333333334
KA Pollard,1304048,5.333333333333333
KA Pollard,1304055,10.333333333333334
KA Pollard,1304060,15.666666666666666
KA Pollard,1304064,14.666666666666666
KA Pollard,1304069,10.666666666666666
KA Pollard,1304072,11.666666666666666
KA Pollard,1304079,16.333333333333332
KA Pollard,1304083,19.333333333333332
KA Pollard,1304090,14.333333333333334
KA Pollard,1304097,11.0
KA Pollard,1304102,9.666666666666666
KAJ Roach,419130,10.0
KB Arun Karthik,419129,3.0
KB Arun Karthik,501255,2.0
KB Arun Karthik,501260,3.3333333333333335
KB Arun Karthik,597999,8.666666666666666
KB Arun Karthik,598004,8.333333333333334
KB Arun Karthik,598012,8.0
KB Arun Karthik,598017,3.3333333333333335
KB Arun Karthik,598033,7.333333333333333
KC Cariappa,980955,1.0
KC Cariappa,980999,6.5
KC Cariappa,1082605,4.666666666666667
KC Cariappa,1082609,4.666666666666667
KC Cariappa,1178413,3.6666666666666665
KC Sangakkara,335983,54.0
KC Sangakkara,335987,37.0
KC Sangakkara,335991,56.0
KC Sangakkara,335995,39.333333333333336
KC Sangakkara,335999,33.666666666666664
KC Sangakkara,336003,11.666666666666666
KC Sangakkara,336031,27.0
KC Sangakkara,336035,47.333333333333336
KC Sangakkara,336039,39.0
KC Sangakkara,392183,25.0
KC Sangakkara,392186,12.333333333333334
KC Sangakkara,392191,20.0
KC Sangakkara,392195,37.333333333333336
KC Sangakkara,392200,43.666666666666664
KC Sangakkara,392204,40.666666666666664
KC Sangakkara,392207,20.666666666666668
KC Sangakkara,392210,9.333333333333334
KC Sangakkara,392216,12.0
KC Sangakkara,392222,14.666666666666666
KC Sangakkara,392226,25.333333333333332
KC Sangakkara,392229,35.666666666666664
KC Sangakkara,392234,35.333333333333336
KC Sangakkara,419108,26.666666666666668
KC Sangakkara,419117,8.0
KC Sangakkara,419121,10.666666666666666
KC Sangakkara,419124,14.666666666666666
KC Sangakkara,419127,24.666666666666668
KC Sangakkara,419136,34.666666666666664
KC Sangakkara,419139,37.666666666666664
KC Sangakkara,419143,30.666666666666668
KC Sangakkara,419146,34.333333333333336
KC Sangakkara,419149,32.666666666666664
KC Sangakkara,419156,47.0
KC Sangakkara,419159,39.333333333333336
KC Sangakkara,501199,28.333333333333332
KC Sangakkara,501203,16.333333333333332
KC Sangakkara,501208,17.333333333333332
KC Sangakkara,501212,29.0
KC Sangakkara,501216,40.0
KC Sangakkara,501224,39.333333333333336
KC Sangakkara,501229,49.333333333333336
KC Sangakkara,501236,38.0
KC Sangakkara,501239,26.666666666666668
KC Sangakkara,501243,19.666666666666668
KC Sangakkara,501250,18.666666666666668
KC Sangakkara,501256,27.666666666666668
KC Sangakkara,501259,21.333333333333332
KC Sangakkara,548314,22.0
KC Sangakkara,548321,13.333333333333334
KC Sangakkara,548326,19.666666666666668
KC Sangakkara,548329,16.333333333333332
KC Sangakkara,548335,20.0
KC Sangakkara,548341,9.333333333333334
KC Sangakkara,548348,35.333333333333336
KC Sangakkara,548352,31.666666666666668
KC Sangakkara,548356,31.0
KC Sangakkara,548359,5.0
KC Sangakkara,548366,5.0
KC Sangakkara,548376,6.666666666666667
KC Sangakkara,598000,10.333333333333334
KC Sangakkara,598004,15.333333333333334
KC Sangakkara,598010,19.666666666666668
KC Sangakkara,598013,15.333333333333334
KC Sangakkara,598032,11.333333333333334
KC Sangakkara,598039,9.0
KC Sangakkara,598044,11.0
KC Sangakkara,598048,17.333333333333332
KC Sangakkara,598051,11.333333333333334
KD Karthik,335995,24.0
KD Karthik,335998,13.0
KD Karthik,336004,18.0
KD Karthik,336009,12.0
KD Karthik,336015,15.666666666666666
KD Karthik,336026,8.333333333333334
KD Karthik,336032,25.0
KD Karthik,336038,24.0
KD Karthik,392189,28.0
KD Karthik,392194,13.333333333333334
KD Karthik,392198,11.333333333333334
KD Karthik,392201,19.0
KD Karthik,392206,32.333333333333336
KD Karthik,392215,32.666666666666664
KD Karthik,392219,24.666666666666668
KD Karthik,392223,22.0
KD Karthik,392226,31.0
KD Karthik,392230,33.0
KD Karthik,392232,28.666666666666668
KD Karthik,392235,18.0
KD Karthik,392237,13.333333333333334
KD Karthik,419108,9.666666666666666
KD Karthik,419111,17.333333333333332
KD Karthik,419114,19.666666666666668
KD Karthik,419116,19.333333333333332
KD Karthik,419120,27.0
KD Karthik,419128,27.333333333333332
KD Karthik,419131,21.0
KD Karthik,419134,28.666666666666668
KD Karthik,419140,25.0
KD Karthik,419144,31.666666666666668
KD Karthik,419149,14.333333333333334
KD Karthik,419152,16.0
KD Karthik,419155,13.666666666666666
KD Karthik,419160,8.333333333333334
KD Karthik,501202,4.666666666666667
KD Karthik,501206,7.333333333333333
KD Karthik,501212,8.0
KD Karthik,501220,15.0
KD Karthik,501223,10.0
KD Karthik,501234,23.0
KD Karthik,501237,16.333333333333332
KD Karthik,501244,21.0
KD Karthik,501248,17.0
KD Karthik,501251,27.0
KD Karthik,501254,43.333333333333336
KD Karthik,501257,42.333333333333336
KD Karthik,501264,35.666666666666664
KD Karthik,548308,23.333333333333332
KD Karthik,548314,16.666666666666668
KD Karthik,548317,13.0
KD Karthik,548325,3.3333333333333335
KD Karthik,548334,12.666666666666666
KD Karthik,548339,13.666666666666666
KD Karthik,548342,26.0
KD Karthik,548346,15.0
KD Karthik,548351,20.0
KD Karthik,548355,10.333333333333334
KD Karthik,548360,24.333333333333332
KD Karthik,548367,23.666666666666668
KD Karthik,548370,27.0
KD Karthik,548379,14.333333333333334
KD Karthik,597999,29.0
KD Karthik,598002,34.333333333333336
KD Karthik,598006,61.0
KD Karthik,598011,54.666666666666664
KD Karthik,598019,52.333333333333336
KD Karthik,598024,24.333333333333332
KD Karthik,598029,13.0
KD Karthik,598033,17.333333333333332
KD Karthik,598037,25.0
KD Karthik,598039,22.666666666666668
KD Karthik,598046,16.0
KD Karthik,598050,19.0
KD Karthik,598055,24.666666666666668
KD Karthik,598060,27.0
KD Karthik,598063,22.666666666666668
KD Karthik,598066,17.0
KD Karthik,598070,10.666666666666666
KD Karthik,598072,11.0
KD Karthik,598073,18.0
KD Karthik,729281,14.333333333333334
KD Karthik,729289,25.666666666666668
KD Karthik,729293,25.666666666666668
KD Karthik,729301,30.666666666666668
KD Karthik,729309,12.666666666666666
KD Karthik,733975,9.666666666666666
KD Karthik,733981,21.666666666666668
KD Karthik,733985,33.0
KD Karthik,733993,42.0
KD Karthik,734005,25.333333333333332
KD Karthik,734011,14.333333333333334
KD Karthik,734019,24.333333333333332
KD Karthik,734031,26.333333333333332
KD Karthik,734039,29.666666666666668
KD Karthik,829713,8.666666666666666
KD Karthik,829719,9.333333333333334
KD Karthik,829737,11.0
KD Karthik,829745,12.333333333333334
KD Karthik,829763,18.333333333333332
KD Karthik,829779,20.0
KD Karthik,829785,19.333333333333332
KD Karthik,829803,11.0
KD Karthik,829807,4.0
KD Karthik,829819,4.0
KD Karthik,829821,12.666666666666666
KD Karthik,980905,25.666666666666668
KD Karthik,980917,26.0
KD Karthik,980929,19.333333333333332
KD Karthik,980937,22.333333333333332
KD Karthik,980945,25.666666666666668
KD Karthik,980949,34.0
KD Karthik,980955,18.0
KD Karthik,980961,29.333333333333332
KD Karthik,980967,18.333333333333332
KD Karthik,980975,34.666666666666664
KD Karthik,980987,17.666666666666668
KD Karthik,981001,21.666666666666668
KD Karthik,981007,5.666666666666667
KD Karthik,981013,13.666666666666666
KD Karthik,981017,18.333333333333332
KD Karthik,1082593,33.0
KD Karthik,1082596,34.333333333333336
KD Karthik,1082603,26.666666666666668
KD Karthik,1082606,27.0
KD Karthik,1082610,17.333333333333332
KD Karthik,1082613,17.333333333333332
KD Karthik,1082616,20.666666666666668
KD Karthik,1082625,21.0
KD Karthik,1082629,29.666666666666668
KD Karthik,1082632,32.0
KD Karthik,1082637,43.0
KD Karthik,1082640,46.666666666666664
KD Karthik,1082643,25.0
KD Karthik,1136563,25.0
KD Karthik,1136565,20.333333333333332
KD Karthik,1136570,30.0
KD Karthik,1136573,24.666666666666668
KD Karthik,1136575,30.0
KD Karthik,1136578,34.666666666666664
KD Karthik,1136586,34.333333333333336
KD Karthik,1136589,28.0
KD Karthik,1136593,28.666666666666668
KD Karthik,1136597,34.666666666666664
KD Karthik,1136601,28.666666666666668
KD Karthik,1136604,30.333333333333332
KD Karthik,1136609,32.0
KD Karthik,1136614,39.0
KD Karthik,1136618,39.666666666666664
KD Karthik,1136619,28.666666666666668
KD Karthik,1175357,20.666666666666668
KD Karthik,1175361,3.6666666666666665
KD Karthik,1175365,18.0
KD Karthik,1175372,23.666666666666668
KD Karthik,1178398,29.666666666666668
KD Karthik,1178401,13.333333333333334
KD Karthik,1178404,13.0
KD Karthik,1178413,8.666666666666666
KD Karthik,1178418,40.333333333333336
KD Karthik,1178422,39.333333333333336
KD Karthik,1178427,44.333333333333336
KD Karthik,1178431,13.0
KD Karthik,1216494,9.333333333333334
KD Karthik,1216497,3.3333333333333335
KD Karthik,1216501,6.333333333333333
KD Karthik,1216504,5.333333333333333
KD Karthik,1216508,14.333333333333334
KD Karthik,1216512,20.0
KD Karthik,1216515,21.666666666666668
KD Karthik,1216520,11.666666666666666
KD Karthik,1216523,21.333333333333332
KD Karthik,1216526,20.666666666666668
KD Karthik,1216530,20.666666666666668
KD Karthik,1216536,8.333333333333334
KD Karthik,1216540,7.333333333333333
KD Karthik,1216545,7.333333333333333
KD Karthik,1254060,7.666666666666667
KD Karthik,1254062,10.0
KD Karthik,1254067,10.666666666666666
KD Karthik,1254072,16.666666666666668
KD Karthik,1254075,22.333333333333332
KD Karthik,1254078,25.666666666666668
KD Karthik,1254082,17.0
KD Karthik,1254092,12.666666666666666
KD Karthik,1254098,17.333333333333332
KD Karthik,1254102,16.333333333333332
KD Karthik,1254106,17.0
KD Karthik,1254109,14.333333333333334
KD Karthik,1254115,14.0
KD Karthik,1254116,9.333333333333334
KD Karthik,1254117,6.333333333333333
KD Karthik,1304049,13.666666666666666
KD Karthik,1304052,18.333333333333332
KD Karthik,1304059,30.0
KD Karthik,1304064,21.666666666666668
KD Karthik,1304068,28.333333333333332
KD Karthik,1304073,35.666666666666664
KD Karthik,1304077,37.666666666666664
KD Karthik,1304082,26.333333333333332
KD Karthik,1304085,6.333333333333333
KD Karthik,1304089,2.6666666666666665
KD Karthik,1304095,11.333333333333334
KD Karthik,1304100,19.333333333333332
KD Karthik,1304106,22.333333333333332
KD Karthik,1304113,14.333333333333334
KD Karthik,1312198,16.666666666666668
KD Karthik,1312199,15.0
KD Karthik,1359479,14.333333333333334
KD Karthik,1359483,5.0
KD Karthik,1359489,3.3333333333333335
KD Karthik,1359494,3.3333333333333335
KD Karthik,1359498,9.666666666666666
KD Karthik,1359501,11.666666666666666
KD Karthik,1359506,17.0
KD Karthik,1359510,15.0
KD Karthik,1359517,18.0
KD Karthik,1359524,16.333333333333332
KD Karthik,1359528,19.0
KD Karthik,1359534,13.666666666666666
KD Karthik,1359544,10.0
KH Pandya,980917,20.0
KH Pandya,980923,34.5
KH Pandya,980933,35.0
KH Pandya,980947,30.333333333333332
KH Pandya,980973,19.666666666666668
KH Pandya,980985,14.0
KH Pandya,980993,40.666666666666664
KH Pandya,981007,36.333333333333336
KH Pandya,1082592,31.0
KH Pandya,1082597,6.0
KH Pandya,1082600,17.0
KH Pandya,1082602,28.333333333333332
KH Pandya,1082614,30.333333333333332
KH Pandya,1082625,27.666666666666668
KH Pandya,1082628,16.0
KH Pandya,1082644,10.333333333333334
KH Pandya,1082647,5.666666666666667
KH Pandya,1082649,20.0
KH Pandya,1082650,35.666666666666664
KH Pandya,1136561,44.333333333333336
KH Pandya,1136567,34.333333333333336
KH Pandya,1136569,22.333333333333332
KH Pandya,1136574,13.666666666666666
KH Pandya,1136581,11.0
KH Pandya,1136583,15.333333333333334
KH Pandya,1136591,18.0
KH Pandya,1136594,26.0
KH Pandya,1136597,22.666666666666668
KH Pandya,1136601,17.666666666666668
KH Pandya,1136607,8.333333333333334
KH Pandya,1136610,14.333333333333334
KH Pandya,1136615,13.0
KH Pandya,1175358,22.666666666666668
KH Pandya,1175362,12.333333333333334
KH Pandya,1175364,14.333333333333334
KH Pandya,1175370,17.666666666666668
KH Pandya,1178394,19.333333333333332
KH Pandya,1178399,16.333333333333332
KH Pandya,1178406,6.0
KH Pandya,1178409,16.333333333333332
KH Pandya,1178411,16.666666666666668
KH Pandya,1178419,13.333333333333334
KH Pandya,1178422,9.0
KH Pandya,1178426,11.333333333333334
KH Pandya,1181764,11.0
KH Pandya,1181768,5.333333333333333
KH Pandya,1216492,3.3333333333333335
KH Pandya,1216495,3.3333333333333335
KH Pandya,1216499,4.333333333333333
KH Pandya,1216508,3.6666666666666665
KH Pandya,1216511,7.666666666666667
KH Pandya,1216517,15.666666666666666
KH Pandya,1216529,19.333333333333332
KH Pandya,1216538,22.0
KH Pandya,1216541,11.666666666666666
KH Pandya,1237177,12.0
KH Pandya,1237181,5.666666666666667
KH Pandya,1254058,7.0
KH Pandya,1254062,7.666666666666667
KH Pandya,1254066,8.333333333333334
KH Pandya,1254070,6.333333333333333
KH Pandya,1254074,2.3333333333333335
KH Pandya,1254081,14.333333333333334
KH Pandya,1254084,24.666666666666668
KH Pandya,1254088,26.666666666666668
KH Pandya,1254096,17.666666666666668
KH Pandya,1254104,8.333333333333334
KH Pandya,1254108,7.0
KH Pandya,1254112,7.333333333333333
KH Pandya,1304050,13.0
KH Pandya,1304058,13.333333333333334
KH Pandya,1304061,15.333333333333334
KH Pandya,1304066,15.666666666666666
KH Pandya,1304072,14.0
KH Pandya,1304077,21.666666666666668
KH Pandya,1304083,14.666666666666666
KH Pandya,1304088,16.666666666666668
KH Pandya,1304091,5.666666666666667
KH Pandya,1304099,13.666666666666666
KH Pandya,1304103,13.0
KH Pandya,1304109,18.333333333333332
KH Pandya,1312198,10.0
KH Pandya,1359477,13.333333333333334
KH Pandya,1359480,8.0
KH Pandya,1359484,19.333333333333332
KH Pandya,1359489,14.333333333333334
KH Pandya,1359495,17.333333333333332
KH Pandya,1359500,7.333333333333333
KH Pandya,1359504,15.0
KH Pandya,1359512,10.666666666666666
KH Pandya,1359517,14.0
KH Pandya,1359519,6.333333333333333
KH Pandya,1359525,4.666666666666667
KH Pandya,1359537,16.333333333333332
KH Pandya,1359542,19.333333333333332
KH Pandya,1370351,22.0
KJ Abbott,980925,12.0
KJ Abbott,980999,6.0
KJ Abbott,981005,4.333333333333333
KK Ahmed,1178405,0.0
KK Ahmed,1216498,0.0
KK Ahmed,1254066,0.3333333333333333
KK Ahmed,1304056,0.3333333333333333
KK Ahmed,1304101,0.3333333333333333
KK Cooper,548309,11.0
KK Cooper,548312,8.0
KK Cooper,548317,10.0
KK Cooper,548336,9.0
KK Cooper,598001,8.0
KK Cooper,598005,3.3333333333333335
KK Cooper,598063,3.0
KK Cooper,598065,11.0
KK Cooper,598072,12.333333333333334
KK Cooper,734011,20.666666666666668
KK Cooper,734017,13.666666666666666
KK Cooper,734033,13.0
KK Nair,597999,0.0
KK Nair,598004,4.5
KK Nair,729305,5.666666666666667
KK Nair,729315,6.0
KK Nair,733975,27.333333333333332
KK Nair,733979,39.333333333333336
KK Nair,733989,43.0
KK Nair,733999,37.333333333333336
KK Nair,734003,25.333333333333332
KK Nair,734011,27.666666666666668
KK Nair,734017,25.0
KK Nair,734033,26.0
KK Nair,734041,36.333333333333336
KK Nair,829709,23.0
KK Nair,829715,26.0
KK Nair,829727,9.666666666666666
KK Nair,829735,7.333333333333333
KK Nair,829741,9.0
KK Nair,829749,14.0
KK Nair,829769,16.0
KK Nair,829777,28.0
KK Nair,829787,24.0
KK Nair,829797,25.0
KK Nair,829811,10.0
KK Nair,829819,12.666666666666666
KK Nair,980903,10.333333333333334
KK Nair,980921,23.0
KK Nair,980933,20.666666666666668
KK Nair,980945,22.666666666666668
KK Nair,980951,27.333333333333332
KK Nair,980965,36.333333333333336
KK Nair,980971,41.0
KK Nair,980983,25.0
KK Nair,980993,17.0
KK Nair,980997,23.0
KK Nair,981003,44.0
KK Nair,981011,45.0
KK Nair,1082595,32.666666666666664
KK Nair,1082605,5.0
KK Nair,1082608,8.333333333333334
KK Nair,1082611,18.0
KK Nair,1082614,19.666666666666668
KK Nair,1082622,17.666666666666668
KK Nair,1082626,10.333333333333334
KK Nair,1082630,21.666666666666668
KK Nair,1082632,20.666666666666668
KK Nair,1082635,24.0
KK Nair,1082640,21.0
KK Nair,1082642,38.333333333333336
KK Nair,1082646,40.0
KK Nair,1136562,46.666666666666664
KK Nair,1136568,35.0
KK Nair,1136572,36.0
KK Nair,1136576,29.666666666666668
KK Nair,1136582,31.333333333333332
KK Nair,1136585,26.0
KK Nair,1136594,23.333333333333332
KK Nair,1136598,22.333333333333332
KK Nair,1136600,19.0
KK Nair,1136604,12.333333333333334
KK Nair,1136608,2.3333333333333335
KK Nair,1136616,19.333333333333332
KK Nair,1178399,20.0
KK Nair,1216493,20.0
KK Nair,1216503,2.0
KK Nair,1216510,5.333333333333333
KK Nair,1304076,6.0
KK Nair,1304093,10.333333333333334
KL Nagarkoti,1216501,0.0
KL Nagarkoti,1216504,4.0
KL Nagarkoti,1216515,3.6666666666666665
KL Nagarkoti,1216520,5.666666666666667
KL Nagarkoti,1216530,3.3333333333333335
KL Nagarkoti,1216540,3.6666666666666665
KL Nagarkoti,1254072,1.6666666666666667
KL Rahul,598017,12.0
KL Rahul,598045,10.0
KL Rahul,729285,13.333333333333334
KL Rahul,729295,18.333333333333332
KL Rahul,729311,24.0
KL Rahul,729317,32.666666666666664
KL Rahul,733977,25.666666666666668
KL Rahul,733989,23.333333333333332
KL Rahul,734001,11.333333333333334
KL Rahul,734015,14.0
KL Rahul,829711,9.666666666666666
KL Rahul,829719,21.0
KL Rahul,829727,17.0
KL Rahul,829731,23.333333333333332
KL Rahul,829743,8.666666666666666
KL Rahul,829751,16.333333333333332
KL Rahul,829799,14.0
KL Rahul,829815,22.333333333333332
KL Rahul,980927,21.666666666666668
KL Rahul,980931,18.333333333333332
KL Rahul,980937,27.0
KL Rahul,980953,36.333333333333336
KL Rahul,980959,51.333333333333336
KL Rahul,980969,47.0
KL Rahul,980977,44.0
KL Rahul,980981,49.333333333333336
KL Rahul,980999,42.0
KL Rahul,981011,40.666666666666664
KL Rahul,981013,18.0
KL Rahul,981019,16.333333333333332
KL Rahul,1136562,20.666666666666668
KL Rahul,1136568,36.333333333333336
KL Rahul,1136572,45.0
KL Rahul,1136576,34.0
KL Rahul,1136578,38.333333333333336
KL Rahul,1136582,33.666666666666664
KL Rahul,1136585,38.333333333333336
KL Rahul,1136594,26.333333333333332
KL Rahul,1136598,46.666666666666664
KL Rahul,1136600,67.66666666666667
KL Rahul,1136604,81.66666666666667
KL Rahul,1136608,60.666666666666664
KL Rahul,1136610,60.333333333333336
KL Rahul,1136616,40.666666666666664
KL Rahul,1175359,35.0
KL Rahul,1175361,4.0
KL Rahul,1175364,25.333333333333332
KL Rahul,1175368,29.0
KL Rahul,1178393,47.0
KL Rahul,1178397,47.0
KL Rahul,1178399,75.33333333333333
KL Rahul,1178403,63.0
KL Rahul,1178407,56.666666666666664
KL Rahul,1178412,27.333333333333332
KL Rahul,1178417,35.333333333333336
KL Rahul,1178423,44.333333333333336
KL Rahul,1178427,41.0
KL Rahul,1178430,50.666666666666664
KL Rahul,1216493,32.0
KL Rahul,1216498,40.333333333333336
KL Rahul,1216503,22.333333333333332
KL Rahul,1216506,24.333333333333332
KL Rahul,1216510,59.333333333333336
KL Rahul,1216513,74.66666666666667
KL Rahul,1216517,92.0
KL Rahul,1216520,57.333333333333336
KL Rahul,1216523,61.0
KL Rahul,1216527,57.0
KL Rahul,1216531,68.0
KL Rahul,1216537,58.666666666666664
KL Rahul,1216542,39.333333333333336
KL Rahul,1216546,24.0
KL Rahul,1254061,39.0
KL Rahul,1254065,37.0
KL Rahul,1254068,52.333333333333336
KL Rahul,1254071,23.333333333333332
KL Rahul,1254074,41.666666666666664
KL Rahul,1254078,27.666666666666668
KL Rahul,1254083,56.666666666666664
KL Rahul,1254090,49.666666666666664
KL Rahul,1254094,76.0
KL Rahul,1254099,52.666666666666664
KL Rahul,1254102,62.0
KL Rahul,1254107,36.333333333333336
KL Rahul,1254111,45.666666666666664
KL Rahul,1304050,23.333333333333332
KL Rahul,1304053,29.666666666666668
KL Rahul,1304058,36.0
KL Rahul,1304061,44.0
KL Rahul,1304066,30.666666666666668
KL Rahul,1304072,42.333333333333336
KL Rahul,1304077,44.333333333333336
KL Rahul,1304083,78.66666666666667
KL Rahul,1304088,46.333333333333336
KL Rahul,1304091,62.0
KL Rahul,1304103,30.333333333333332
KL Rahul,1304109,31.666666666666668
KL Rahul,1304112,28.666666666666668
KL Rahul,1312198,52.333333333333336
KL Rahul,1359477,51.666666666666664
KL Rahul,1359480,35.666666666666664
KL Rahul,1359484,21.0
KL Rahul,1359489,24.333333333333332
KL Rahul,1359495,42.333333333333336
KL Rahul,1359500,43.666666666666664
KL Rahul,1359504,60.333333333333336
KL Rahul,1359512,39.666666666666664
KL Rahul,1359517,26.666666666666668
KM Asif,1359534,0.0
KM Jadhav,419128,50.0
KM Jadhav,419131,27.0
KM Jadhav,419134,21.333333333333332
KM Jadhav,419140,7.0
KM Jadhav,419144,7.333333333333333
KM Jadhav,501219,8.0
KM Jadhav,501225,7.333333333333333
KM Jadhav,501229,5.666666666666667
KM Jadhav,501261,2.0
KM Jadhav,598006,0.6666666666666666
KM Jadhav,598010,10.666666666666666
KM Jadhav,598017,20.0
KM Jadhav,598020,30.0
KM Jadhav,598035,28.333333333333332
KM Jadhav,598044,19.666666666666668
KM Jadhav,598049,17.0
KM Jadhav,598054,11.333333333333334
KM Jadhav,598059,10.333333333333334
KM Jadhav,598062,3.3333333333333335
KM Jadhav,729309,5.333333333333333
KM Jadhav,733975,14.666666666666666
KM Jadhav,733981,23.666666666666668
KM Jadhav,733985,27.666666666666668
KM Jadhav,733993,20.0
KM Jadhav,734005,22.666666666666668
KM Jadhav,734011,15.0
KM Jadhav,734019,13.333333333333334
KM Jadhav,734031,3.3333333333333335
KM Jadhav,734039,2.3333333333333335
KM Jadhav,829707,9.0
KM Jadhav,829725,7.666666666666667
KM Jadhav,829731,14.0
KM Jadhav,829739,11.333333333333334
KM Jadhav,829747,10.666666666666666
KM Jadhav,829757,15.333333333333334
KM Jadhav,829761,14.666666666666666
KM Jadhav,829777,18.0
KM Jadhav,829783,12.333333333333334
KM Jadhav,829793,30.0
KM Jadhav,829801,26.666666666666668
KM Jadhav,829813,21.333333333333332
KM Jadhav,980907,3.0
KM Jadhav,980921,5.666666666666667
KM Jadhav,980953,14.0
KM Jadhav,1082591,21.666666666666668
KM Jadhav,1082595,41.666666666666664
KM Jadhav,1082598,33.666666666666664
KM Jadhav,1082602,26.333333333333332
KM Jadhav,1082607,9.333333333333334
KM Jadhav,1082610,21.666666666666668
KM Jadhav,1082617,21.666666666666668
KM Jadhav,1082621,26.0
KM Jadhav,1082624,15.666666666666666
KM Jadhav,1082628,22.0
KM Jadhav,1082633,13.666666666666666
KM Jadhav,1082636,14.0
KM Jadhav,1082646,8.666666666666666
KM Jadhav,1136561,14.666666666666666
KM Jadhav,1175356,16.333333333333332
KM Jadhav,1175360,21.333333333333332
KM Jadhav,1175367,16.0
KM Jadhav,1175370,31.0
KM Jadhav,1178398,24.666666666666668
KM Jadhav,1178400,22.333333333333332
KM Jadhav,1178404,9.666666666666666
KM Jadhav,1178408,7.333333333333333
KM Jadhav,1178414,10.0
KM Jadhav,1178416,7.0
KM Jadhav,1178419,8.666666666666666
KM Jadhav,1178430,5.666666666666667
KM Jadhav,1216496,9.333333333333334
KM Jadhav,1216501,9.666666666666666
KM Jadhav,1216516,10.666666666666666
KM Jadhav,1216533,4.666666666666667
KM Jadhav,1216539,11.0
KM Jadhav,1254077,13.0
KM Jadhav,1254080,15.666666666666666
KM Jadhav,1254085,13.333333333333334
KM Jadhav,1254105,11.333333333333334
KM Jadhav,1254107,11.333333333333334
KM Jadhav,1359528,9.0
KMA Paul,1175358,3.0
KMA Paul,1175360,1.5
KMA Paul,1178405,3.3333333333333335
KMA Paul,1181766,4.0
KMA Paul,1181767,5.0
KMDN Kulasekara,548343,5.0
KP Appanna,392204,0.0
KP Appanna,419140,0.5
KP Appanna,419151,0.6666666666666666
KP Pietersen,392182,32.0
KP Pietersen,392185,16.0
KP Pietersen,392188,14.333333333333334
KP Pietersen,392191,3.6666666666666665
KP Pietersen,392194,16.0
KP Pietersen,392199,16.666666666666668
KP Pietersen,419133,24.333333333333332
KP Pietersen,419136,34.0
KP Pietersen,419140,35.0
KP Pietersen,419154,48.0
KP Pietersen,419157,33.0
KP Pietersen,419162,34.0
KP Pietersen,419164,23.0
KP Pietersen,548316,30.333333333333332
KP Pietersen,548321,58.333333333333336
KP Pietersen,548325,51.666666666666664
KP Pietersen,548333,48.0
KP Pietersen,548337,22.666666666666668
KP Pietersen,548342,36.333333333333336
KP Pietersen,548345,27.333333333333332
KP Pietersen,548349,30.333333333333332
KP Pietersen,729301,19.0
KP Pietersen,729309,26.0
KP Pietersen,733975,18.666666666666668
KP Pietersen,733981,13.333333333333334
KP Pietersen,733985,6.666666666666667
KP Pietersen,733993,13.666666666666666
KP Pietersen,734005,24.666666666666668
KP Pietersen,734011,27.0
KP Pietersen,734019,31.666666666666668
KP Pietersen,734031,35.333333333333336
KP Pietersen,734039,50.333333333333336
KP Pietersen,980901,41.0
KP Pietersen,980911,38.666666666666664
KP Pietersen,980919,24.333333333333332
KP Pietersen,980931,17.333333333333332
KR Mayers,1359477,73.0
KR Mayers,1359480,63.0
KR Mayers,1359484,46.333333333333336
KR Mayers,1359489,22.0
KR Mayers,1359495,14.0
KR Mayers,1359500,26.666666666666668
KR Mayers,1359504,34.666666666666664
KR Mayers,1359512,43.0
KR Mayers,1359517,26.0
KR Mayers,1359519,22.666666666666668
KR Mayers,1359525,20.666666666666668
KR Mayers,1359532,21.333333333333332
KR Mayers,1370351,22.666666666666668
KR Sen,1304070,0.0
KS Bharat,1254087,16.0
KS Bharat,1254095,14.0
KS Bharat,1254101,35.333333333333336
KS Bharat,1254103,44.666666666666664
KS Bharat,1254108,51.333333333333336
KS Bharat,1254115,28.333333333333332
KS Bharat,1304101,16.333333333333332
KS Bharat,1304104,5.666666666666667
KS Sharma,1304103,4.0
KS Sharma,1359519,6.5
KS Sharma,1359542,5.333333333333333
KS Williamson,829711,26.0
KS Williamson,829719,15.5
KS Williamson,980953,27.0
KS Williamson,980967,20.333333333333332
KS Williamson,980973,19.333333333333332
KS Williamson,980979,13.333333333333334
KS Williamson,980983,20.333333333333332
KS Williamson,981009,22.0
KS Williamson,1082611,41.0
KS Williamson,1082615,39.0
KS Williamson,1082623,54.666666666666664
KS Williamson,1082627,38.333333333333336
KS Williamson,1082630,39.333333333333336
KS Williamson,1082634,22.666666666666668
KS Williamson,1082648,17.333333333333332
KS Williamson,1136564,21.333333333333332
KS Williamson,1136567,22.0
KS Williamson,1136570,30.666666666666668
KS Williamson,1136576,36.666666666666664
KS Williamson,1136580,62.666666666666664
KS Williamson,1136583,55.666666666666664
KS Williamson,1136585,37.666666666666664
KS Williamson,1136588,30.666666666666668
KS Williamson,1136596,31.666666666666668
KS Williamson,1136599,50.333333333333336
KS Williamson,1136602,57.0
KS Williamson,1136606,63.333333333333336
KS Williamson,1136611,71.66666666666667
KS Williamson,1136614,56.0
KS Williamson,1136617,47.0
KS Williamson,1136619,21.0
KS Williamson,1136620,24.666666666666668
KS Williamson,1175363,21.333333333333332
KS Williamson,1178405,21.333333333333332
KS Williamson,1178408,6.666666666666667
KS Williamson,1178413,4.666666666666667
KS Williamson,1178420,8.0
KS Williamson,1178423,11.666666666666666
KS Williamson,1178426,10.0
KS Williamson,1178429,29.0
KS Williamson,1181766,33.666666666666664
KS Williamson,1216502,35.333333333333336
KS Williamson,1216507,19.333333333333332
KS Williamson,1216512,19.666666666666668
KS Williamson,1216516,20.0
KS Williamson,1216524,16.333333333333332
KS Williamson,1216528,25.666666666666668
KS Williamson,1216532,36.333333333333336
KS Williamson,1216538,33.666666666666664
KS Williamson,1216542,21.333333333333332
KS Williamson,1237178,24.333333333333332
KS Williamson,1237180,45.666666666666664
KS Williamson,1254071,44.333333333333336
KS Williamson,1254077,51.0
KS Williamson,1254080,37.333333333333336
KS Williamson,1254085,38.666666666666664
KS Williamson,1254091,19.0
KS Williamson,1254095,20.666666666666668
KS Williamson,1254100,31.0
KS Williamson,1254105,33.333333333333336
KS Williamson,1254107,23.333333333333332
KS Williamson,1254109,15.0
KS Williamson,1304051,9.666666666666666
KS Williamson,1304058,14.666666666666666
KS Williamson,1304063,16.666666666666668
KS Williamson,1304067,35.0
KS Williamson,1304071,35.333333333333336
KS Williamson,1304074,25.666666666666668
KS Williamson,1304082,12.0
KS Williamson,1304086,8.0
KS Williamson,1304092,22.666666666666668
KS Williamson,1304096,18.666666666666668
KS Williamson,1304107,20.0
KS Williamson,1304111,7.0
KV Sharma,392188,1.0
KV Sharma,598013,3.0
KV Sharma,598018,4.333333333333333
KV Sharma,598032,6.0
KV Sharma,598051,17.333333333333332
KV Sharma,598056,22.333333333333332
KV Sharma,598065,21.666666666666668
KV Sharma,598071,9.333333333333334
KV Sharma,729285,3.3333333333333335
KV Sharma,729295,5.333333333333333
KV Sharma,729311,10.333333333333334
KV Sharma,733977,9.333333333333334
KV Sharma,733989,6.0
KV Sharma,734007,0.6666666666666666
KV Sharma,734015,1.6666666666666667
KV Sharma,734037,3.3333333333333335
KV Sharma,829711,4.333333333333333
KV Sharma,829731,9.333333333333334
KV Sharma,829751,8.333333333333334
KV Sharma,829759,7.333333333333333
KV Sharma,829773,2.3333333333333335
KV Sharma,829781,12.333333333333334
KV Sharma,829793,17.333333333333332
KV Sharma,829799,19.666666666666668
KV Sharma,829815,14.0
KV Sharma,980907,17.333333333333332
KV Sharma,980915,14.333333333333334
KV Sharma,981009,12.0
KV Sharma,1082618,7.0
KV Sharma,1082628,9.333333333333334
KV Sharma,1082638,8.333333333333334
KV Sharma,1082641,11.0
KV Sharma,1082647,9.333333333333334
KV Sharma,1082650,8.0
KV Sharma,1359483,2.0
KV Sharma,1359517,1.3333333333333333
KW Richardson,598038,26.0
KW Richardson,598055,17.0
KW Richardson,733989,11.666666666666666
KW Richardson,980927,3.3333333333333335
Kamran Akmal,335987,15.0
Kamran Akmal,335990,13.5
Kamran Akmal,336019,17.0
Kamran Akmal,336033,29.666666666666668
Kamran Akmal,336036,31.666666666666668
Kamran Akmal,336040,25.666666666666668
Kamran Khan,392182,3.0
Karanveer Singh,734043,1.0
Karanveer Singh,829709,3.0
Karanveer Singh,829753,2.6666666666666665
Karanveer Singh,829785,3.6666666666666665
Kartik Tyagi,1216500,2.0
Kartik Tyagi,1216530,2.0
Kartik Tyagi,1254103,1.6666666666666667
Kartik Tyagi,1254111,1.3333333333333333
Kartik Tyagi,1304096,3.0
Kartik Tyagi,1304100,2.6666666666666665
Kuldeep Yadav,1082617,4.0
Kuldeep Yadav,1082644,10.0
Kuldeep Yadav,1136586,9.0
Kuldeep Yadav,1136601,9.333333333333334
Kuldeep Yadav,1136619,4.0
Kuldeep Yadav,1175365,5.0
Kuldeep Yadav,1178398,3.3333333333333335
Kuldeep Yadav,1178401,4.0
Kuldeep Yadav,1216494,4.666666666666667
Kuldeep Yadav,1216508,5.0
Kuldeep Yadav,1304056,9.0
Kuldeep Yadav,1304073,8.333333333333334
Kuldeep Yadav,1304080,8.0
Kuldeep Yadav,1304091,8.666666666666666
Kuldeep Yadav,1304101,7.0
Kuldeep Yadav,1304110,7.666666666666667
Kuldeep Yadav,1304115,2.6666666666666665
Kuldeep Yadav,1359477,3.0
Kuldeep Yadav,1359481,2.6666666666666665
Kuldeep Yadav,1359485,3.3333333333333335
Kuldeep Yadav,1359490,1.3333333333333333
Kuldeep Yadav,1359494,3.3333333333333335
Kuldeep Yadav,1359508,3.6666666666666665
Kuldeep Yadav,1359518,3.6666666666666665
Kuldeep Yadav,1359529,1.3333333333333333
Kuldeep Yadav,1359533,3.3333333333333335
Kuldeep Yadav,1359541,3.3333333333333335
L Ablish,501244,0.0
L Balaji,336029,0.0
L Balaji,392206,1.0
L Balaji,392224,0.6666666666666666
L Balaji,392234,1.3333333333333333
L Balaji,419110,5.666666666666667
L Balaji,419123,5.666666666666667
L Balaji,419155,6.0
L Balaji,501219,1.3333333333333333
L Balaji,501230,2.3333333333333335
L Balaji,598022,4.333333333333333
L Balaji,598050,4.0
L Balaji,729307,3.0
L Balaji,733991,0.3333333333333333
L Ronchi,335985,8.0
L Ronchi,335989,5.0
L Ronchi,335991,7.0
L Ronchi,335994,8.666666666666666
L Ronchi,392215,8.0
LA Carseldine,392205,39.0
LA Carseldine,392210,27.5
LA Carseldine,392213,21.333333333333332
LA Carseldine,392217,11.333333333333334
LA Carseldine,392220,8.666666666666666
LA Pomersbach,336016,34.0
LA Pomersbach,336019,17.5
LA Pomersbach,336022,20.0
LA Pomersbach,336028,35.0
LA Pomersbach,336031,39.0
LA Pomersbach,392222,32.333333333333336
LA Pomersbach,392226,9.0
LA Pomersbach,392229,5.0
LA Pomersbach,392234,12.0
LA Pomersbach,501255,14.333333333333334
LA Pomersbach,501268,23.666666666666668
LA Pomersbach,501270,16.333333333333332
LA Pomersbach,501271,11.666666666666666
LA Pomersbach,598041,4.333333333333333
LA Pomersbach,598056,14.0
LA Pomersbach,598059,19.333333333333332
LE Plunkett,1136582,0.0
LE Plunkett,1136592,0.5
LH Ferguson,1082603,1.0
LH Ferguson,1216494,10.0
LH Ferguson,1216520,14.666666666666666
LH Ferguson,1254117,20.333333333333332
LH Ferguson,1304081,14.0
LH Ferguson,1304094,7.666666666666667
LJ Wright,598025,34.0
LJ Wright,598027,20.5
LJ Wright,598035,20.0
LJ Wright,598038,9.333333333333334
LJ Wright,598067,21.666666666666668
LMP Simmons,733995,38.0
LMP Simmons,734001,53.0
LMP Simmons,734009,39.333333333333336
LMP Simmons,734017,47.333333333333336
LMP Simmons,734025,58.0
LMP Simmons,734031,65.66666666666667
LMP Simmons,734041,49.0
LMP Simmons,734045,38.0
LMP Simmons,829729,28.0
LMP Simmons,829737,43.666666666666664
LMP Simmons,829747,26.333333333333332
LMP Simmons,829751,41.666666666666664
LMP Simmons,829769,34.666666666666664
LMP Simmons,829775,53.333333333333336
LMP Simmons,829783,36.333333333333336
LMP Simmons,829789,36.333333333333336
LMP Simmons,829795,35.333333333333336
LMP Simmons,829805,40.0
LMP Simmons,829815,43.333333333333336
LMP Simmons,829817,42.333333333333336
LMP Simmons,829823,60.333333333333336
LMP Simmons,980901,47.0
LMP Simmons,1082635,47.333333333333336
LMP Simmons,1082638,25.0
LMP Simmons,1082641,42.0
LMP Simmons,1082644,20.0
LMP Simmons,1082647,21.333333333333332
LMP Simmons,1082649,2.6666666666666665
LMP Simmons,1082650,3.6666666666666665
LPC Silva,336002,0.0
LPC Silva,336024,8.5
LPC Silva,336031,13.333333333333334
LR Shukla,335986,4.0
LR Shukla,335993,23.0
LR Shukla,335997,28.666666666666668
LR Shukla,336000,28.0
LR Shukla,336003,16.333333333333332
LR Shukla,336010,6.666666666666667
LR Shukla,336014,10.666666666666666
LR Shukla,336017,11.666666666666666
LR Shukla,336021,8.0
LR Shukla,336025,7.666666666666667
LR Shukla,336027,9.333333333333334
LR Shukla,336035,11.0
LR Shukla,392184,9.333333333333334
LR Shukla,392190,8.666666666666666
LR Shukla,392197,9.0
LR Shukla,392199,7.0
LR Shukla,392203,4.666666666666667
LR Shukla,392233,18.666666666666668
LR Shukla,419113,24.333333333333332
LR Shukla,419153,28.0
LR Shukla,501198,16.666666666666668
LR Shukla,548307,19.0
LR Shukla,548312,16.0
LR Shukla,548315,13.0
LR Shukla,548353,4.333333333333333
LR Shukla,548368,4.666666666666667
LR Shukla,548378,11.0
LR Shukla,548381,12.0
LR Shukla,598005,9.666666666666666
LR Shukla,598022,2.0
LR Shukla,733981,1.0
LR Shukla,733985,3.6666666666666665
LR Shukla,733993,10.333333333333334
LRPL Taylor,335985,23.0
LRPL Taylor,335992,33.5
LRPL Taylor,335996,40.0
LRPL Taylor,335998,42.0
LRPL Taylor,392182,27.333333333333332
LRPL Taylor,392185,10.0
LRPL Taylor,392191,12.0
LRPL Taylor,392194,22.333333333333332
LRPL Taylor,392218,27.333333333333332
LRPL Taylor,392221,42.666666666666664
LRPL Taylor,392224,47.666666666666664
LRPL Taylor,392232,50.666666666666664
LRPL Taylor,392236,24.0
LRPL Taylor,392238,14.333333333333334
LRPL Taylor,392239,15.0
LRPL Taylor,419140,22.0
LRPL Taylor,419145,16.666666666666668
LRPL Taylor,419148,12.333333333333334
LRPL Taylor,419151,5.333333333333333
LRPL Taylor,419154,8.333333333333334
LRPL Taylor,419157,6.666666666666667
LRPL Taylor,419162,16.666666666666668
LRPL Taylor,501199,20.333333333333332
LRPL Taylor,501204,23.333333333333332
LRPL Taylor,501209,24.666666666666668
LRPL Taylor,501214,19.666666666666668
LRPL Taylor,501220,13.666666666666666
LRPL Taylor,501225,2.6666666666666665
LRPL Taylor,501231,5.0
LRPL Taylor,501235,20.666666666666668
LRPL Taylor,501240,26.666666666666668
LRPL Taylor,501249,24.333333333333332
LRPL Taylor,501252,13.0
LRPL Taylor,548321,10.666666666666666
LRPL Taylor,548325,12.333333333333334
LRPL Taylor,548333,12.0
LRPL Taylor,548337,10.666666666666666
LRPL Taylor,548342,12.0
LRPL Taylor,548345,16.333333333333332
LRPL Taylor,548349,15.333333333333334
LRPL Taylor,548357,15.666666666666666
LRPL Taylor,548369,7.333333333333333
LRPL Taylor,548372,23.666666666666668
LRPL Taylor,548378,22.0
LRPL Taylor,548380,30.0
LRPL Taylor,598000,18.0
LRPL Taylor,598003,19.333333333333332
LRPL Taylor,598009,17.0
LRPL Taylor,598011,12.0
LRPL Taylor,598015,9.666666666666666
LRPL Taylor,729281,18.333333333333332
LRPL Taylor,729289,19.0
LRPL Taylor,729293,18.333333333333332
LRPL Taylor,734011,5.333333333333333
LS Livingstone,1178402,1.0
LS Livingstone,1178420,22.5
LS Livingstone,1178424,18.666666666666668
LS Livingstone,1178428,23.0
LS Livingstone,1254097,8.666666666666666
LS Livingstone,1254100,6.333333333333333
LS Livingstone,1254103,3.6666666666666665
LS Livingstone,1254106,5.333333333333333
LS Livingstone,1254111,12.333333333333334
LS Livingstone,1304049,16.666666666666668
LS Livingstone,1304054,21.0
LS Livingstone,1304057,32.666666666666664
LS Livingstone,1304062,47.666666666666664
LS Livingstone,1304069,42.0
LS Livingstone,1304074,42.0
LS Livingstone,1304078,21.333333333333332
LS Livingstone,1304084,27.0
LS Livingstone,1304088,13.0
LS Livingstone,1304094,22.333333333333332
LS Livingstone,1304098,23.333333333333332
LS Livingstone,1304106,40.666666666666664
LS Livingstone,1304110,31.666666666666668
LS Livingstone,1304116,40.666666666666664
LS Livingstone,1359501,18.0
LS Livingstone,1359505,20.333333333333332
LS Livingstone,1359512,11.666666666666666
LS Livingstone,1359515,24.333333333333332
LS Livingstone,1359520,48.333333333333336
LS Livingstone,1359527,45.666666666666664
LS Livingstone,1359533,33.666666666666664
LS Livingstone,1359538,37.666666666666664
LS Livingstone,1359540,35.666666666666664
Lalit Yadav,1254064,20.0
Lalit Yadav,1254068,16.0
Lalit Yadav,1254070,18.0
Lalit Yadav,1254092,11.333333333333334
Lalit Yadav,1254097,12.0
Lalit Yadav,1304048,20.666666666666668
Lalit Yadav,1304056,29.0
Lalit Yadav,1304065,24.666666666666668
Lalit Yadav,1304073,9.0
Lalit Yadav,1304080,13.0
Lalit Yadav,1304087,20.0
Lalit Yadav,1304091,20.666666666666668
Lalit Yadav,1304110,16.333333333333332
Lalit Yadav,1359485,21.666666666666668
Lalit Yadav,1359490,21.333333333333332
Lalit Yadav,1359494,14.666666666666666
Lalit Yadav,1359502,3.3333333333333335
Lalit Yadav,1359529,6.666666666666667
Lalit Yadav,1359541,7.333333333333333
Liton Das,1359502,4.0
M Ashwin,980931,0.0
M Ashwin,1136595,0.5
M Ashwin,1175368,0.6666666666666666
M Ashwin,1178417,1.0
M Ashwin,1178423,1.0
M Ashwin,1216498,2.0
M Ashwin,1254065,3.6666666666666665
M Ashwin,1254071,6.333333333333333
M Ashwin,1304055,7.0
M Ashwin,1304069,5.0
M Ashwin,1304072,4.0
M Ashwin,1304102,2.0
M Jansen,1254058,0.0
M Jansen,1254062,0.0
M Jansen,1304086,2.6666666666666665
M Jansen,1304107,3.0
M Jansen,1359499,7.333333333333333
M Jansen,1359503,10.333333333333334
M Jansen,1359508,10.666666666666666
M Jansen,1359521,6.666666666666667
M Jansen,1359526,2.0
M Jansen,1359536,2.3333333333333335
M Kaif,335984,9.0
M Kaif,335987,7.0
M Kaif,335990,16.0
M Kaif,335992,14.333333333333334
M Kaif,336000,19.666666666666668
M Kaif,336008,9.666666666666666
M Kaif,336011,14.0
M Kaif,336015,7.333333333333333
M Kaif,336019,6.333333333333333
M Kaif,336027,12.0
M Kaif,336033,15.0
M Kaif,336036,18.666666666666668
M Kaif,336038,11.333333333333334
M Kaif,336040,12.0
M Kaif,419108,10.0
M Kaif,419121,10.666666666666666
M Kaif,419124,9.333333333333334
M Kaif,501232,10.0
M Kaif,501244,6.333333333333333
M Kaif,501255,8.666666666666666
M Kaif,501260,11.0
M Kaif,548324,14.666666666666666
M Kartik,335993,3.0
M Kartik,335997,6.5
M Kartik,336010,10.0
M Kartik,392184,12.333333333333334
M Kartik,392219,12.666666666666666
M Kartik,419113,14.0
M Kartik,419131,11.0
M Kartik,501218,11.0
M Kartik,501226,4.333333333333333
M Kartik,548308,8.666666666666666
M Kartik,548330,6.333333333333333
M Kartik,548365,8.666666666666666
M Kartik,598004,4.666666666666667
M Kartik,598057,3.3333333333333335
M Klinger,501233,2.0
M Klinger,501238,10.0
M Klinger,501242,16.333333333333332
M Klinger,501247,23.666666666666668
M Manhas,392194,23.0
M Manhas,392198,23.0
M Manhas,392201,16.333333333333332
M Manhas,392206,8.666666666666666
M Manhas,392226,9.666666666666666
M Manhas,392232,8.666666666666666
M Manhas,419108,19.0
M Manhas,419111,14.0
M Manhas,419114,14.333333333333334
M Manhas,419116,14.666666666666666
M Manhas,419120,13.666666666666666
M Manhas,419149,22.0
M Manhas,419155,19.666666666666668
M Manhas,419160,24.666666666666668
M Manhas,501202,27.666666666666668
M Manhas,501207,23.333333333333332
M Manhas,501213,22.333333333333332
M Manhas,501218,10.666666666666666
M Manhas,501226,13.333333333333334
M Manhas,501228,6.666666666666667
M Manhas,501232,7.666666666666667
M Manhas,501235,9.0
M Manhas,501241,9.0
M Manhas,501259,8.0
M Manhas,548319,10.333333333333334
M Manhas,548327,12.333333333333334
M Manhas,548341,19.666666666666668
M Manhas,548348,11.666666666666666
M Manhas,548351,23.666666666666668
M Manhas,548353,16.666666666666668
M Manhas,548358,18.0
M Manhas,598027,7.666666666666667
M Manhas,598035,8.0
M Manhas,729293,8.666666666666666
M Manhas,729297,8.333333333333334
M Manhas,729311,8.666666666666666
M Manhas,733987,7.0
M Manhas,733995,4.0
M Markande,1136567,6.0
M Markande,1136569,5.0
M Markande,1136581,3.3333333333333335
M Markande,1136583,1.6666666666666667
M Markande,1136610,2.6666666666666665
M Markande,1136615,3.6666666666666665
M Markande,1175362,5.333333333333333
M Markande,1359499,3.6666666666666665
M Markande,1359521,3.0
M Markande,1359536,7.0
M Morkel,392220,8.0
M Morkel,419115,5.0
M Morkel,419141,5.666666666666667
M Morkel,501201,3.0
M Morkel,501216,5.0
M Morkel,501230,4.666666666666667
M Morkel,501246,8.0
M Morkel,501257,10.666666666666666
M Morkel,548310,9.333333333333334
M Morkel,548333,6.333333333333333
M Morkel,548378,1.0
M Morkel,598006,8.0
M Morkel,598010,7.666666666666667
M Morkel,598020,8.333333333333334
M Morkel,598028,5.0
M Morkel,598054,11.333333333333334
M Morkel,598067,10.666666666666666
M Morkel,729307,7.666666666666667
M Morkel,829811,2.6666666666666665
M Morkel,981001,3.0
M Muralitharan,336005,0.0
M Muralitharan,392189,0.0
M Muralitharan,392206,1.0
M Muralitharan,392224,2.3333333333333335
M Muralitharan,392234,2.6666666666666665
M Muralitharan,419110,2.0
M Muralitharan,501225,2.3333333333333335
M Muralitharan,548324,4.0
M Muralitharan,548376,3.6666666666666665
M Ntini,336005,11.0
M Ntini,336029,5.5
M Prasidh Krishna,1136601,1.0
M Prasidh Krishna,1178398,0.5
M Prasidh Krishna,1216520,0.3333333333333333
M Prasidh Krishna,1216540,0.6666666666666666
M Prasidh Krishna,1254072,0.6666666666666666
M Prasidh Krishna,1304070,2.0
M Prasidh Krishna,1304085,2.0
M Rawat,335984,2.0
M Rawat,335992,1.0
M Rawat,336000,1.0
M Rawat,336008,0.6666666666666666
M Rawat,336015,2.3333333333333335
M Rawat,336019,9.666666666666666
M Rawat,336038,10.0
M Rawat,392182,9.666666666666666
M Rawat,392195,3.3333333333333335
M Rawat,392202,5.333333333333333
M Rawat,598053,5.666666666666667
M Shahrukh Khan,1254061,6.0
M Shahrukh Khan,1254065,26.5
M Shahrukh Khan,1254068,22.666666666666668
M Shahrukh Khan,1254071,28.0
M Shahrukh Khan,1254078,16.666666666666668
M Shahrukh Khan,1254083,11.666666666666666
M Shahrukh Khan,1254086,5.666666666666667
M Shahrukh Khan,1254090,6.666666666666667
M Shahrukh Khan,1254094,9.333333333333334
M Shahrukh Khan,1254102,15.333333333333334
M Shahrukh Khan,1304049,18.0
M Shahrukh Khan,1304054,15.333333333333334
M Shahrukh Khan,1304057,10.0
M Shahrukh Khan,1304062,7.0
M Shahrukh Khan,1304069,12.0
M Shahrukh Khan,1304074,18.666666666666668
M Shahrukh Khan,1304078,17.666666666666668
M Shahrukh Khan,1304116,19.0
M Shahrukh Khan,1359476,14.0
M Shahrukh Khan,1359482,13.666666666666666
M Shahrukh Khan,1359488,8.666666666666666
M Shahrukh Khan,1359492,12.333333333333334
M Shahrukh Khan,1359495,16.333333333333332
M Shahrukh Khan,1359501,17.333333333333332
M Shahrukh Khan,1359512,12.0
M Shahrukh Khan,1359515,5.0
M Shahrukh Khan,1359527,9.666666666666666
M Shahrukh Khan,1359533,8.333333333333334
M Shahrukh Khan,1359538,9.666666666666666
M Shahrukh Khan,1359540,16.333333333333332
M Theekshana,1304095,7.0
M Theekshana,1304105,3.5
M Vijay,392206,14.0
M Vijay,392209,22.5
M Vijay,392217,18.333333333333332
M Vijay,392224,15.333333333333334
M Vijay,419110,6.0
M Vijay,419113,13.666666666666666
M Vijay,419116,16.666666666666668
M Vijay,419121,15.666666666666666
M Vijay,419123,5.666666666666667
M Vijay,419129,15.0
M Vijay,419133,41.0
M Vijay,419137,82.33333333333333
M Vijay,419142,73.0
M Vijay,419147,54.666666666666664
M Vijay,419153,29.0
M Vijay,419155,30.0
M Vijay,419159,26.666666666666668
M Vijay,419163,15.0
M Vijay,419165,18.0
M Vijay,501198,15.0
M Vijay,501206,34.666666666666664
M Vijay,501211,36.333333333333336
M Vijay,501215,44.333333333333336
M Vijay,501221,23.666666666666668
M Vijay,501226,23.666666666666668
M Vijay,501228,24.666666666666668
M Vijay,501236,21.666666666666668
M Vijay,501240,13.0
M Vijay,501245,4.333333333333333
M Vijay,501249,21.0
M Vijay,501253,31.0
M Vijay,501261,34.666666666666664
M Vijay,501266,19.0
M Vijay,501268,9.0
M Vijay,501271,35.333333333333336
M Vijay,548306,36.666666666666664
M Vijay,548311,35.666666666666664
M Vijay,548318,7.666666666666667
M Vijay,548322,7.0
M Vijay,548352,11.0
M Vijay,548355,21.0
M Vijay,548361,18.333333333333332
M Vijay,548364,29.666666666666668
M Vijay,548368,28.0
M Vijay,548371,31.333333333333332
M Vijay,548379,15.666666666666666
M Vijay,548380,41.333333333333336
M Vijay,548381,52.0
M Vijay,598002,53.333333333333336
M Vijay,598007,32.333333333333336
M Vijay,598012,19.0
M Vijay,598015,25.333333333333332
M Vijay,598020,14.666666666666666
M Vijay,598022,14.666666666666666
M Vijay,598026,7.666666666666667
M Vijay,598030,7.666666666666667
M Vijay,598046,7.666666666666667
M Vijay,598051,16.333333333333332
M Vijay,598058,28.666666666666668
M Vijay,598062,38.333333333333336
M Vijay,598068,39.333333333333336
M Vijay,598070,28.666666666666668
M Vijay,598073,24.333333333333332
M Vijay,729281,19.666666666666668
M Vijay,729289,12.0
M Vijay,729293,9.666666666666666
M Vijay,729301,21.0
M Vijay,729309,34.333333333333336
M Vijay,733975,35.0
M Vijay,733981,29.333333333333332
M Vijay,733985,24.0
M Vijay,734005,20.0
M Vijay,734019,10.0
M Vijay,734031,4.666666666666667
M Vijay,829709,16.666666666666668
M Vijay,829717,26.666666666666668
M Vijay,829725,30.333333333333332
M Vijay,829733,18.0
M Vijay,829741,13.333333333333334
M Vijay,829753,18.333333333333332
M Vijay,829759,22.333333333333332
M Vijay,829775,28.333333333333332
M Vijay,829785,17.666666666666668
M Vijay,829791,23.0
M Vijay,829799,18.0
M Vijay,980905,31.333333333333332
M Vijay,980913,22.333333333333332
M Vijay,980919,32.0
M Vijay,980925,26.666666666666668
M Vijay,980935,27.0
M Vijay,980941,15.666666666666666
M Vijay,980955,25.333333333333332
M Vijay,980963,26.666666666666668
M Vijay,980971,28.666666666666668
M Vijay,980977,40.0
M Vijay,980985,56.0
M Vijay,980991,49.666666666666664
M Vijay,980999,25.333333333333332
M Vijay,981005,27.0
M Vijay,1136572,29.0
M Vijay,1178419,36.333333333333336
M Vijay,1181764,25.333333333333332
M Vijay,1216492,21.666666666666668
M Vijay,1216496,16.0
M Vijay,1216539,10.666666666666666
M Vohra,598003,43.0
M Vohra,598007,29.5
M Vohra,598014,20.666666666666668
M Vohra,598016,12.0
M Vohra,598021,6.666666666666667
M Vohra,598025,13.0
M Vohra,598031,17.666666666666668
M Vohra,598037,18.0
M Vohra,598059,13.333333333333334
M Vohra,598066,9.666666666666666
M Vohra,734007,25.0
M Vohra,734019,36.333333333333336
M Vohra,734025,41.666666666666664
M Vohra,734033,34.333333333333336
M Vohra,734039,36.0
M Vohra,734043,32.666666666666664
M Vohra,734047,35.666666666666664
M Vohra,734049,42.333333333333336
M Vohra,829759,35.333333333333336
M Vohra,829767,24.333333333333332
M Vohra,829785,2.6666666666666665
M Vohra,829791,14.0
M Vohra,829799,20.333333333333332
M Vohra,829803,23.333333333333332
M Vohra,829809,11.666666666666666
M Vohra,980905,17.666666666666668
M Vohra,980913,24.666666666666668
M Vohra,980919,40.333333333333336
M Vohra,980925,30.333333333333332
M Vohra,980935,28.0
M Vohra,980941,13.333333333333334
M Vohra,980963,10.666666666666666
M Vohra,1082594,7.0
M Vohra,1082598,16.0
M Vohra,1082601,25.333333333333332
M Vohra,1082605,21.666666666666668
M Vohra,1082609,42.0
M Vohra,1082616,33.333333333333336
M Vohra,1082623,33.333333333333336
M Vohra,1082633,10.0
M Vohra,1082639,17.666666666666668
M Vohra,1136579,17.333333333333332
M Vohra,1136589,9.0
M Vohra,1136591,15.666666666666666
M Vohra,1136599,17.666666666666668
M Vohra,1254061,21.666666666666668
M Vohra,1254064,9.666666666666666
M Vohra,1254069,11.666666666666666
M Vohra,1254073,10.0
M Vohra,1312198,13.333333333333334
M Vohra,1359519,12.0
M de Lange,734031,1.0
MA Agarwal,501200,33.0
MA Agarwal,501205,16.5
MA Agarwal,501208,16.333333333333332
MA Agarwal,501211,7.666666666666667
MA Agarwal,501268,19.0
MA Agarwal,501270,27.333333333333332
MA Agarwal,501271,28.333333333333332
MA Agarwal,548310,22.333333333333332
MA Agarwal,548315,10.333333333333334
MA Agarwal,548318,22.0
MA Agarwal,548324,28.0
MA Agarwal,548327,29.333333333333332
MA Agarwal,548331,14.666666666666666
MA Agarwal,548336,8.333333333333334
MA Agarwal,548344,8.666666666666666
MA Agarwal,548350,10.666666666666666
MA Agarwal,548356,11.666666666666666
MA Agarwal,548367,29.666666666666668
MA Agarwal,548376,27.666666666666668
MA Agarwal,597999,22.0
MA Agarwal,598004,3.0
MA Agarwal,598008,4.666666666666667
MA Agarwal,598012,12.333333333333334
MA Agarwal,598048,19.666666666666668
MA Agarwal,729281,19.666666666666668
MA Agarwal,729289,20.333333333333332
MA Agarwal,729293,11.333333333333334
MA Agarwal,733993,17.666666666666668
MA Agarwal,734005,19.333333333333332
MA Agarwal,734011,24.333333333333332
MA Agarwal,734019,18.0
MA Agarwal,734039,8.333333333333334
MA Agarwal,829707,7.666666666666667
MA Agarwal,829715,18.0
MA Agarwal,829725,40.0
MA Agarwal,829731,35.333333333333336
MA Agarwal,829739,23.333333333333332
MA Agarwal,829747,1.0
MA Agarwal,829757,9.666666666666666
MA Agarwal,829767,26.666666666666668
MA Agarwal,829777,30.0
MA Agarwal,829783,21.0
MA Agarwal,980903,6.666666666666667
MA Agarwal,980983,6.333333333333333
MA Agarwal,980993,9.0
MA Agarwal,1082592,8.0
MA Agarwal,1082594,4.666666666666667
MA Agarwal,1082599,8.666666666666666
MA Agarwal,1136562,9.0
MA Agarwal,1136568,14.0
MA Agarwal,1136572,17.333333333333332
MA Agarwal,1136576,21.0
MA Agarwal,1136578,16.666666666666668
MA Agarwal,1136582,13.666666666666666
MA Agarwal,1136585,11.666666666666666
MA Agarwal,1136594,14.666666666666666
MA Agarwal,1136598,8.333333333333334
MA Agarwal,1136604,4.333333333333333
MA Agarwal,1136608,1.3333333333333333
MA Agarwal,1175359,8.0
MA Agarwal,1175361,27.333333333333332
MA Agarwal,1175364,41.0
MA Agarwal,1175368,35.666666666666664
MA Agarwal,1178393,16.333333333333332
MA Agarwal,1178397,20.333333333333332
MA Agarwal,1178403,23.333333333333332
MA Agarwal,1178407,32.0
MA Agarwal,1178412,14.333333333333334
MA Agarwal,1178417,21.0
MA Agarwal,1178423,21.333333333333332
MA Agarwal,1178427,32.666666666666664
MA Agarwal,1178430,23.333333333333332
MA Agarwal,1216493,44.0
MA Agarwal,1216503,40.333333333333336
MA Agarwal,1216506,46.666666666666664
MA Agarwal,1216510,25.666666666666668
MA Agarwal,1216513,26.0
MA Agarwal,1216517,23.666666666666668
MA Agarwal,1216523,33.666666666666664
MA Agarwal,1216527,60.333333333333336
MA Agarwal,1216531,69.0
MA Agarwal,1216542,53.333333333333336
MA Agarwal,1216546,19.666666666666668
MA Agarwal,1254061,9.333333333333334
MA Agarwal,1254065,6.333333333333333
MA Agarwal,1254068,27.666666666666668
MA Agarwal,1254071,30.333333333333332
MA Agarwal,1254074,38.666666666666664
MA Agarwal,1254078,26.0
MA Agarwal,1254086,51.666666666666664
MA Agarwal,1254090,62.333333333333336
MA Agarwal,1254094,56.0
MA Agarwal,1254102,36.333333333333336
MA Agarwal,1254107,19.0
MA Agarwal,1254111,37.333333333333336
MA Agarwal,1304049,34.666666666666664
MA Agarwal,1304054,33.333333333333336
MA Agarwal,1304057,12.333333333333334
MA Agarwal,1304062,3.3333333333333335
MA Agarwal,1304069,20.333333333333332
MA Agarwal,1304078,27.0
MA Agarwal,1304084,31.333333333333332
MA Agarwal,1304088,22.333333333333332
MA Agarwal,1304098,19.333333333333332
MA Agarwal,1304106,19.666666666666668
MA Agarwal,1304110,11.333333333333334
MA Agarwal,1304116,6.666666666666667
MA Agarwal,1359478,9.333333333333334
MA Agarwal,1359484,12.0
MA Agarwal,1359488,18.666666666666668
MA Agarwal,1359493,12.666666666666666
MA Agarwal,1359499,26.0
MA Agarwal,1359503,19.666666666666668
MA Agarwal,1359508,33.0
MA Agarwal,1359514,18.666666666666668
MA Agarwal,1359521,24.0
MA Agarwal,1359543,35.333333333333336
MA Khote,335989,9.0
MA Khote,335991,8.5
MA Khote,335994,8.0
MA Starc,729305,18.0
MA Starc,729313,13.0
MA Starc,733977,10.333333333333334
MA Starc,733983,6.0
MA Starc,733991,13.0
MA Starc,734021,13.333333333333334
MA Starc,734027,15.666666666666666
MA Starc,734035,6.666666666666667
MA Starc,829745,7.666666666666667
MA Starc,829779,4.0
MA Starc,829821,3.6666666666666665
MA Wood,1136561,1.0
MA Wood,1359480,5.5
MA Wood,1359489,4.0
MC Henriques,392184,6.0
MC Henriques,392211,18.0
MC Henriques,392219,12.666666666666666
MC Henriques,419120,14.333333333333334
MC Henriques,598004,19.0
MC Henriques,598036,25.666666666666668
MC Henriques,598042,31.0
MC Henriques,598045,16.333333333333332
MC Henriques,598048,11.333333333333334
MC Henriques,598054,11.0
MC Henriques,598057,14.666666666666666
MC Henriques,598064,17.666666666666668
MC Henriques,598068,13.0
MC Henriques,733989,12.333333333333334
MC Henriques,734007,7.0
MC Henriques,829743,5.333333333333333
MC Henriques,829759,12.333333333333334
MC Henriques,829773,18.666666666666668
MC Henriques,829781,30.0
MC Henriques,829787,26.666666666666668
MC Henriques,829793,45.0
MC Henriques,829799,40.666666666666664
MC Henriques,829807,53.0
MC Henriques,829815,32.0
MC Henriques,980907,29.0
MC Henriques,980915,12.0
MC Henriques,980923,15.0
MC Henriques,980935,10.333333333333334
MC Henriques,980943,8.666666666666666
MC Henriques,980953,12.333333333333334
MC Henriques,980967,15.333333333333334
MC Henriques,980973,15.333333333333334
MC Henriques,980979,8.333333333333334
MC Henriques,980983,3.6666666666666665
MC Henriques,981003,9.333333333333334
MC Henriques,981009,9.666666666666666
MC Henriques,981015,20.0
MC Henriques,981017,17.666666666666668
MC Henriques,981019,15.333333333333334
MC Henriques,1082591,22.333333333333332
MC Henriques,1082596,36.0
MC Henriques,1082604,39.0
MC Henriques,1082609,24.666666666666668
MC Henriques,1082611,11.333333333333334
MC Henriques,1082615,25.333333333333332
MC Henriques,1082623,24.666666666666668
MC Henriques,1082630,29.0
MC Henriques,1082634,12.0
MC Henriques,1082638,24.333333333333332
MC Henriques,1082643,17.333333333333332
MC Henriques,1254071,20.666666666666668
MC Henriques,1254078,6.666666666666667
MC Henriques,1254090,9.333333333333334
MC Henriques,1254094,5.666666666666667
MC Juneja,597998,8.0
MC Juneja,598001,14.0
MC Juneja,598006,25.666666666666668
MC Juneja,598010,28.0
MC Juneja,598017,27.0
MC Juneja,598020,11.333333333333334
MC Juneja,598059,11.0
MD Mishra,419120,1.0
MD Mishra,419130,7.0
MD Mishra,419135,14.333333333333334
MD Mishra,419138,15.666666666666666
MD Mishra,419145,14.333333333333334
MD Mishra,419147,11.666666666666666
MD Mishra,419151,23.666666666666668
MD Mishra,419156,27.333333333333332
MD Mishra,419160,28.666666666666668
MD Mishra,419163,15.666666666666666
MD Mishra,419164,9.0
MD Mishra,501207,13.0
MD Mishra,501213,14.666666666666666
MD Mishra,501218,18.666666666666668
MD Mishra,501226,9.333333333333334
MD Mishra,501228,7.666666666666667
MD Mishra,548362,5.0
MD Shanaka,1359536,9.0
MD Shanaka,1359544,4.5
MD Shanaka,1370350,8.666666666666666
MDKJ Perera,598001,14.0
MDKJ Perera,598009,7.0
MEK Hussey,335983,116.0
MEK Hussey,335989,60.5
MEK Hussey,335996,56.0
MEK Hussey,419142,22.0
MEK Hussey,419147,23.0
MEK Hussey,419155,12.333333333333334
MEK Hussey,501211,35.333333333333336
MEK Hussey,501215,35.333333333333336
MEK Hussey,501221,44.0
MEK Hussey,501226,36.666666666666664
MEK Hussey,501228,37.0
MEK Hussey,501236,38.666666666666664
MEK Hussey,501240,44.666666666666664
MEK Hussey,501245,46.666666666666664
MEK Hussey,501249,46.666666666666664
MEK Hussey,501253,22.0
MEK Hussey,501261,27.666666666666668
MEK Hussey,501266,13.666666666666666
MEK Hussey,501268,12.0
MEK Hussey,501271,22.333333333333332
MEK Hussey,548347,27.0
MEK Hussey,548361,33.333333333333336
MEK Hussey,548364,25.0
MEK Hussey,548368,37.666666666666664
MEK Hussey,548371,33.666666666666664
MEK Hussey,548379,37.333333333333336
MEK Hussey,548380,25.333333333333332
MEK Hussey,548381,41.0
MEK Hussey,598002,31.333333333333332
MEK Hussey,598007,53.333333333333336
MEK Hussey,598012,37.333333333333336
MEK Hussey,598020,52.333333333333336
MEK Hussey,598022,37.0
MEK Hussey,598026,64.33333333333333
MEK Hussey,598030,57.666666666666664
MEK Hussey,598034,76.0
MEK Hussey,598038,48.333333333333336
MEK Hussey,598041,45.0
MEK Hussey,598046,20.666666666666668
MEK Hussey,598051,41.333333333333336
MEK Hussey,598058,43.0
MEK Hussey,598062,44.333333333333336
MEK Hussey,598068,24.0
MEK Hussey,598070,39.333333333333336
MEK Hussey,598073,31.0
MEK Hussey,729279,30.0
MEK Hussey,729287,6.666666666666667
MEK Hussey,729303,6.666666666666667
MEK Hussey,729309,9.0
MEK Hussey,734017,22.333333333333332
MEK Hussey,734025,24.0
MEK Hussey,734031,39.333333333333336
MEK Hussey,734041,28.0
MEK Hussey,734045,39.0
MEK Hussey,829809,20.666666666666668
MEK Hussey,829817,18.666666666666668
MEK Hussey,829821,24.333333333333332
MEK Hussey,829823,25.333333333333332
MF Maharoof,335995,18.0
MF Maharoof,336015,28.5
MF Maharoof,336017,22.333333333333332
MF Maharoof,336020,22.666666666666668
MF Maharoof,336022,9.666666666666666
MF Maharoof,336026,10.666666666666666
MF Maharoof,336032,11.0
MF Maharoof,336038,13.0
MF Maharoof,392226,9.666666666666666
MF Maharoof,392232,9.0
MF Maharoof,419108,7.333333333333333
MF Maharoof,419114,15.666666666666666
MF Maharoof,419144,10.333333333333334
MF Maharoof,419149,10.0
MG Bracewell,1359483,19.0
MG Bracewell,1359534,14.0
MG Bracewell,1359539,10.666666666666666
MG Bracewell,1359544,13.0
MG Johnson,598019,11.0
MG Johnson,598033,10.0
MG Johnson,598050,10.0
MG Johnson,598063,7.0
MG Johnson,598070,6.0
MG Johnson,598073,3.0
MG Johnson,729295,3.6666666666666665
MG Johnson,729307,1.6666666666666667
MG Johnson,733973,1.3333333333333333
MG Johnson,733987,3.6666666666666665
MG Johnson,733991,9.0
MG Johnson,733997,13.666666666666666
MG Johnson,734043,13.333333333333334
MG Johnson,734047,8.333333333333334
MG Johnson,829709,3.6666666666666665
MG Johnson,829717,1.3333333333333333
MG Johnson,829733,1.3333333333333333
MG Johnson,829741,5.666666666666667
MG Johnson,829753,5.0
MG Johnson,829759,6.0
MG Johnson,829775,4.333333333333333
MG Johnson,829785,4.333333333333333
MG Johnson,980913,4.333333333333333
MG Johnson,980941,2.0
MG Johnson,1082614,4.0
MG Johnson,1082650,7.0
MG Johnson,1136570,8.0
MG Johnson,1136586,9.666666666666666
MJ Clarke,548348,41.0
MJ Clarke,548351,27.5
MJ Clarke,548353,18.666666666666668
MJ Clarke,548358,10.333333333333334
MJ Clarke,548362,10.0
MJ Clarke,548375,14.0
MJ Guptill,980923,2.0
MJ Guptill,980993,25.0
MJ Guptill,981007,19.0
MJ Guptill,1082623,26.0
MJ Guptill,1082626,26.666666666666668
MJ Guptill,1082633,27.333333333333332
MJ Guptill,1082637,20.333333333333332
MJ Guptill,1082639,7.666666666666667
MJ Guptill,1082641,16.666666666666668
MJ Guptill,1082645,16.0
MJ Guptill,1178426,17.333333333333332
MJ Guptill,1178429,15.333333333333334
MJ Guptill,1181766,27.333333333333332
MJ Lumb,419115,10.0
MJ Lumb,419118,5.0
MJ Lumb,419124,17.0
MJ Lumb,419126,28.666666666666668
MJ Lumb,419129,38.666666666666664
MJ Lumb,419134,25.0
MJ Lumb,419137,22.333333333333332
MJ Lumb,419141,17.333333333333332
MJ Lumb,419143,45.0
MJ Lumb,419150,35.333333333333336
MJ Lumb,419154,33.333333333333336
MJ Lumb,501256,5.666666666666667
MJ McClenaghan,829747,0.0
MJ McClenaghan,829751,0.5
MJ McClenaghan,829795,4.333333333333333
MJ McClenaghan,980901,5.0
MJ McClenaghan,980909,11.333333333333334
MJ McClenaghan,980973,10.0
MJ McClenaghan,980985,10.666666666666666
MJ McClenaghan,1082602,4.0
MJ McClenaghan,1082614,1.6666666666666667
MJ McClenaghan,1082625,0.6666666666666666
MJ McClenaghan,1082638,1.3333333333333333
MJ McClenaghan,1082647,5.0
MJ McClenaghan,1136574,4.666666666666667
MJ McClenaghan,1136581,4.0
MJ McClenaghan,1136583,0.0
MJ McClenaghan,1136610,3.6666666666666665
MJ McClenaghan,1175358,7.0
MJ McClenaghan,1175362,7.333333333333333
MJ McClenaghan,1175364,3.6666666666666665
MJ McClenaghan,1181768,0.3333333333333333
MJ Santner,1178400,10.0
MJ Santner,1178419,16.0
MJ Santner,1304079,14.333333333333334
MJ Santner,1304084,14.0
MJ Santner,1304108,7.0
MJ Santner,1304114,3.6666666666666665
MJ Santner,1359475,1.0
MJ Santner,1359480,1.0
MK Lomror,1136588,11.0
MK Lomror,1136600,10.0
MK Lomror,1178428,9.333333333333334
MK Lomror,1216500,6.0
MK Lomror,1216511,6.666666666666667
MK Lomror,1216514,19.666666666666668
MK Lomror,1254097,25.666666666666668
MK Lomror,1254100,31.666666666666668
MK Lomror,1254103,17.0
MK Lomror,1254111,25.0
MK Lomror,1304089,20.666666666666668
MK Lomror,1304095,33.666666666666664
MK Lomror,1304106,21.333333333333332
MK Lomror,1312198,20.666666666666668
MK Lomror,1312199,9.333333333333334
MK Lomror,1359494,16.0
MK Lomror,1359498,11.333333333333334
MK Lomror,1359501,11.0
MK Lomror,1359506,5.0
MK Lomror,1359510,16.333333333333332
MK Lomror,1359517,15.0
MK Lomror,1359524,30.333333333333332
MK Lomror,1359528,19.333333333333332
MK Lomror,1359534,18.666666666666668
MK Lomror,1359544,1.0
MK Pandey,335997,0.0
MK Pandey,336036,1.5
MK Pandey,392199,1.6666666666666667
MK Pandey,392236,39.666666666666664
MK Pandey,392238,54.666666666666664
MK Pandey,392239,55.333333333333336
MK Pandey,419109,17.333333333333332
MK Pandey,419112,14.0
MK Pandey,419115,26.666666666666668
MK Pandey,419119,40.0
MK Pandey,419123,34.0
MK Pandey,419128,33.0
MK Pandey,419133,21.333333333333332
MK Pandey,419136,24.333333333333332
MK Pandey,419145,11.666666666666666
MK Pandey,419151,10.0
MK Pandey,419154,5.0
MK Pandey,419157,10.0
MK Pandey,419162,11.666666666666666
MK Pandey,501226,11.0
MK Pandey,501228,9.0
MK Pandey,501232,13.666666666666666
MK Pandey,501235,19.666666666666668
MK Pandey,501241,36.0
MK Pandey,501248,39.0
MK Pandey,501250,45.333333333333336
MK Pandey,501259,33.333333333333336
MK Pandey,501262,29.333333333333332
MK Pandey,548308,13.0
MK Pandey,548313,9.333333333333334
MK Pandey,548319,4.0
MK Pandey,548330,8.333333333333334
MK Pandey,548337,31.0
MK Pandey,548341,38.0
MK Pandey,548348,33.666666666666664
MK Pandey,548353,12.666666666666666
MK Pandey,548362,5.666666666666667
MK Pandey,598000,10.666666666666666
MK Pandey,598003,5.0
MK Pandey,598015,8.0
MK Pandey,598018,5.333333333333333
MK Pandey,598055,15.0
MK Pandey,598061,34.0
MK Pandey,598067,35.0
MK Pandey,729279,46.666666666666664
MK Pandey,729289,40.666666666666664
MK Pandey,729299,39.0
MK Pandey,729307,20.333333333333332
MK Pandey,729315,13.333333333333334
MK Pandey,733971,12.0
MK Pandey,733979,9.333333333333334
MK Pandey,733985,8.0
MK Pandey,733997,19.666666666666668
MK Pandey,734009,24.333333333333332
MK Pandey,734015,28.333333333333332
MK Pandey,734023,22.333333333333332
MK Pandey,734027,22.0
MK Pandey,734037,11.0
MK Pandey,734043,12.0
MK Pandey,734049,39.0
MK Pandey,829705,51.666666666666664
MK Pandey,829713,52.333333333333336
MK Pandey,829723,22.0
MK Pandey,829733,12.666666666666666
MK Pandey,829739,5.0
MK Pandey,829743,15.0
MK Pandey,829761,18.333333333333332
MK Pandey,829765,23.333333333333332
MK Pandey,829781,23.333333333333332
MK Pandey,829791,23.333333333333332
MK Pandey,829805,18.666666666666668
MK Pandey,829811,14.666666666666666
MK Pandey,980903,12.333333333333334
MK Pandey,980909,29.333333333333332
MK Pandey,980915,26.0
MK Pandey,980925,25.0
MK Pandey,980959,10.333333333333334
MK Pandey,980975,6.666666666666667
MK Pandey,980989,7.666666666666667
MK Pandey,980995,21.666666666666668
MK Pandey,981001,22.0
MK Pandey,981009,33.0
MK Pandey,981015,28.333333333333332
MK Pandey,1082597,55.0
MK Pandey,1082601,47.333333333333336
MK Pandey,1082604,50.666666666666664
MK Pandey,1082608,46.666666666666664
MK Pandey,1082613,46.333333333333336
MK Pandey,1082617,36.0
MK Pandey,1082622,14.666666666666666
MK Pandey,1082627,19.666666666666668
MK Pandey,1082631,27.0
MK Pandey,1082636,26.666666666666668
MK Pandey,1082639,19.666666666666668
MK Pandey,1082644,18.333333333333332
MK Pandey,1136567,20.666666666666668
MK Pandey,1136570,16.0
MK Pandey,1136576,24.0
MK Pandey,1136580,20.333333333333332
MK Pandey,1136583,24.333333333333332
MK Pandey,1136585,23.333333333333332
MK Pandey,1136588,28.666666666666668
MK Pandey,1136596,30.333333333333332
MK Pandey,1136599,14.0
MK Pandey,1136606,10.333333333333334
MK Pandey,1136611,24.0
MK Pandey,1136614,30.666666666666668
MK Pandey,1136617,31.666666666666668
MK Pandey,1175357,13.666666666666666
MK Pandey,1175363,5.666666666666667
MK Pandey,1175371,6.333333333333333
MK Pandey,1178394,9.0
MK Pandey,1178397,15.0
MK Pandey,1178416,39.333333333333336
MK Pandey,1178420,54.333333333333336
MK Pandey,1178423,60.0
MK Pandey,1178426,56.333333333333336
MK Pandey,1178429,39.0
MK Pandey,1181766,37.0
MK Pandey,1216498,18.0
MK Pandey,1216502,23.666666666666668
MK Pandey,1216507,31.666666666666668
MK Pandey,1216512,28.666666666666668
MK Pandey,1216516,29.666666666666668
MK Pandey,1216518,39.333333333333336
MK Pandey,1216524,52.0
MK Pandey,1216528,43.666666666666664
MK Pandey,1216532,17.0
MK Pandey,1216534,13.666666666666666
MK Pandey,1216538,22.333333333333332
MK Pandey,1216542,21.666666666666668
MK Pandey,1216545,27.333333333333332
MK Pandey,1237178,25.333333333333332
MK Pandey,1237180,32.0
MK Pandey,1254060,35.333333333333336
MK Pandey,1254063,40.0
MK Pandey,1254066,33.666666666666664
MK Pandey,1254080,33.666666666666664
MK Pandey,1254085,31.333333333333332
MK Pandey,1254088,53.666666666666664
MK Pandey,1254105,39.0
MK Pandey,1254107,33.0
MK Pandey,1304050,12.0
MK Pandey,1304053,8.0
MK Pandey,1304058,7.333333333333333
MK Pandey,1304072,18.0
MK Pandey,1304077,18.333333333333332
MK Pandey,1304083,22.0
MK Pandey,1359485,9.333333333333334
MK Pandey,1359490,16.0
MK Pandey,1359494,25.333333333333332
MK Pandey,1359502,32.333333333333336
MK Pandey,1359508,35.0
MK Pandey,1359514,18.666666666666668
MK Pandey,1359518,12.0
MK Pandey,1359529,9.666666666666666
MK Pandey,1359533,9.333333333333334
MK Tiwary,335995,39.0
MK Tiwary,335998,25.0
MK Tiwary,336009,18.333333333333332
MK Tiwary,336017,8.333333333333334
MK Tiwary,336020,6.0
MK Tiwary,336032,16.333333333333332
MK Tiwary,336038,13.333333333333334
MK Tiwary,392189,15.0
MK Tiwary,419106,3.0
MK Tiwary,419109,19.666666666666668
MK Tiwary,419113,19.333333333333332
MK Tiwary,419118,23.0
MK Tiwary,419127,31.333333333333332
MK Tiwary,419131,28.666666666666668
MK Tiwary,419135,26.666666666666668
MK Tiwary,419139,13.333333333333334
MK Tiwary,419144,22.0
MK Tiwary,419148,20.333333333333332
MK Tiwary,419153,17.666666666666668
MK Tiwary,501198,18.0
MK Tiwary,501203,28.0
MK Tiwary,501214,29.0
MK Tiwary,501219,35.333333333333336
MK Tiwary,501230,45.666666666666664
MK Tiwary,501234,47.0
MK Tiwary,501239,42.666666666666664
MK Tiwary,501242,22.666666666666668
MK Tiwary,501245,16.333333333333332
MK Tiwary,501255,11.666666666666666
MK Tiwary,501262,19.333333333333332
MK Tiwary,501267,26.0
MK Tiwary,501269,21.0
MK Tiwary,548307,13.0
MK Tiwary,548312,21.0
MK Tiwary,548315,20.333333333333332
MK Tiwary,548320,28.333333333333332
MK Tiwary,548323,15.333333333333334
MK Tiwary,548335,24.666666666666668
MK Tiwary,548344,17.0
MK Tiwary,548347,14.666666666666666
MK Tiwary,548353,6.666666666666667
MK Tiwary,548357,9.0
MK Tiwary,548363,13.666666666666666
MK Tiwary,548368,15.666666666666666
MK Tiwary,548370,26.666666666666668
MK Tiwary,548375,20.333333333333332
MK Tiwary,548381,19.333333333333332
MK Tiwary,597998,13.333333333333334
MK Tiwary,598005,15.333333333333334
MK Tiwary,598008,20.0
MK Tiwary,598016,12.666666666666666
MK Tiwary,598022,12.333333333333334
MK Tiwary,598029,15.666666666666666
MK Tiwary,598053,20.333333333333332
MK Tiwary,598057,24.0
MK Tiwary,598061,13.0
MK Tiwary,729281,8.333333333333334
MK Tiwary,729289,3.0
MK Tiwary,729293,3.0
MK Tiwary,729301,10.333333333333334
MK Tiwary,734011,28.0
MK Tiwary,734019,31.333333333333332
MK Tiwary,734031,37.333333333333336
MK Tiwary,734039,19.666666666666668
MK Tiwary,829739,27.0
MK Tiwary,829761,21.666666666666668
MK Tiwary,1082594,32.333333333333336
MK Tiwary,1082603,32.0
MK Tiwary,1082607,32.666666666666664
MK Tiwary,1082615,25.0
MK Tiwary,1082618,22.0
MK Tiwary,1082620,13.333333333333334
MK Tiwary,1082624,22.333333333333332
MK Tiwary,1082629,15.0
MK Tiwary,1082631,17.333333333333332
MK Tiwary,1082634,5.666666666666667
MK Tiwary,1082642,25.666666666666668
MK Tiwary,1082647,42.333333333333336
MK Tiwary,1082650,41.666666666666664
MK Tiwary,1136585,22.0
MK Tiwary,1136600,5.0
MK Tiwary,1136610,4.0
MK Tiwary,1136616,15.333333333333334
ML Hayden,335983,25.0
ML Hayden,335989,53.0
ML Hayden,335993,58.666666666666664
ML Hayden,335996,54.666666666666664
ML Hayden,392181,42.333333333333336
ML Hayden,392185,40.666666666666664
ML Hayden,392189,55.333333333333336
ML Hayden,392196,57.0
ML Hayden,392202,35.666666666666664
ML Hayden,392206,26.666666666666668
ML Hayden,392209,24.666666666666668
ML Hayden,392214,54.0
ML Hayden,392217,60.0
ML Hayden,392224,65.66666666666667
ML Hayden,392227,56.0
ML Hayden,392238,48.666666666666664
ML Hayden,419110,34.333333333333336
ML Hayden,419113,14.666666666666666
ML Hayden,419116,37.0
ML Hayden,419121,42.333333333333336
ML Hayden,419123,52.666666666666664
ML Hayden,419125,28.333333333333332
ML Hayden,419129,23.666666666666668
ML Hayden,419133,17.0
ML Hayden,419137,21.666666666666668
ML Hayden,419142,27.0
ML Hayden,419147,29.333333333333332
ML Hayden,419153,18.0
ML Hayden,419155,6.666666666666667
ML Hayden,419159,2.0
ML Hayden,419163,4.666666666666667
ML Hayden,419165,10.0
MM Ali,1136599,10.0
MM Ali,1136605,5.5
MM Ali,1136611,25.333333333333332
MM Ali,1136613,22.333333333333332
MM Ali,1175356,25.0
MM Ali,1175362,7.666666666666667
MM Ali,1175366,8.0
MM Ali,1175369,11.0
MM Ali,1175372,6.666666666666667
MM Ali,1178395,16.666666666666668
MM Ali,1178406,27.333333333333332
MM Ali,1178410,49.333333333333336
MM Ali,1178414,47.333333333333336
MM Ali,1178417,32.0
MM Ali,1216519,13.666666666666666
MM Ali,1216544,5.333333333333333
MM Ali,1237178,4.0
MM Ali,1254059,12.333333333333334
MM Ali,1254065,27.333333333333332
MM Ali,1254069,36.0
MM Ali,1254072,32.333333333333336
MM Ali,1254080,22.0
MM Ali,1254084,32.666666666666664
MM Ali,1254089,31.333333333333332
MM Ali,1254091,32.0
MM Ali,1254094,12.666666666666666
MM Ali,1254098,16.333333333333332
MM Ali,1254104,10.666666666666666
MM Ali,1254110,12.333333333333334
MM Ali,1254113,9.333333333333334
MM Ali,1254114,14.666666666666666
MM Ali,1254117,25.333333333333332
MM Ali,1304053,29.333333333333332
MM Ali,1304057,24.0
MM Ali,1304063,27.666666666666668
MM Ali,1304068,17.0
MM Ali,1304075,17.333333333333332
MM Ali,1304095,12.666666666666666
MM Ali,1304101,14.666666666666666
MM Ali,1304105,14.333333333333334
MM Ali,1304108,10.0
MM Ali,1304114,38.0
MM Ali,1359475,45.666666666666664
MM Ali,1359480,45.0
MM Ali,1359491,16.333333333333332
MM Ali,1359498,15.0
MM Ali,1359503,10.666666666666666
MM Ali,1359511,16.0
MM Ali,1359515,13.0
MM Ali,1359529,13.333333333333334
MM Ali,1359535,6.0
MM Ali,1370350,5.666666666666667
MM Patel,336008,0.0
MM Patel,392182,0.0
MM Patel,392202,0.0
MM Patel,392220,1.6666666666666667
MM Patel,392230,9.333333333333334
MM Patel,392233,11.0
MM Patel,419115,9.333333333333334
MM Patel,419118,3.0
MM Patel,501251,1.3333333333333333
MM Patel,548308,1.6666666666666667
MM Patel,548325,0.6666666666666666
MM Patel,1082643,0.6666666666666666
MM Sharma,598046,0.0
MM Sharma,598073,0.0
MM Sharma,734047,0.3333333333333333
MM Sharma,829707,1.0
MM Sharma,829723,1.0
MM Sharma,829745,1.3333333333333333
MM Sharma,829817,1.6666666666666667
MM Sharma,829823,8.666666666666666
MM Sharma,980913,13.0
MM Sharma,980925,12.333333333333334
MM Sharma,980955,5.666666666666667
MM Sharma,980963,1.0
MM Sharma,980999,5.333333333333333
MM Sharma,1082601,8.333333333333334
MM Sharma,1082605,12.333333333333334
MM Sharma,1082609,11.0
MM Sharma,1082616,9.0
MM Sharma,1082623,5.333333333333333
MM Sharma,1082633,4.0
MM Sharma,1082645,4.666666666666667
MM Sharma,1136568,4.333333333333333
MM Sharma,1136604,3.6666666666666665
MM Sharma,1136608,2.6666666666666665
MM Sharma,1136616,3.0
MM Sharma,1175370,1.6666666666666667
MM Sharma,1359536,0.6666666666666666
MN Samuels,548308,4.0
MN Samuels,548313,25.0
MN Samuels,548319,17.333333333333332
MN Samuels,548322,18.666666666666668
MN Samuels,548327,14.666666666666666
MN Samuels,548330,22.666666666666668
MN Samuels,548341,21.0
MN Samuels,548348,10.0
MN Samuels,598000,3.0
MN Samuels,598003,3.0
MN Samuels,1082635,3.0
MN Samuels,1082640,1.6666666666666667
MN Samuels,1082642,9.666666666666666
MN Samuels,1082646,9.333333333333334
MN van Wyk,392199,43.0
MN van Wyk,392203,37.5
MN van Wyk,392207,31.0
MN van Wyk,392211,41.333333333333336
MN van Wyk,392219,30.666666666666668
MP Stoinis,980905,33.0
MP Stoinis,980955,30.0
MP Stoinis,980963,20.0
MP Stoinis,980971,26.333333333333332
MP Stoinis,980977,28.666666666666668
MP Stoinis,1082601,31.666666666666668
MP Stoinis,1082612,14.666666666666666
MP Stoinis,1082616,5.666666666666667
MP Stoinis,1136562,10.0
MP Stoinis,1136568,13.333333333333334
MP Stoinis,1136594,20.666666666666668
MP Stoinis,1136598,21.0
MP Stoinis,1136600,21.0
MP Stoinis,1136608,12.0
MP Stoinis,1136610,4.666666666666667
MP Stoinis,1175369,11.333333333333334
MP Stoinis,1175372,20.0
MP Stoinis,1178395,24.666666666666668
MP Stoinis,1178403,23.666666666666668
MP Stoinis,1178406,14.333333333333334
MP Stoinis,1178410,15.0
MP Stoinis,1178414,10.333333333333334
MP Stoinis,1178417,25.666666666666668
MP Stoinis,1178421,30.666666666666668
MP Stoinis,1178424,26.0
MP Stoinis,1216493,28.333333333333332
MP Stoinis,1216497,19.666666666666668
MP Stoinis,1216500,32.666666666666664
MP Stoinis,1216505,18.333333333333332
MP Stoinis,1216509,24.333333333333332
MP Stoinis,1216515,11.666666666666666
MP Stoinis,1216519,26.0
MP Stoinis,1216524,19.666666666666668
MP Stoinis,1216529,23.666666666666668
MP Stoinis,1216532,9.666666666666666
MP Stoinis,1216535,8.666666666666666
MP Stoinis,1216539,6.0
MP Stoinis,1216543,8.333333333333334
MP Stoinis,1216546,10.666666666666666
MP Stoinis,1237177,30.666666666666668
MP Stoinis,1237180,37.333333333333336
MP Stoinis,1237181,34.333333333333336
MP Stoinis,1254059,17.333333333333332
MP Stoinis,1254064,4.666666666666667
MP Stoinis,1254068,13.666666666666666
MP Stoinis,1254077,9.666666666666666
MP Stoinis,1254079,17.0
MP Stoinis,1254082,10.0
MP Stoinis,1254116,15.333333333333334
MP Stoinis,1304066,20.666666666666668
MP Stoinis,1304072,22.0
MP Stoinis,1304077,24.0
MP Stoinis,1304083,11.333333333333334
MP Stoinis,1304088,8.333333333333334
MP Stoinis,1304091,6.0
MP Stoinis,1304099,15.333333333333334
MP Stoinis,1304103,15.666666666666666
MP Stoinis,1304109,19.0
MP Stoinis,1312198,12.666666666666666
MP Stoinis,1359477,16.0
MP Stoinis,1359480,14.0
MP Stoinis,1359484,14.333333333333334
MP Stoinis,1359489,32.0
MP Stoinis,1359495,30.0
MP Stoinis,1359500,33.666666666666664
MP Stoinis,1359504,12.0
MP Stoinis,1359512,31.0
MP Stoinis,1359517,28.333333333333332
MP Stoinis,1359519,30.333333333333332
MP Stoinis,1359525,7.666666666666667
MP Stoinis,1359532,16.666666666666668
MP Stoinis,1359537,44.333333333333336
MP Stoinis,1359542,43.0
MP Stoinis,1370351,43.0
MR Marsh,419156,15.0
MR Marsh,419160,14.0
MR Marsh,501228,13.0
MR Marsh,501248,8.666666666666666
MR Marsh,501259,16.666666666666668
MR Marsh,598000,15.333333333333334
MR Marsh,598003,19.666666666666668
MR Marsh,598011,20.0
MR Marsh,598015,18.333333333333332
MR Marsh,598018,18.0
MR Marsh,598027,13.333333333333334
MR Marsh,598047,24.333333333333332
MR Marsh,598053,21.333333333333332
MR Marsh,980911,15.666666666666666
MR Marsh,1216534,4.0
MR Marsh,1304073,7.0
MR Marsh,1304087,9.0
MR Marsh,1304091,21.333333333333332
MR Marsh,1304096,20.0
MR Marsh,1304101,24.0
MR Marsh,1304104,41.333333333333336
MR Marsh,1304110,59.0
MR Marsh,1304115,50.666666666666664
MR Marsh,1359477,21.0
MR Marsh,1359481,1.3333333333333333
MR Marsh,1359494,1.3333333333333333
MR Marsh,1359502,2.0
MR Marsh,1359508,9.0
MR Marsh,1359514,30.0
MR Marsh,1359524,38.0
MR Marsh,1359529,31.333333333333332
MR Marsh,1359533,11.333333333333334
MS Bisla,419108,2.0
MS Bisla,419112,38.5
MS Bisla,419117,25.666666666666668
MS Bisla,419121,27.333333333333332
MS Bisla,419124,14.0
MS Bisla,419127,21.333333333333332
MS Bisla,419132,22.666666666666668
MS Bisla,419136,20.333333333333332
MS Bisla,419139,19.0
MS Bisla,419143,22.0
MS Bisla,501198,21.666666666666668
MS Bisla,501203,22.0
MS Bisla,501209,15.666666666666666
MS Bisla,501214,9.666666666666666
MS Bisla,501219,8.666666666666666
MS Bisla,548315,23.666666666666668
MS Bisla,548320,30.333333333333332
MS Bisla,548323,34.0
MS Bisla,548328,22.333333333333332
MS Bisla,548335,16.0
MS Bisla,548363,7.333333333333333
MS Bisla,548381,33.333333333333336
MS Bisla,597998,31.333333333333332
MS Bisla,598005,31.333333333333332
MS Bisla,598008,2.0
MS Bisla,598013,10.0
MS Bisla,598016,9.666666666666666
MS Bisla,598031,26.333333333333332
MS Bisla,598034,47.666666666666664
MS Bisla,598040,49.0
MS Bisla,598043,41.666666666666664
MS Bisla,598050,16.666666666666668
MS Bisla,598053,19.333333333333332
MS Bisla,598057,9.666666666666666
MS Bisla,598061,4.333333333333333
MS Bisla,598069,5.333333333333333
MS Bisla,729315,6.333333333333333
MS Bisla,829737,12.666666666666666
MS Bisla,829745,13.333333333333334
MS Dhoni,335983,2.0
MS Dhoni,335989,16.0
MS Dhoni,335993,25.0
MS Dhoni,335996,46.0
MS Dhoni,336001,46.666666666666664
MS Dhoni,336005,32.666666666666664
MS Dhoni,336007,18.666666666666668
MS Dhoni,336009,19.0
MS Dhoni,336013,38.666666666666664
MS Dhoni,336018,45.333333333333336
MS Dhoni,336029,35.666666666666664
MS Dhoni,336033,19.666666666666668
MS Dhoni,336037,17.666666666666668
MS Dhoni,336040,26.0
MS Dhoni,392181,34.0
MS Dhoni,392185,27.0
MS Dhoni,392189,19.0
MS Dhoni,392196,14.333333333333334
MS Dhoni,392202,16.333333333333332
MS Dhoni,392206,16.666666666666668
MS Dhoni,392209,28.666666666666668
MS Dhoni,392214,40.0
MS Dhoni,392224,44.0
MS Dhoni,392227,32.333333333333336
MS Dhoni,392231,27.0
MS Dhoni,392234,21.666666666666668
MS Dhoni,392238,23.333333333333332
MS Dhoni,419110,24.0
MS Dhoni,419113,45.333333333333336
MS Dhoni,419129,43.0
MS Dhoni,419133,33.666666666666664
MS Dhoni,419137,11.666666666666666
MS Dhoni,419142,15.0
MS Dhoni,419147,12.666666666666666
MS Dhoni,419155,12.666666666666666
MS Dhoni,419159,20.333333333333332
MS Dhoni,419163,28.0
MS Dhoni,419165,35.333333333333336
MS Dhoni,501198,27.0
MS Dhoni,501206,31.333333333333332
MS Dhoni,501211,31.333333333333332
MS Dhoni,501215,26.333333333333332
MS Dhoni,501221,13.0
MS Dhoni,501226,14.333333333333334
MS Dhoni,501236,16.666666666666668
MS Dhoni,501249,29.333333333333332
MS Dhoni,501253,41.666666666666664
MS Dhoni,501261,37.666666666666664
MS Dhoni,501266,47.333333333333336
MS Dhoni,501268,36.0
MS Dhoni,501271,40.333333333333336
MS Dhoni,548306,18.333333333333332
MS Dhoni,548311,11.0
MS Dhoni,548316,7.333333333333333
MS Dhoni,548318,19.666666666666668
MS Dhoni,548322,26.0
MS Dhoni,548330,31.666666666666668
MS Dhoni,548332,23.0
MS Dhoni,548343,14.666666666666666
MS Dhoni,548347,16.666666666666668
MS Dhoni,548352,23.0
MS Dhoni,548355,31.0
MS Dhoni,548361,23.0
MS Dhoni,548368,21.0
MS Dhoni,548371,14.666666666666666
MS Dhoni,548379,28.333333333333332
MS Dhoni,548380,26.666666666666668
MS Dhoni,548381,29.333333333333332
MS Dhoni,598002,29.333333333333332
MS Dhoni,598012,32.666666666666664
MS Dhoni,598015,31.333333333333332
MS Dhoni,598020,29.0
MS Dhoni,598022,21.0
MS Dhoni,598026,24.666666666666668
MS Dhoni,598030,32.333333333333336
MS Dhoni,598034,35.333333333333336
MS Dhoni,598038,43.333333333333336
MS Dhoni,598041,21.666666666666668
MS Dhoni,598046,19.0
MS Dhoni,598051,5.333333333333333
MS Dhoni,598058,5.333333333333333
MS Dhoni,598062,21.333333333333332
MS Dhoni,598068,28.0
MS Dhoni,598073,48.333333333333336
MS Dhoni,729283,37.666666666666664
MS Dhoni,729293,40.333333333333336
MS Dhoni,729297,21.0
MS Dhoni,729303,17.0
MS Dhoni,729311,10.666666666666666
MS Dhoni,733971,16.333333333333332
MS Dhoni,733981,15.666666666666666
MS Dhoni,733987,19.0
MS Dhoni,733995,19.0
MS Dhoni,734003,23.666666666666668
MS Dhoni,734013,18.333333333333332
MS Dhoni,734023,18.0
MS Dhoni,734029,28.333333333333332
MS Dhoni,734035,42.333333333333336
MS Dhoni,734047,49.333333333333336
MS Dhoni,829707,40.333333333333336
MS Dhoni,829711,41.666666666666664
MS Dhoni,829723,28.0
MS Dhoni,829729,19.0
MS Dhoni,829735,11.666666666666666
MS Dhoni,829745,15.666666666666666
MS Dhoni,829753,28.333333333333332
MS Dhoni,829765,19.0
MS Dhoni,829773,21.333333333333332
MS Dhoni,829779,17.333333333333332
MS Dhoni,829789,29.333333333333332
MS Dhoni,829797,27.0
MS Dhoni,829801,26.333333333333332
MS Dhoni,829809,21.666666666666668
MS Dhoni,829817,17.333333333333332
MS Dhoni,829821,17.0
MS Dhoni,829823,14.666666666666666
MS Dhoni,980911,22.0
MS Dhoni,980919,13.666666666666666
MS Dhoni,980931,21.333333333333332
MS Dhoni,980939,21.666666666666668
MS Dhoni,980943,23.0
MS Dhoni,980949,19.333333333333332
MS Dhoni,980957,19.666666666666668
MS Dhoni,980965,27.0
MS Dhoni,980969,20.0
MS Dhoni,980979,22.0
MS Dhoni,980989,15.666666666666666
MS Dhoni,981005,34.0
MS Dhoni,1082592,28.0
MS Dhoni,1082594,27.0
MS Dhoni,1082599,9.333333333333334
MS Dhoni,1082603,7.0
MS Dhoni,1082607,14.666666666666666
MS Dhoni,1082615,31.333333333333332
MS Dhoni,1082618,32.0
MS Dhoni,1082620,30.333333333333332
MS Dhoni,1082624,17.0
MS Dhoni,1082629,23.333333333333332
MS Dhoni,1082631,17.333333333333332
MS Dhoni,1082634,20.666666666666668
MS Dhoni,1082642,13.666666666666666
MS Dhoni,1082647,25.333333333333332
MS Dhoni,1082650,18.333333333333332
MS Dhoni,1136561,18.333333333333332
MS Dhoni,1136565,13.333333333333334
MS Dhoni,1136572,36.333333333333336
MS Dhoni,1136577,36.333333333333336
MS Dhoni,1136580,36.333333333333336
MS Dhoni,1136584,33.333333333333336
MS Dhoni,1136587,40.333333333333336
MS Dhoni,1136590,49.0
MS Dhoni,1136593,40.0
MS Dhoni,1136595,41.666666666666664
MS Dhoni,1136603,35.666666666666664
MS Dhoni,1136606,28.0
MS Dhoni,1136612,23.333333333333332
MS Dhoni,1136616,17.666666666666668
MS Dhoni,1136617,14.0
MS Dhoni,1175360,19.0
MS Dhoni,1175367,38.666666666666664
MS Dhoni,1175370,39.666666666666664
MS Dhoni,1178393,41.333333333333336
MS Dhoni,1178400,35.666666666666664
MS Dhoni,1178404,37.0
MS Dhoni,1178414,52.666666666666664
MS Dhoni,1178425,48.0
MS Dhoni,1178430,46.0
MS Dhoni,1181764,30.333333333333332
MS Dhoni,1181767,18.666666666666668
MS Dhoni,1181768,16.0
MS Dhoni,1216492,3.6666666666666665
MS Dhoni,1216496,10.333333333333334
MS Dhoni,1216501,13.333333333333334
MS Dhoni,1216509,14.333333333333334
MS Dhoni,1216516,20.333333333333332
MS Dhoni,1216521,22.0
MS Dhoni,1216525,24.333333333333332
MS Dhoni,1216528,15.666666666666666
MS Dhoni,1216533,19.666666666666668
MS Dhoni,1216536,16.666666666666668
MS Dhoni,1216539,14.666666666666666
MS Dhoni,1216544,11.666666666666666
MS Dhoni,1254059,11.333333333333334
MS Dhoni,1254069,12.333333333333334
MS Dhoni,1254072,11.666666666666666
MS Dhoni,1254076,12.333333333333334
MS Dhoni,1254091,11.0
MS Dhoni,1254094,9.333333333333334
MS Dhoni,1254098,9.0
MS Dhoni,1254104,5.333333333333333
MS Dhoni,1254110,7.333333333333333
MS Dhoni,1254113,10.666666666666666
MS Dhoni,1254114,15.666666666666666
MS Dhoni,1304047,26.333333333333332
MS Dhoni,1304053,28.0
MS Dhoni,1304057,29.666666666666668
MS Dhoni,1304063,14.0
MS Dhoni,1304079,18.0
MS Dhoni,1304084,14.333333333333334
MS Dhoni,1304092,16.0
MS Dhoni,1304095,7.333333333333333
MS Dhoni,1304101,10.333333333333334
MS Dhoni,1304105,19.666666666666668
MS Dhoni,1304108,21.333333333333332
MS Dhoni,1304114,23.0
MS Dhoni,1359475,15.666666666666666
MS Dhoni,1359480,17.333333333333332
MS Dhoni,1359491,19.333333333333332
MS Dhoni,1359498,15.0
MS Dhoni,1359507,11.666666666666666
MS Dhoni,1359515,5.333333333333333
MS Dhoni,1359523,5.666666666666667
MS Dhoni,1359529,11.666666666666666
MS Dhoni,1359535,8.0
MS Dhoni,1359541,9.0
MS Dhoni,1370350,2.6666666666666665
MS Dhoni,1370353,2.0
MS Gony,336005,1.0
MS Gony,336007,8.0
MS Gony,336009,9.666666666666666
MS Gony,336029,10.666666666666666
MS Gony,336033,6.333333333333333
MS Gony,392189,4.0
MS Gony,392234,5.0
MS Gony,419121,5.0
MS Gony,501212,3.0
MS Gony,501229,0.6666666666666666
MS Gony,548311,1.3333333333333333
MS Gony,598016,15.333333333333334
MS Gony,598037,15.333333333333334
MS Gony,598041,14.0
MS Gony,598052,1.0
MS Wade,501213,3.0
MS Wade,501227,5.5
MS Wade,501265,7.333333333333333
MS Wade,1304050,16.333333333333332
MS Wade,1304056,14.0
MS Wade,1304062,12.333333333333334
MS Wade,1304067,8.666666666666666
MS Wade,1304070,12.333333333333334
MS Wade,1304103,13.666666666666666
MS Wade,1304108,14.0
MS Wade,1304113,15.333333333333334
MS Wade,1312197,23.666666666666668
MS Wade,1312200,19.666666666666668
MV Boucher,335982,7.0
MV Boucher,335985,23.0
MV Boucher,335992,16.666666666666668
MV Boucher,335996,15.666666666666666
MV Boucher,335998,13.0
MV Boucher,336010,28.333333333333332
MV Boucher,336012,33.0
MV Boucher,336016,35.666666666666664
MV Boucher,336029,24.666666666666668
MV Boucher,336034,24.0
MV Boucher,392194,23.0
MV Boucher,392199,25.666666666666668
MV Boucher,392204,21.0
MV Boucher,392213,11.0
MV Boucher,392218,18.666666666666668
MV Boucher,392221,22.333333333333332
MV Boucher,392224,22.0
MV Boucher,392232,9.333333333333334
MV Boucher,392239,6.666666666666667
MV Boucher,419123,8.666666666666666
MV Boucher,419128,6.0
MV Boucher,501242,6.0
MV Boucher,501255,2.6666666666666665
MW Short,1359488,1.0
MW Short,1359492,18.5
MW Short,1359495,23.666666666666668
MW Short,1359501,26.0
MW Short,1359505,17.666666666666668
MW Short,1359520,15.333333333333334
Mandeep Singh,419127,4.0
Mandeep Singh,419131,2.0
Mandeep Singh,501248,3.3333333333333335
Mandeep Singh,501251,4.666666666666667
Mandeep Singh,501254,9.666666666666666
Mandeep Singh,501257,11.333333333333334
Mandeep Singh,501264,11.0
Mandeep Singh,548309,17.333333333333332
Mandeep Singh,548313,21.666666666666668
Mandeep Singh,548319,22.666666666666668
Mandeep Singh,548323,24.0
Mandeep Singh,548328,18.0
Mandeep Singh,548331,21.333333333333332
Mandeep Singh,548334,16.666666666666668
Mandeep Singh,548339,22.0
Mandeep Singh,548343,34.0
Mandeep Singh,548350,40.333333333333336
Mandeep Singh,548354,35.333333333333336
Mandeep Singh,548359,41.666666666666664
Mandeep Singh,548366,36.666666666666664
Mandeep Singh,548369,41.333333333333336
Mandeep Singh,548371,24.333333333333332
Mandeep Singh,548374,15.0
Mandeep Singh,598003,18.333333333333332
Mandeep Singh,598007,13.333333333333334
Mandeep Singh,598014,14.0
Mandeep Singh,598016,17.333333333333332
Mandeep Singh,598021,17.666666666666668
Mandeep Singh,598025,42.666666666666664
Mandeep Singh,598031,37.333333333333336
Mandeep Singh,598037,37.0
Mandeep Singh,598041,16.333333333333332
Mandeep Singh,598052,8.0
Mandeep Singh,598056,5.0
Mandeep Singh,598059,8.0
Mandeep Singh,598064,13.333333333333334
Mandeep Singh,598066,13.666666666666666
Mandeep Singh,733987,6.666666666666667
Mandeep Singh,733991,8.333333333333334
Mandeep Singh,733997,8.0
Mandeep Singh,829713,9.0
Mandeep Singh,829719,2.0
Mandeep Singh,829763,11.0
Mandeep Singh,829771,24.0
Mandeep Singh,829803,30.666666666666668
Mandeep Singh,829807,22.0
Mandeep Singh,829819,25.0
Mandeep Singh,829821,19.666666666666668
Mandeep Singh,1082591,27.333333333333332
Mandeep Singh,1082595,13.333333333333334
Mandeep Singh,1082598,21.333333333333332
Mandeep Singh,1082602,13.333333333333334
Mandeep Singh,1082607,9.333333333333334
Mandeep Singh,1082617,0.3333333333333333
Mandeep Singh,1082621,3.0
Mandeep Singh,1082628,8.666666666666666
Mandeep Singh,1082633,23.666666666666668
Mandeep Singh,1082636,38.333333333333336
Mandeep Singh,1136563,45.0
Mandeep Singh,1136568,37.0
Mandeep Singh,1136571,35.333333333333336
Mandeep Singh,1136574,28.333333333333332
Mandeep Singh,1136579,26.666666666666668
Mandeep Singh,1136584,21.666666666666668
Mandeep Singh,1136589,22.666666666666668
Mandeep Singh,1136591,21.666666666666668
Mandeep Singh,1136595,13.333333333333334
Mandeep Singh,1136599,14.0
Mandeep Singh,1136605,13.666666666666666
Mandeep Singh,1136611,12.666666666666666
Mandeep Singh,1136613,6.666666666666667
Mandeep Singh,1175359,4.0
Mandeep Singh,1175361,13.666666666666666
Mandeep Singh,1175368,22.333333333333332
Mandeep Singh,1178393,21.0
Mandeep Singh,1178397,10.666666666666666
Mandeep Singh,1178399,3.3333333333333335
Mandeep Singh,1178403,9.0
Mandeep Singh,1178407,8.333333333333334
Mandeep Singh,1178412,16.0
Mandeep Singh,1178417,11.333333333333334
Mandeep Singh,1178427,19.666666666666668
Mandeep Singh,1178430,13.333333333333334
Mandeep Singh,1216498,17.666666666666668
Mandeep Singh,1216506,14.0
Mandeep Singh,1216513,19.333333333333332
Mandeep Singh,1216520,35.666666666666664
Mandeep Singh,1216523,31.0
Mandeep Singh,1216537,22.0
Mandeep Singh,1216542,2.0
Mandeep Singh,1254099,7.0
Mandeep Singh,1304048,7.0
Mandeep Singh,1304056,11.0
Mandeep Singh,1304096,6.0
Mandeep Singh,1359476,6.666666666666667
Mandeep Singh,1359483,0.6666666666666666
Mandeep Singh,1359502,4.666666666666667
Mashrafe Mortaza,392228,2.0
Misbah-ul-Haq,336002,34.0
Misbah-ul-Haq,336006,21.0
Misbah-ul-Haq,336012,14.0
Misbah-ul-Haq,336016,9.666666666666666
Misbah-ul-Haq,336023,7.0
Misbah-ul-Haq,336026,22.666666666666668
Misbah-ul-Haq,336029,17.0
Misbah-ul-Haq,336034,18.0
Mohammad Ashraful,392235,2.0
Mohammad Asif,336004,0.0
Mohammad Asif,336038,1.5
Mohammad Hafeez,335982,5.0
Mohammad Hafeez,335986,9.0
Mohammad Hafeez,335993,11.333333333333334
Mohammad Hafeez,335997,10.333333333333334
Mohammad Hafeez,336003,10.333333333333334
Mohammad Hafeez,336021,6.666666666666667
Mohammad Hafeez,336025,8.0
Mohammad Hafeez,336027,5.0
Mohammad Nabi,1082609,2.0
Mohammad Nabi,1136583,8.0
Mohammad Nabi,1136585,6.666666666666667
Mohammad Nabi,1175371,11.666666666666666
Mohammad Nabi,1178394,10.666666666666666
Mohammad Nabi,1178397,13.333333333333334
Mohammad Nabi,1178423,14.333333333333334
Mohammad Nabi,1178426,23.0
Mohammad Nabi,1178429,20.333333333333332
Mohammad Nabi,1181766,20.333333333333332
Mohammad Nabi,1216545,11.666666666666666
Mohammad Nabi,1254060,15.0
Mohammad Nabi,1254085,14.0
Mohammad Nabi,1254088,11.333333333333334
Mohammed Shami,598005,5.0
Mohammed Shami,729293,3.0
Mohammed Shami,734005,2.3333333333333335
Mohammed Shami,734019,1.0
Mohammed Shami,734039,0.6666666666666666
Mohammed Shami,980951,0.3333333333333333
Mohammed Shami,980965,0.6666666666666666
Mohammed Shami,1082608,0.6666666666666666
Mohammed Shami,1082626,1.3333333333333333
Mohammed Shami,1082635,3.0
Mohammed Shami,1082640,4.333333333333333
Mohammed Shami,1082642,4.333333333333333
Mohammed Shami,1082646,9.0
Mohammed Shami,1136573,10.0
Mohammed Shami,1175368,9.333333333333334
Mohammed Shami,1178423,2.6666666666666665
Mohammed Shami,1216503,1.0
Mohammed Shami,1216542,1.0
Mohammed Shami,1254065,3.6666666666666665
Mohammed Shami,1254071,4.0
Mohammed Shami,1254078,4.333333333333333
Mohammed Shami,1359536,1.3333333333333333
Mohammed Shami,1370350,2.0
Mohammed Siraj,1136574,8.0
Mohammed Siraj,1136595,5.5
Mohammed Siraj,1136613,8.333333333333334
Mohammed Siraj,1175356,5.666666666666667
Mohammed Siraj,1175366,5.666666666666667
Mohammed Siraj,1178395,1.3333333333333333
Mohammed Siraj,1216502,2.0
Mohammed Siraj,1216519,2.6666666666666665
Mohammed Siraj,1237178,5.666666666666667
Mohammed Siraj,1254058,5.0
Mohammed Siraj,1254076,7.333333333333333
Mohammed Siraj,1254083,4.0
Mohammed Siraj,1254087,6.666666666666667
Mohammed Siraj,1304068,7.333333333333333
Mohammed Siraj,1304082,8.0
Mohammed Siraj,1304085,7.0
Mohammed Siraj,1304106,5.333333333333333
Mohammed Siraj,1359506,5.0
Mohammed Siraj,1359517,3.3333333333333335
Mohit Rathee,1359488,1.0
Mohsin Khan (2),1304088,13.0
Mohsin Khan (2),1304103,7.0
Mohsin Khan (2),1304109,7.666666666666667
Mohsin Khan (2),1370351,3.3333333333333335
Mujeeb Ur Rahman,1136568,0.0
Mujeeb Ur Rahman,1136585,5.0
Mujeeb Ur Rahman,1178407,3.3333333333333335
Mujeeb Ur Rahman,1178423,3.3333333333333335
Mujeeb Ur Rahman,1216542,0.3333333333333333
Mujeeb Ur Rahman,1254066,0.6666666666666666
Mukesh Choudhary,1304057,2.0
Mukesh Choudhary,1304105,3.0
Mukesh Kumar,1359477,0.0
Mukesh Kumar,1359485,0.5
Mukesh Kumar,1359533,2.3333333333333335
Mustafizur Rahman,1136583,1.0
Mustafizur Rahman,1254069,0.5
Mustafizur Rahman,1254093,3.0
Mustafizur Rahman,1254106,2.6666666666666665
Mustafizur Rahman,1304056,3.6666666666666665
Mustafizur Rahman,1359490,1.3333333333333333
N Jagadeesan,1216521,0.0
N Jagadeesan,1216525,16.5
N Jagadeesan,1304108,24.0
N Jagadeesan,1304114,24.333333333333332
N Jagadeesan,1359487,15.333333333333334
N Jagadeesan,1359493,14.333333333333334
N Jagadeesan,1359496,14.0
N Jagadeesan,1359507,12.333333333333334
N Jagadeesan,1359510,9.333333333333334
N Jagadeesan,1359513,15.666666666666666
N Pooran,1175359,12.0
N Pooran,1178407,8.5
N Pooran,1178417,21.0
N Pooran,1178423,24.0
N Pooran,1178427,38.333333333333336
N Pooran,1178430,35.0
N Pooran,1216493,28.0
N Pooran,1216498,22.666666666666668
N Pooran,1216503,25.333333333333332
N Pooran,1216506,26.0
N Pooran,1216510,21.0
N Pooran,1216513,17.333333333333332
N Pooran,1216517,24.666666666666668
N Pooran,1216520,19.666666666666668
N Pooran,1216523,14.0
N Pooran,1216527,14.333333333333334
N Pooran,1216531,15.666666666666666
N Pooran,1216537,17.666666666666668
N Pooran,1216542,35.0
N Pooran,1216546,50.666666666666664
N Pooran,1254061,43.333333333333336
N Pooran,1254065,17.666666666666668
N Pooran,1254068,3.0
N Pooran,1254078,9.333333333333334
N Pooran,1254083,9.333333333333334
N Pooran,1254090,7.333333333333333
N Pooran,1254099,1.6666666666666667
N Pooran,1254102,5.666666666666667
N Pooran,1254107,7.333333333333333
N Pooran,1254111,17.333333333333332
N Pooran,1304051,13.333333333333334
N Pooran,1304058,22.0
N Pooran,1304063,13.0
N Pooran,1304067,24.333333333333332
N Pooran,1304071,14.666666666666666
N Pooran,1304074,24.666666666666668
N Pooran,1304086,14.333333333333334
N Pooran,1304092,34.0
N Pooran,1304096,43.0
N Pooran,1304100,48.333333333333336
N Pooran,1304107,27.666666666666668
N Pooran,1304111,19.666666666666668
N Pooran,1304116,15.0
N Pooran,1359477,26.333333333333332
N Pooran,1359480,24.333333333333332
N Pooran,1359484,26.333333333333332
N Pooran,1359489,35.0
N Pooran,1359495,24.333333333333332
N Pooran,1359500,30.333333333333332
N Pooran,1359504,10.0
N Pooran,1359512,25.0
N Pooran,1359517,18.333333333333332
N Pooran,1359519,24.666666666666668
N Pooran,1359525,10.666666666666666
N Pooran,1359532,22.333333333333332
N Pooran,1359537,18.333333333333332
N Pooran,1359542,36.666666666666664
N Pooran,1370351,22.0
N Rana,980981,9.0
N Rana,980985,17.0
N Rana,981007,34.666666666666664
N Rana,1082592,43.0
N Rana,1082597,51.333333333333336
N Rana,1082600,43.0
N Rana,1082602,35.333333333333336
N Rana,1082606,36.333333333333336
N Rana,1082612,42.0
N Rana,1082614,41.0
N Rana,1082618,24.333333333333332
N Rana,1082625,10.0
N Rana,1082628,16.333333333333332
N Rana,1082638,18.333333333333332
N Rana,1082641,16.0
N Rana,1136563,18.333333333333332
N Rana,1136565,20.666666666666668
N Rana,1136570,22.666666666666668
N Rana,1136573,31.0
N Rana,1136575,37.333333333333336
N Rana,1136578,32.333333333333336
N Rana,1136586,15.333333333333334
N Rana,1136589,8.666666666666666
N Rana,1136597,18.0
N Rana,1136601,22.333333333333332
N Rana,1136604,21.0
N Rana,1136609,17.666666666666668
N Rana,1136614,13.0
N Rana,1136618,10.333333333333334
N Rana,1136619,10.666666666666666
N Rana,1175357,31.0
N Rana,1175361,51.0
N Rana,1175365,44.0
N Rana,1175372,33.666666666666664
N Rana,1178398,12.666666666666666
N Rana,1178401,16.0
N Rana,1178404,10.666666666666666
N Rana,1178410,39.0
N Rana,1178413,39.0
N Rana,1178418,39.0
N Rana,1178431,19.333333333333332
N Rana,1216494,15.666666666666666
N Rana,1216497,35.666666666666664
N Rana,1216501,30.0
N Rana,1216504,37.333333333333336
N Rana,1216508,18.333333333333332
N Rana,1216512,25.0
N Rana,1216515,37.0
N Rana,1216520,29.0
N Rana,1216523,20.0
N Rana,1216526,2.3333333333333335
N Rana,1216530,2.3333333333333335
N Rana,1216536,30.666666666666668
N Rana,1216540,32.0
N Rana,1216545,40.666666666666664
N Rana,1254060,38.333333333333336
N Rana,1254062,54.333333333333336
N Rana,1254067,51.666666666666664
N Rana,1254072,28.0
N Rana,1254075,16.333333333333332
N Rana,1254078,10.333333333333334
N Rana,1254082,12.333333333333334
N Rana,1254092,17.0
N Rana,1254096,18.666666666666668
N Rana,1254098,26.0
N Rana,1254102,24.333333333333332
N Rana,1254106,26.666666666666668
N Rana,1254109,22.666666666666668
N Rana,1254115,20.0
N Rana,1254116,20.333333333333332
N Rana,1254117,12.0
N Rana,1304047,11.333333333333334
N Rana,1304052,10.333333333333334
N Rana,1304054,10.333333333333334
N Rana,1304060,6.0
N Rana,1304065,12.666666666666666
N Rana,1304071,30.666666666666668
N Rana,1304076,34.0
N Rana,1304081,24.666666666666668
N Rana,1304087,25.666666666666668
N Rana,1304093,35.666666666666664
N Rana,1304099,35.666666666666664
N Rana,1304102,31.0
N Rana,1304107,23.666666666666668
N Rana,1304112,37.0
N Rana,1359476,30.666666666666668
N Rana,1359483,22.333333333333332
N Rana,1359487,23.333333333333332
N Rana,1359493,40.333333333333336
N Rana,1359496,41.666666666666664
N Rana,1359502,28.0
N Rana,1359507,12.0
N Rana,1359510,26.333333333333332
N Rana,1359513,26.333333333333332
N Rana,1359521,31.333333333333332
N Rana,1359527,32.333333333333336
N Rana,1359530,38.333333333333336
N Rana,1359535,43.333333333333336
N Rana,1359542,29.0
N Saini,548331,14.0
N Saini,548334,22.0
N Saini,548339,20.333333333333332
N Saini,548343,17.666666666666668
N Saini,548350,24.333333333333332
N Saini,548354,19.333333333333332
N Saini,548359,18.0
N Saini,548366,2.3333333333333335
N Saini,548369,6.666666666666667
N Saini,548371,6.333333333333333
N Wadhera,1359479,21.0
N Wadhera,1359496,13.5
N Wadhera,1359505,9.0
N Wadhera,1359509,15.333333333333334
N Wadhera,1359523,34.666666666666664
N Wadhera,1359528,52.0
N Wadhera,1359531,43.666666666666664
N Wadhera,1359537,27.666666666666668
N Wadhera,1370351,18.0
N Wadhera,1370352,14.333333333333334
NA Saini,1175356,2.0
NA Saini,1178424,1.0
NA Saini,1216510,2.6666666666666665
NA Saini,1216519,6.0
NA Saini,1237178,9.0
NA Saini,1254076,7.666666666666667
NA Saini,1304055,4.333333333333333
ND Doshi,501258,0.0
NJ Maddinson,729281,4.0
NJ Maddinson,729287,8.0
NJ Maddinson,829779,6.666666666666667
NJ Rimmington,501202,1.0
NL McCullum,501226,15.0
NL McCullum,501235,13.0
NLTC Perera,501225,1.0
NLTC Perera,501229,11.5
NLTC Perera,548334,9.0
NLTC Perera,548351,8.666666666666666
NLTC Perera,598000,11.333333333333334
NLTC Perera,598004,13.0
NLTC Perera,598010,13.666666666666666
NLTC Perera,598013,15.666666666666666
NLTC Perera,598018,13.333333333333334
NLTC Perera,598021,20.333333333333332
NLTC Perera,598032,9.666666666666666
NLTC Perera,598048,22.333333333333332
NLTC Perera,598051,22.333333333333332
NLTC Perera,598056,31.666666666666668
NLTC Perera,598060,19.0
NLTC Perera,598065,17.0
NLTC Perera,598069,7.666666666666667
NLTC Perera,598071,10.666666666666666
NLTC Perera,829733,8.0
NLTC Perera,829767,7.666666666666667
NLTC Perera,980919,6.666666666666667
NLTC Perera,980931,15.0
NLTC Perera,980939,18.0
NLTC Perera,980949,16.333333333333332
NLTC Perera,980957,9.0
NLTC Perera,980965,9.666666666666666
NLTC Perera,980969,13.333333333333334
NLTC Perera,980979,15.0
NLTC Perera,980989,14.666666666666666
NLTC Perera,981005,17.666666666666668
NM Coulter-Nile,598066,9.0
NM Coulter-Nile,829707,7.0
NM Coulter-Nile,829739,5.333333333333333
NM Coulter-Nile,829757,3.6666666666666665
NM Coulter-Nile,829777,4.0
NM Coulter-Nile,829783,4.333333333333333
NM Coulter-Nile,980903,5.333333333333333
NM Coulter-Nile,980997,4.0
NM Coulter-Nile,1082617,3.6666666666666665
NM Coulter-Nile,1082631,3.3333333333333335
NM Coulter-Nile,1082649,4.666666666666667
NM Coulter-Nile,1216495,4.333333333333333
NM Coulter-Nile,1216517,10.333333333333334
NM Coulter-Nile,1254088,9.333333333333334
NM Coulter-Nile,1254112,9.333333333333334
NM Coulter-Nile,1304051,1.6666666666666667
NS Naik,980935,22.0
NS Naik,980941,11.5
NS Naik,1175365,10.0
NS Naik,1216508,3.0
NT Ellis,1254099,6.0
NT Ellis,1254107,9.0
NT Ellis,1304078,6.0
NT Ellis,1359488,4.0
NT Ellis,1359501,0.3333333333333333
NV Ojha,392205,0.0
NV Ojha,392210,34.0
NV Ojha,392213,40.0
NV Ojha,392217,40.0
NV Ojha,392220,22.666666666666668
NV Ojha,392225,5.666666666666667
NV Ojha,392230,8.666666666666666
NV Ojha,392233,10.666666666666666
NV Ojha,419107,14.333333333333334
NV Ojha,419111,19.333333333333332
NV Ojha,419115,17.333333333333332
NV Ojha,419118,22.333333333333332
NV Ojha,419124,18.666666666666668
NV Ojha,419126,18.0
NV Ojha,419129,35.666666666666664
NV Ojha,419134,40.333333333333336
NV Ojha,419137,67.0
NV Ojha,419141,40.666666666666664
NV Ojha,419143,46.333333333333336
NV Ojha,419150,15.0
NV Ojha,419154,17.0
NV Ojha,419158,8.333333333333334
NV Ojha,501201,18.0
NV Ojha,501204,15.666666666666666
NV Ojha,501213,13.333333333333334
NV Ojha,501216,4.333333333333333
NV Ojha,501223,10.666666666666666
NV Ojha,501227,12.333333333333334
NV Ojha,501230,12.0
NV Ojha,501233,5.666666666666667
NV Ojha,501238,4.666666666666667
NV Ojha,501243,6.666666666666667
NV Ojha,501246,7.0
NV Ojha,501253,11.0
NV Ojha,501257,18.0
NV Ojha,501265,20.333333333333332
NV Ojha,548310,23.0
NV Ojha,548316,18.333333333333332
NV Ojha,548321,16.0
NV Ojha,548325,9.333333333333334
NV Ojha,548329,26.0
NV Ojha,548333,29.333333333333332
NV Ojha,548342,26.666666666666668
NV Ojha,548345,9.0
NV Ojha,548349,9.0
NV Ojha,548357,8.0
NV Ojha,548364,5.333333333333333
NV Ojha,548369,13.0
NV Ojha,548372,16.666666666666668
NV Ojha,548374,17.333333333333332
NV Ojha,548378,15.333333333333334
NV Ojha,548380,13.333333333333334
NV Ojha,597998,14.666666666666666
NV Ojha,598001,5.333333333333333
NV Ojha,729317,6.333333333333333
NV Ojha,733977,8.333333333333334
NV Ojha,733989,14.0
NV Ojha,733993,15.0
NV Ojha,734001,12.333333333333334
NV Ojha,734007,33.0
NV Ojha,734015,36.0
NV Ojha,734021,41.666666666666664
NV Ojha,734029,21.666666666666668
NV Ojha,734037,23.0
NV Ojha,829711,20.0
NV Ojha,829727,22.0
NV Ojha,829731,17.333333333333332
NV Ojha,829743,18.333333333333332
NV Ojha,829751,13.0
NV Ojha,829759,18.333333333333332
NV Ojha,829773,19.0
NV Ojha,829781,16.0
NV Ojha,829787,9.333333333333334
NV Ojha,829799,3.3333333333333335
NV Ojha,829815,3.3333333333333335
NV Ojha,980907,0.6666666666666666
NV Ojha,980915,12.333333333333334
NV Ojha,980935,13.0
NV Ojha,980943,19.0
NV Ojha,980953,7.0
NV Ojha,980967,9.333333333333334
NV Ojha,980979,5.666666666666667
NV Ojha,980983,7.666666666666667
NV Ojha,981003,10.0
NV Ojha,981009,12.666666666666666
NV Ojha,981015,12.666666666666666
NV Ojha,981017,10.666666666666666
NV Ojha,981019,8.0
NV Ojha,1082600,8.666666666666666
NV Ojha,1082604,9.0
NV Ojha,1082609,18.0
NV Ojha,1082634,18.0
NV Ojha,1082648,19.666666666666668
NV Ojha,1136596,8.666666666666666
Naveen-ul-Haq,1359517,13.0
Naveen-ul-Haq,1359542,7.5
Naveen-ul-Haq,1370351,5.333333333333333
Niraj Patel,336015,4.0
Niraj Patel,336019,30.5
Niraj Patel,336036,33.666666666666664
Niraj Patel,336040,33.0
Niraj Patel,392182,15.333333333333334
Niraj Patel,392233,6.666666666666667
Noor Ahmad,1359531,1.0
Noor Ahmad,1359536,0.5
Noor Ahmad,1370350,2.6666666666666665
OA Shah,419106,58.0
OA Shah,419109,30.0
OA Shah,419113,21.666666666666668
OA Shah,419118,8.666666666666666
OA Shah,419122,18.333333333333332
OA Shah,501254,24.333333333333332
OA Shah,501261,19.0
OA Shah,548309,13.333333333333334
OA Shah,548312,13.333333333333334
OA Shah,548317,37.666666666666664
OA Shah,548320,43.333333333333336
OA Shah,548324,55.666666666666664
OA Shah,548326,34.333333333333336
OA Shah,548332,41.333333333333336
OA Shah,548336,24.666666666666668
OA Shah,548345,21.0
OA Shah,548349,4.0
OA Shah,548358,2.0
OA Shah,548373,11.0
OA Shah,548377,20.0
OA Shah,598036,19.0
OA Shah,598043,17.666666666666668
OC McCoy,1312200,8.0
OF Smith,1304049,25.0
OF Smith,1304054,17.0
OF Smith,1304057,12.333333333333334
OF Smith,1304062,4.0
OF Smith,1304069,1.3333333333333333
OF Smith,1304074,4.666666666666667
P Awana,548369,4.0
P Awana,598007,2.5
P Awana,598014,1.6666666666666667
P Awana,598037,0.3333333333333333
P Awana,598056,0.0
P Chopra,1136603,8.0
P Dogra,419107,41.0
P Dogra,419111,35.0
P Dogra,419115,24.333333333333332
P Dogra,419118,10.666666666666666
P Dogra,419124,1.3333333333333333
P Dogra,419129,2.0
P Dogra,419134,8.666666666666666
P Dogra,419158,11.0
P Dogra,548323,11.333333333333334
P Dogra,548328,6.666666666666667
P Dogra,548350,5.0
P Dogra,598069,4.666666666666667
P Dubey,1216535,7.0
P Dubey,1359533,11.5
P Kumar,335982,18.0
P Kumar,335992,26.0
P Kumar,335996,19.333333333333332
P Kumar,335998,15.333333333333334
P Kumar,336006,4.0
P Kumar,336010,3.3333333333333335
P Kumar,336012,4.0
P Kumar,336016,5.666666666666667
P Kumar,336023,4.333333333333333
P Kumar,336026,2.3333333333333335
P Kumar,336029,7.666666666666667
P Kumar,336034,10.333333333333334
P Kumar,392182,12.333333333333334
P Kumar,392185,5.333333333333333
P Kumar,392188,7.333333333333333
P Kumar,392191,9.0
P Kumar,392204,12.0
P Kumar,392213,9.666666666666666
P Kumar,392224,9.333333333333334
P Kumar,392239,7.0
P Kumar,419109,5.666666666666667
P Kumar,419128,1.6666666666666667
P Kumar,419162,1.3333333333333333
P Kumar,501202,1.3333333333333333
P Kumar,501234,2.0
P Kumar,501237,2.3333333333333335
P Kumar,501244,6.333333333333333
P Kumar,501248,6.666666666666667
P Kumar,501251,6.666666666666667
P Kumar,501264,1.6666666666666667
P Kumar,548309,4.0
P Kumar,548313,3.6666666666666665
P Kumar,548323,3.6666666666666665
P Kumar,548343,2.3333333333333335
P Kumar,548354,4.333333333333333
P Kumar,548369,7.0
P Kumar,548374,6.0
P Kumar,598007,4.666666666666667
P Kumar,598014,7.0
P Kumar,598016,6.333333333333333
P Kumar,598021,6.333333333333333
P Kumar,598037,9.333333333333334
P Kumar,598056,9.333333333333334
P Kumar,598066,8.333333333333334
P Kumar,734045,0.6666666666666666
P Kumar,829731,0.6666666666666666
P Kumar,829751,0.6666666666666666
P Kumar,829781,4.333333333333333
P Kumar,829815,5.333333333333333
P Kumar,980917,5.333333333333333
P Kumar,980929,1.6666666666666667
P Kumar,980955,5.333333333333333
P Kumar,980967,7.333333333333333
P Kumar,980987,7.333333333333333
P Kumar,981013,2.6666666666666665
P Kumar,1082596,3.0
P Kumar,1082643,3.0
P Negi,548333,8.0
P Negi,548372,7.0
P Negi,548378,9.333333333333334
P Negi,548380,9.333333333333334
P Negi,829723,16.333333333333332
P Negi,829773,16.666666666666668
P Negi,829779,18.333333333333332
P Negi,829789,21.333333333333332
P Negi,829797,17.0
P Negi,829801,14.333333333333334
P Negi,829817,3.3333333333333335
P Negi,829821,6.666666666666667
P Negi,829823,6.0
P Negi,980903,8.666666666666666
P Negi,980913,7.333333333333333
P Negi,980933,9.666666666666666
P Negi,980945,7.0
P Negi,980965,10.666666666666666
P Negi,981011,9.333333333333334
P Negi,1082595,11.666666666666666
P Negi,1082602,9.666666666666666
P Negi,1082607,11.0
P Negi,1082617,8.333333333333334
P Negi,1082621,14.666666666666666
P Negi,1082624,12.333333333333334
P Negi,1082628,23.333333333333332
P Negi,1082633,19.666666666666668
P Negi,1082636,20.333333333333332
P Negi,1082646,13.0
P Negi,1136571,7.0
P Negi,1136584,5.333333333333333
P Negi,1178395,1.0
P Negi,1178406,0.0
P Negi,1178414,1.6666666666666667
P Negi,1178424,3.0
P Parameswaran,501247,1.0
P Parameswaran,548376,0.5
P Ray Barman,1175366,19.0
P Sahu,980913,18.0
P Sahu,980925,9.5
P Simran Singh,1178423,16.0
P Simran Singh,1216523,10.0
P Simran Singh,1216542,10.333333333333334
P Simran Singh,1254083,7.333333333333333
P Simran Singh,1254086,10.0
P Simran Singh,1304074,11.0
P Simran Singh,1359476,16.333333333333332
P Simran Singh,1359482,32.333333333333336
P Simran Singh,1359488,27.666666666666668
P Simran Singh,1359492,20.0
P Simran Singh,1359495,1.3333333333333333
P Simran Singh,1359501,16.666666666666668
P Simran Singh,1359505,25.333333333333332
P Simran Singh,1359512,27.0
P Simran Singh,1359515,25.666666666666668
P Simran Singh,1359520,20.0
P Simran Singh,1359527,21.0
P Simran Singh,1359533,41.333333333333336
P Simran Singh,1359538,45.666666666666664
P Simran Singh,1359540,42.333333333333336
PA Patel,335983,15.0
PA Patel,335989,14.5
PA Patel,335993,16.666666666666668
PA Patel,335996,18.666666666666668
PA Patel,336001,21.0
PA Patel,336005,14.0
PA Patel,336007,8.333333333333334
PA Patel,336025,7.666666666666667
PA Patel,336029,15.666666666666666
PA Patel,336033,32.333333333333336
PA Patel,336037,32.666666666666664
PA Patel,336039,41.666666666666664
PA Patel,336040,36.333333333333336
PA Patel,392181,29.666666666666668
PA Patel,392185,22.666666666666668
PA Patel,392189,15.333333333333334
PA Patel,392196,15.333333333333334
PA Patel,392202,6.333333333333333
PA Patel,392227,1.0
PA Patel,392231,9.333333333333334
PA Patel,392234,19.0
PA Patel,392238,31.0
PA Patel,419116,24.666666666666668
PA Patel,419121,33.0
PA Patel,419123,21.333333333333332
PA Patel,419125,22.0
PA Patel,501200,3.3333333333333335
PA Patel,501207,10.0
PA Patel,501215,18.666666666666668
PA Patel,501219,21.333333333333332
PA Patel,501225,25.0
PA Patel,501229,13.666666666666666
PA Patel,501233,11.0
PA Patel,501238,12.666666666666666
PA Patel,501242,19.666666666666668
PA Patel,501247,25.666666666666668
PA Patel,501254,13.333333333333334
PA Patel,501258,13.333333333333334
PA Patel,501261,9.0
PA Patel,548311,15.666666666666666
PA Patel,548314,9.0
PA Patel,548321,22.0
PA Patel,548335,23.0
PA Patel,548341,30.666666666666668
PA Patel,548346,22.0
PA Patel,548348,14.333333333333334
PA Patel,548352,6.666666666666667
PA Patel,548359,6.0
PA Patel,548366,12.0
PA Patel,548373,15.0
PA Patel,548376,14.666666666666666
PA Patel,598000,15.0
PA Patel,598004,12.333333333333334
PA Patel,598010,13.333333333333334
PA Patel,598013,16.0
PA Patel,598018,19.333333333333332
PA Patel,598044,17.666666666666668
PA Patel,598048,15.333333333333334
PA Patel,598051,26.0
PA Patel,598056,41.666666666666664
PA Patel,598060,43.666666666666664
PA Patel,598065,29.666666666666668
PA Patel,598069,25.0
PA Patel,598071,16.666666666666668
PA Patel,729281,28.333333333333332
PA Patel,729287,31.666666666666668
PA Patel,729299,38.333333333333336
PA Patel,729305,26.333333333333332
PA Patel,729313,8.0
PA Patel,733977,2.0
PA Patel,733983,10.333333333333334
PA Patel,733991,14.0
PA Patel,733999,13.666666666666666
PA Patel,734005,14.666666666666666
PA Patel,734013,13.666666666666666
PA Patel,734021,14.333333333333334
PA Patel,829721,10.0
PA Patel,829729,6.666666666666667
PA Patel,829737,9.333333333333334
PA Patel,829747,13.333333333333334
PA Patel,829751,19.0
PA Patel,829769,22.666666666666668
PA Patel,829775,33.0
PA Patel,829783,31.666666666666668
PA Patel,829789,39.0
PA Patel,829795,25.666666666666668
PA Patel,829805,28.333333333333332
PA Patel,829815,30.333333333333332
PA Patel,829817,35.666666666666664
PA Patel,829823,28.666666666666668
PA Patel,980909,19.333333333333332
PA Patel,980917,19.0
PA Patel,980923,22.333333333333332
PA Patel,980927,16.333333333333332
PA Patel,980933,5.333333333333333
PA Patel,980941,29.0
PA Patel,980947,27.666666666666668
PA Patel,980957,34.333333333333336
PA Patel,980973,7.333333333333333
PA Patel,980981,7.333333333333333
PA Patel,1082592,6.666666666666667
PA Patel,1082597,16.666666666666668
PA Patel,1082600,29.333333333333332
PA Patel,1082602,24.0
PA Patel,1082606,14.0
PA Patel,1082612,13.333333333333334
PA Patel,1082614,15.0
PA Patel,1082618,26.0
PA Patel,1082625,37.0
PA Patel,1082628,34.333333333333336
PA Patel,1082635,31.666666666666668
PA Patel,1082638,16.0
PA Patel,1082641,28.666666666666668
PA Patel,1082647,37.666666666666664
PA Patel,1082649,34.666666666666664
PA Patel,1082650,23.333333333333332
PA Patel,1136595,23.666666666666668
PA Patel,1136599,25.666666666666668
PA Patel,1136605,26.333333333333332
PA Patel,1136608,22.0
PA Patel,1136611,15.666666666666666
PA Patel,1136613,24.666666666666668
PA Patel,1175356,21.0
PA Patel,1175362,31.0
PA Patel,1175366,23.666666666666668
PA Patel,1175369,36.333333333333336
PA Patel,1175372,34.333333333333336
PA Patel,1178395,33.666666666666664
PA Patel,1178403,17.666666666666668
PA Patel,1178406,18.666666666666668
PA Patel,1178410,19.333333333333332
PA Patel,1178414,30.666666666666668
PA Patel,1178417,35.666666666666664
PA Patel,1178421,45.0
PA Patel,1178424,30.0
PA Patel,1178429,15.666666666666666
PA Reddy,548359,24.0
PA Reddy,548373,33.0
PA Reddy,548376,24.333333333333332
PA Reddy,598000,25.333333333333332
PA Reddy,598004,19.0
PA Reddy,598010,17.0
PA Reddy,598021,14.333333333333334
PA Reddy,598032,7.333333333333333
PA Reddy,598039,9.333333333333334
PA Reddy,598048,7.0
PBB Rajapaksa,1304049,43.0
PBB Rajapaksa,1304054,37.0
PBB Rajapaksa,1304057,27.666666666666668
PBB Rajapaksa,1304084,27.333333333333332
PBB Rajapaksa,1304088,20.0
PBB Rajapaksa,1304094,30.333333333333332
PBB Rajapaksa,1304098,25.333333333333332
PBB Rajapaksa,1304106,22.666666666666668
PBB Rajapaksa,1304110,10.666666666666666
PBB Rajapaksa,1359476,18.333333333333332
PBB Rajapaksa,1359482,18.333333333333332
PBB Rajapaksa,1359492,23.666666666666668
PBB Rajapaksa,1359527,7.0
PC Valthaty,392190,5.0
PC Valthaty,392198,3.0
PC Valthaty,501202,4.0
PC Valthaty,501206,42.333333333333336
PC Valthaty,501212,67.0
PC Valthaty,501220,80.33333333333333
PC Valthaty,501223,45.0
PC Valthaty,501234,22.333333333333332
PC Valthaty,501237,18.0
PC Valthaty,501244,20.333333333333332
PC Valthaty,501248,25.666666666666668
PC Valthaty,501251,19.333333333333332
PC Valthaty,501254,18.0
PC Valthaty,501257,31.0
PC Valthaty,501260,33.0
PC Valthaty,501264,29.0
PC Valthaty,548309,12.666666666666666
PC Valthaty,548313,6.333333333333333
PC Valthaty,548319,4.666666666666667
PC Valthaty,548328,3.0
PC Valthaty,548331,4.666666666666667
PC Valthaty,548374,5.333333333333333
PC Valthaty,598021,4.666666666666667
PD Collingwood,419131,53.0
PD Collingwood,419134,34.5
PD Collingwood,419140,48.0
PD Collingwood,419144,31.0
PD Collingwood,419149,27.0
PD Collingwood,419152,2.6666666666666665
PD Collingwood,419160,19.0
PD Salt,1359502,5.0
PD Salt,1359508,2.5
PD Salt,1359514,21.333333333333332
PD Salt,1359518,19.666666666666668
PD Salt,1359524,48.666666666666664
PD Salt,1359529,34.666666666666664
PD Salt,1359533,41.666666666666664
PD Salt,1359538,21.333333333333332
PD Salt,1359541,16.666666666666668
PJ Cummins,829765,0.0
PJ Cummins,1082595,3.0
PJ Cummins,1082605,6.0
PJ Cummins,1082608,7.0
PJ Cummins,1082614,6.333333333333333
PJ Cummins,1082635,5.666666666666667
PJ Cummins,1082640,12.666666666666666
PJ Cummins,1082642,15.0
PJ Cummins,1082646,14.0
PJ Cummins,1216494,7.333333333333333
PJ Cummins,1216501,9.333333333333334
PJ Cummins,1216504,11.0
PJ Cummins,1216508,20.666666666666668
PJ Cummins,1216515,16.666666666666668
PJ Cummins,1216520,13.0
PJ Cummins,1216523,3.6666666666666665
PJ Cummins,1216526,19.666666666666668
PJ Cummins,1216530,24.333333333333332
PJ Cummins,1216540,23.0
PJ Cummins,1254062,5.333333333333333
PJ Cummins,1254067,2.3333333333333335
PJ Cummins,1254072,24.0
PJ Cummins,1254075,27.333333333333332
PJ Cummins,1254082,29.0
PJ Cummins,1304060,25.666666666666668
PJ Cummins,1304065,23.666666666666668
PJ Cummins,1304071,21.0
PJ Cummins,1304076,2.3333333333333335
PJ Cummins,1304102,1.0
PJ Sangwan,336004,2.0
PJ Sangwan,336017,1.0
PJ Sangwan,392198,1.0
PJ Sangwan,392206,0.3333333333333333
PJ Sangwan,392226,2.0
PJ Sangwan,392237,1.6666666666666667
PJ Sangwan,419114,3.0
PJ Sangwan,419152,3.3333333333333335
PJ Sangwan,598008,4.666666666666667
PJ Sangwan,1082629,3.6666666666666665
PJ Sangwan,1082632,2.0
PJ Sangwan,1082643,0.6666666666666666
PJ Sangwan,1136567,0.3333333333333333
PJ Sangwan,1304094,0.6666666666666666
PK Garg,1216498,3.0
PK Garg,1216507,9.0
PK Garg,1216512,7.333333333333333
PK Garg,1216516,23.333333333333332
PK Garg,1216528,23.666666666666668
PK Garg,1216534,26.333333333333332
PK Garg,1216538,12.0
PK Garg,1216542,6.666666666666667
PK Garg,1237178,5.0
PK Garg,1237180,8.0
PK Garg,1254088,17.666666666666668
PK Garg,1254091,17.666666666666668
PK Garg,1254095,17.0
PK Garg,1254100,7.333333333333333
PK Garg,1254109,12.0
PK Garg,1304111,21.0
PK Garg,1304116,22.333333333333332
PK Garg,1359514,19.333333333333332
PK Garg,1359518,8.666666666666666
PM Sarvesh Kumar,336020,1.0
PN Mankad,1304116,4.0
PN Mankad,1359532,34.0
PN Mankad,1359537,22.666666666666668
PN Mankad,1359542,30.0
PN Mankad,1370351,9.666666666666666
PP Chawla,335987,24.0
PP Chawla,335991,12.0
PP Chawla,336003,15.0
PP Chawla,336013,12.666666666666666
PP Chawla,336031,18.0
PP Chawla,336035,11.0
PP Chawla,336039,9.333333333333334
PP Chawla,392186,5.0
PP Chawla,392195,7.0
PP Chawla,392200,3.0
PP Chawla,392204,3.0
PP Chawla,392210,3.0
PP Chawla,392216,5.666666666666667
PP Chawla,392229,5.0
PP Chawla,392234,4.333333333333333
PP Chawla,419108,3.3333333333333335
PP Chawla,419117,6.0
PP Chawla,419121,7.333333333333333
PP Chawla,419124,8.333333333333334
PP Chawla,419132,12.666666666666666
PP Chawla,419143,13.333333333333334
PP Chawla,501202,15.666666666666666
PP Chawla,501220,9.666666666666666
PP Chawla,501237,9.666666666666666
PP Chawla,501244,6.333333333333333
PP Chawla,501257,5.333333333333333
PP Chawla,501264,6.333333333333333
PP Chawla,548309,8.0
PP Chawla,548313,13.0
PP Chawla,548319,15.666666666666666
PP Chawla,548323,16.666666666666668
PP Chawla,548328,14.333333333333334
PP Chawla,548331,9.666666666666666
PP Chawla,548343,5.333333333333333
PP Chawla,548350,4.333333333333333
PP Chawla,548354,3.6666666666666665
PP Chawla,548366,6.333333333333333
PP Chawla,548369,7.666666666666667
PP Chawla,548374,6.333333333333333
PP Chawla,598007,5.0
PP Chawla,598014,4.0
PP Chawla,598016,7.333333333333333
PP Chawla,598021,13.666666666666666
PP Chawla,598031,11.333333333333334
PP Chawla,598037,11.666666666666666
PP Chawla,598052,4.333333333333333
PP Chawla,598056,4.333333333333333
PP Chawla,598059,2.0
PP Chawla,598066,2.0
PP Chawla,729307,2.0
PP Chawla,729315,0.3333333333333333
PP Chawla,733971,0.3333333333333333
PP Chawla,734043,6.0
PP Chawla,734049,10.333333333333334
PP Chawla,829733,11.333333333333334
PP Chawla,829761,13.0
PP Chawla,829765,8.666666666666666
PP Chawla,829781,10.333333333333334
PP Chawla,829791,9.0
PP Chawla,829805,9.333333333333334
PP Chawla,829811,6.333333333333333
PP Chawla,980939,3.0
PP Chawla,980951,5.333333333333333
PP Chawla,981001,9.0
PP Chawla,1082649,7.0
PP Chawla,1136573,4.333333333333333
PP Chawla,1136578,1.3333333333333333
PP Chawla,1136586,1.3333333333333333
PP Chawla,1136601,5.0
PP Chawla,1136619,8.333333333333334
PP Chawla,1175365,11.666666666666666
PP Chawla,1178398,10.666666666666666
PP Chawla,1178401,11.333333333333334
PP Chawla,1178404,8.666666666666666
PP Chawla,1178413,7.333333333333333
PP Chawla,1254088,2.6666666666666665
PP Chawla,1359486,3.0
PP Chawla,1359509,7.666666666666667
PP Chawla,1359523,8.333333333333334
PP Chawla,1370352,6.666666666666667
PP Ojha,336011,1.0
PP Ojha,336020,0.5
PP Ojha,336037,0.6666666666666666
PP Ojha,392192,0.3333333333333333
PP Ojha,392201,0.6666666666666666
PP Ojha,392209,0.3333333333333333
PP Ojha,392223,0.3333333333333333
PP Ojha,419138,0.6666666666666666
PP Ojha,419163,1.0
PP Ojha,419164,1.0
PP Ojha,548308,0.3333333333333333
PP Ojha,548325,1.0
PP Ojha,548351,1.3333333333333333
PP Ojha,598019,1.6666666666666667
PP Ojha,598070,0.6666666666666666
PP Ojha,598073,0.6666666666666666
PP Ojha,729287,0.6666666666666666
PP Ojha,734031,1.3333333333333333
PP Ojha,734045,1.3333333333333333
PP Shaw,1136582,22.0
PP Shaw,1136586,42.0
PP Shaw,1136590,31.0
PP Shaw,1136592,39.333333333333336
PP Shaw,1136596,40.333333333333336
PP Shaw,1136602,40.333333333333336
PP Shaw,1136605,25.333333333333332
PP Shaw,1136612,9.333333333333334
PP Shaw,1136615,10.333333333333334
PP Shaw,1175358,12.0
PP Shaw,1175360,14.333333333333334
PP Shaw,1175365,43.333333333333336
PP Shaw,1175368,41.0
PP Shaw,1175371,36.666666666666664
PP Shaw,1178395,13.0
PP Shaw,1178401,17.666666666666668
PP Shaw,1178405,15.333333333333334
PP Shaw,1178409,12.666666666666666
PP Shaw,1178412,12.333333333333334
PP Shaw,1178415,25.0
PP Shaw,1178421,24.333333333333332
PP Shaw,1178425,21.333333333333332
PP Shaw,1178428,10.0
PP Shaw,1181766,22.666666666666668
PP Shaw,1181767,23.0
PP Shaw,1216493,22.0
PP Shaw,1216500,9.666666666666666
PP Shaw,1216505,11.0
PP Shaw,1216509,9.333333333333334
PP Shaw,1216515,25.0
PP Shaw,1216519,36.0
PP Shaw,1216529,37.333333333333336
PP Shaw,1216532,16.0
PP Shaw,1216535,5.333333333333333
PP Shaw,1216539,25.333333333333332
PP Shaw,1216543,24.666666666666668
PP Shaw,1216546,23.666666666666668
PP Shaw,1237177,2.3333333333333335
PP Shaw,1254059,26.333333333333332
PP Shaw,1254064,24.666666666666668
PP Shaw,1254068,35.333333333333336
PP Shaw,1254070,13.666666666666666
PP Shaw,1254077,30.666666666666668
PP Shaw,1254079,27.0
PP Shaw,1254082,52.0
PP Shaw,1254086,47.333333333333336
PP Shaw,1254097,43.666666666666664
PP Shaw,1254101,32.333333333333336
PP Shaw,1254105,23.0
PP Shaw,1254110,25.666666666666668
PP Shaw,1254112,11.666666666666666
PP Shaw,1254114,28.0
PP Shaw,1254116,28.0
PP Shaw,1304048,38.666666666666664
PP Shaw,1304056,22.0
PP Shaw,1304061,36.333333333333336
PP Shaw,1304065,40.666666666666664
PP Shaw,1304073,42.666666666666664
PP Shaw,1304078,36.0
PP Shaw,1304080,31.333333333333332
PP Shaw,1304087,26.0
PP Shaw,1304091,14.0
PP Shaw,1304115,9.666666666666666
PP Shaw,1359477,13.666666666666666
PP Shaw,1359481,14.333333333333334
PP Shaw,1359485,6.333333333333333
PP Shaw,1359490,7.333333333333333
PP Shaw,1359494,5.0
PP Shaw,1359502,9.333333333333334
PP Shaw,1359538,22.333333333333332
PP Shaw,1359541,24.0
PR Shah,335985,19.0
PR Shah,336024,14.5
PR Shah,336028,11.333333333333334
PR Shah,336032,5.0
PR Shah,392192,2.0
PR Shah,392212,10.0
PR Shah,392215,13.666666666666666
PR Shah,392235,17.333333333333332
PR Shah,501258,9.333333333333334
PSP Handscomb,980957,6.0
PV Tambe,598065,3.0
PV Tambe,729297,2.5
PV Tambe,733989,2.6666666666666665
PV Tambe,829749,2.3333333333333335
PV Tambe,829797,2.0
PV Tambe,980987,3.3333333333333335
PVD Chameera,1304050,1.0
PVD Chameera,1304066,7.0
PVD Chameera,1304077,5.0
PVD Chameera,1304088,10.333333333333334
PVD Chameera,1304099,6.0
PVD Chameera,1304109,5.666666666666667
PVD Chameera,1312198,3.6666666666666665
PWH de Silva,1254087,0.0
PWH de Silva,1254113,0.5
PWH de Silva,1304052,1.6666666666666667
PWH de Silva,1304068,4.0
PWH de Silva,1304082,6.333333333333333
PWH de Silva,1304085,11.0
PWH de Silva,1304095,8.666666666666666
PWH de Silva,1304106,6.333333333333333
PWH de Silva,1312199,0.3333333333333333
PWH de Silva,1359498,1.0
PWH de Silva,1359506,2.6666666666666665
PWH de Silva,1359510,4.333333333333333
PWH de Silva,1359517,6.333333333333333
PWH de Silva,1359528,8.333333333333334
Pankaj Singh,335990,4.0
Pankaj Singh,336019,2.5
Pankaj Singh,392191,1.6666666666666667
Pankaj Singh,392194,0.6666666666666666
Pankaj Singh,419157,0.6666666666666666
Parvez Rasool,598053,1.0
Parvez Rasool,598055,2.5
Parvez Rasool,829711,2.3333333333333335
Parvez Rasool,980953,5.333333333333333
Q de Kock,598018,2.0
Q de Kock,598021,1.0
Q de Kock,598030,2.0
Q de Kock,729301,17.333333333333332
Q de Kock,729309,22.666666666666668
Q de Kock,733975,35.333333333333336
Q de Kock,733981,27.333333333333332
Q de Kock,733985,25.333333333333332
Q de Kock,733993,13.666666666666666
Q de Kock,734005,7.666666666666667
Q de Kock,829793,21.0
Q de Kock,829801,19.666666666666668
Q de Kock,829813,40.666666666666664
Q de Kock,980903,29.666666666666668
Q de Kock,980913,48.333333333333336
Q de Kock,980921,61.333333333333336
Q de Kock,980933,58.666666666666664
Q de Kock,980945,40.666666666666664
Q de Kock,980951,5.0
Q de Kock,980961,17.333333333333332
Q de Kock,980971,33.0
Q de Kock,980983,47.333333333333336
Q de Kock,980993,45.333333333333336
Q de Kock,980997,28.666666666666668
Q de Kock,981003,14.666666666666666
Q de Kock,981011,21.333333333333332
Q de Kock,1136563,22.0
Q de Kock,1136568,36.333333333333336
Q de Kock,1136571,25.0
Q de Kock,1136574,30.0
Q de Kock,1136579,21.0
Q de Kock,1136584,30.0
Q de Kock,1136589,33.333333333333336
Q de Kock,1136591,29.666666666666668
Q de Kock,1175358,21.0
Q de Kock,1175362,19.0
Q de Kock,1175364,36.666666666666664
Q de Kock,1175370,29.0
Q de Kock,1178394,27.666666666666668
Q de Kock,1178399,15.666666666666666
Q de Kock,1178402,41.333333333333336
Q de Kock,1178406,48.333333333333336
Q de Kock,1178409,52.0
Q de Kock,1178411,46.666666666666664
Q de Kock,1178419,38.333333333333336
Q de Kock,1178422,26.666666666666668
Q de Kock,1178426,28.0
Q de Kock,1178431,33.0
Q de Kock,1181764,35.666666666666664
Q de Kock,1181768,22.333333333333332
Q de Kock,1216492,23.333333333333332
Q de Kock,1216495,29.0
Q de Kock,1216499,25.333333333333332
Q de Kock,1216503,14.333333333333334
Q de Kock,1216508,6.333333333333333
Q de Kock,1216511,8.0
Q de Kock,1216517,26.666666666666668
Q de Kock,1216521,41.666666666666664
Q de Kock,1216526,60.0
Q de Kock,1216529,59.0
Q de Kock,1216535,52.333333333333336
Q de Kock,1216538,48.666666666666664
Q de Kock,1216541,33.0
Q de Kock,1216547,29.0
Q de Kock,1237177,20.0
Q de Kock,1237181,24.666666666666668
Q de Kock,1254062,20.666666666666668
Q de Kock,1254066,20.666666666666668
Q de Kock,1254070,14.666666666666666
Q de Kock,1254074,15.0
Q de Kock,1254081,25.0
Q de Kock,1254084,37.0
Q de Kock,1254096,54.333333333333336
Q de Kock,1254099,40.0
Q de Kock,1254104,33.0
Q de Kock,1254108,22.666666666666668
Q de Kock,1254112,20.0
Q de Kock,1304050,16.666666666666668
Q de Kock,1304053,29.0
Q de Kock,1304058,23.0
Q de Kock,1304061,47.333333333333336
Q de Kock,1304066,40.0
Q de Kock,1304072,47.666666666666664
Q de Kock,1304077,22.0
Q de Kock,1304083,12.333333333333334
Q de Kock,1304088,19.666666666666668
Q de Kock,1304091,26.333333333333332
Q de Kock,1304099,39.666666666666664
Q de Kock,1304103,28.0
Q de Kock,1304109,22.666666666666668
Q de Kock,1304112,52.666666666666664
Q de Kock,1312198,51.0
Q de Kock,1359525,72.0
Q de Kock,1359532,35.0
Q de Kock,1359537,38.333333333333336
Q de Kock,1359542,24.333333333333332
R Ashwin,392234,8.0
R Ashwin,419110,4.0
R Ashwin,419121,3.3333333333333335
R Ashwin,419123,4.333333333333333
R Ashwin,419147,6.0
R Ashwin,419155,7.333333333333333
R Ashwin,419163,5.666666666666667
R Ashwin,501221,4.0
R Ashwin,501266,2.6666666666666665
R Ashwin,548306,1.6666666666666667
R Ashwin,548316,4.333333333333333
R Ashwin,548343,6.0
R Ashwin,548355,5.0
R Ashwin,548371,2.3333333333333335
R Ashwin,598002,0.6666666666666666
R Ashwin,598015,4.333333333333333
R Ashwin,598022,8.0
R Ashwin,598046,8.0
R Ashwin,598073,7.333333333333333
R Ashwin,729293,4.0
R Ashwin,729297,6.333333333333333
R Ashwin,733987,7.0
R Ashwin,734003,11.333333333333334
R Ashwin,734047,11.666666666666666
R Ashwin,829707,12.0
R Ashwin,829745,9.0
R Ashwin,829765,8.666666666666666
R Ashwin,829817,12.333333333333334
R Ashwin,829821,11.0
R Ashwin,829823,8.666666666666666
R Ashwin,980919,1.3333333333333333
R Ashwin,980931,1.0
R Ashwin,980969,3.6666666666666665
R Ashwin,980979,13.0
R Ashwin,980989,13.0
R Ashwin,981005,10.0
R Ashwin,1136568,11.333333333333334
R Ashwin,1136572,16.0
R Ashwin,1136582,17.666666666666668
R Ashwin,1136585,8.0
R Ashwin,1136600,3.3333333333333335
R Ashwin,1136604,16.333333333333332
R Ashwin,1136608,15.0
R Ashwin,1136616,15.0
R Ashwin,1175368,1.0
R Ashwin,1178407,6.666666666666667
R Ashwin,1178412,12.0
R Ashwin,1178417,13.0
R Ashwin,1178423,7.333333333333333
R Ashwin,1178427,2.0
R Ashwin,1216493,1.3333333333333333
R Ashwin,1216497,6.0
R Ashwin,1216500,6.0
R Ashwin,1216524,7.0
R Ashwin,1216535,6.333333333333333
R Ashwin,1254064,8.666666666666666
R Ashwin,1254092,9.333333333333334
R Ashwin,1254097,7.333333333333333
R Ashwin,1254110,5.666666666666667
R Ashwin,1254112,9.333333333333334
R Ashwin,1304055,7.666666666666667
R Ashwin,1304066,16.333333333333332
R Ashwin,1304070,12.333333333333334
R Ashwin,1304076,12.666666666666666
R Ashwin,1304085,9.0
R Ashwin,1304090,13.333333333333334
R Ashwin,1304093,14.666666666666666
R Ashwin,1304104,25.666666666666668
R Ashwin,1304109,22.0
R Ashwin,1304114,33.333333333333336
R Ashwin,1312197,17.333333333333332
R Ashwin,1312200,16.0
R Ashwin,1359478,3.0
R Ashwin,1359482,2.3333333333333335
R Ashwin,1359491,10.333333333333334
R Ashwin,1359497,13.333333333333334
R Ashwin,1359500,14.333333333333334
R Ashwin,1359506,8.333333333333334
R Ashwin,1359511,5.333333333333333
R Ashwin,1359516,7.0
R Ashwin,1359522,3.6666666666666665
R Bhatia,335995,17.0
R Bhatia,335998,12.5
R Bhatia,336004,11.333333333333334
R Bhatia,392206,6.333333333333333
R Bhatia,392223,3.6666666666666665
R Bhatia,392226,0.6666666666666666
R Bhatia,392235,0.6666666666666666
R Bhatia,392237,2.0
R Bhatia,419116,9.0
R Bhatia,419144,9.0
R Bhatia,419149,8.0
R Bhatia,501198,1.0
R Bhatia,501219,3.6666666666666665
R Bhatia,501242,3.6666666666666665
R Bhatia,501262,4.0
R Bhatia,501267,4.333333333333333
R Bhatia,501269,4.666666666666667
R Bhatia,548307,6.666666666666667
R Bhatia,548312,5.666666666666667
R Bhatia,548315,6.333333333333333
R Bhatia,548323,5.0
R Bhatia,548368,2.6666666666666665
R Bhatia,548370,5.333333333333333
R Bhatia,598005,8.333333333333334
R Bhatia,598008,12.333333333333334
R Bhatia,598016,13.666666666666666
R Bhatia,598022,10.0
R Bhatia,598029,6.0
R Bhatia,598040,9.333333333333334
R Bhatia,598050,10.333333333333334
R Bhatia,598053,14.333333333333334
R Bhatia,598057,6.666666666666667
R Bhatia,598061,8.666666666666666
R Bhatia,729285,5.666666666666667
R Bhatia,729297,12.333333333333334
R Bhatia,733975,14.666666666666666
R Bhatia,733979,15.333333333333334
R Bhatia,733989,9.0
R Bhatia,734003,5.666666666666667
R Bhatia,734017,5.666666666666667
R Bhatia,829797,4.333333333333333
R Bhatia,980911,2.0
R Bhatia,980931,7.0
R Bhatia,980939,7.333333333333333
R Bhatia,980957,8.333333333333334
R Bhatia,980969,4.333333333333333
R Bhatia,1082599,9.333333333333334
R Bishnoi,392185,0.0
R Bishnoi,392188,0.5
R Bishnoi,392204,6.333333333333333
R Dhawan,598019,0.0
R Dhawan,598066,7.0
R Dhawan,598072,6.0
R Dhawan,598073,7.0
R Dhawan,729307,8.666666666666666
R Dhawan,729313,15.0
R Dhawan,733997,15.333333333333334
R Dhawan,734019,11.666666666666666
R Dhawan,734025,8.666666666666666
R Dhawan,734043,12.0
R Dhawan,829717,11.333333333333334
R Dhawan,829759,8.0
R Dhawan,829803,3.6666666666666665
R Dhawan,829809,10.0
R Dhawan,980935,9.666666666666666
R Dhawan,981005,13.0
R Dhawan,1304088,11.666666666666666
R Dhawan,1304098,12.333333333333334
R Dhawan,1304106,11.0
R Dhawan,1304110,5.333333333333333
R Dhawan,1359492,4.0
R Dhawan,1359527,8.0
R Dravid,335982,2.0
R Dravid,335985,17.0
R Dravid,335992,11.333333333333334
R Dravid,335996,10.666666666666666
R Dravid,335998,12.666666666666666
R Dravid,336002,23.0
R Dravid,336006,45.0
R Dravid,336010,34.0
R Dravid,336012,27.333333333333332
R Dravid,336016,15.0
R Dravid,336023,38.333333333333336
R Dravid,336026,37.666666666666664
R Dravid,336029,43.666666666666664
R Dravid,336034,27.333333333333332
R Dravid,392182,46.333333333333336
R Dravid,392185,37.333333333333336
R Dravid,392188,44.666666666666664
R Dravid,392191,26.0
R Dravid,392213,19.333333333333332
R Dravid,392218,6.666666666666667
R Dravid,392221,7.333333333333333
R Dravid,392224,10.0
R Dravid,392232,19.333333333333332
R Dravid,392236,17.333333333333332
R Dravid,392238,29.333333333333332
R Dravid,392239,19.666666666666668
R Dravid,419109,24.666666666666668
R Dravid,419123,14.666666666666666
R Dravid,419128,12.0
R Dravid,419140,9.666666666666666
R Dravid,419145,13.666666666666666
R Dravid,419148,30.666666666666668
R Dravid,419151,42.333333333333336
R Dravid,419154,35.333333333333336
R Dravid,419157,23.333333333333332
R Dravid,419162,14.666666666666666
R Dravid,419164,24.666666666666668
R Dravid,501199,28.666666666666668
R Dravid,501204,33.666666666666664
R Dravid,501209,33.666666666666664
R Dravid,501220,27.0
R Dravid,501225,29.0
R Dravid,501231,19.0
R Dravid,501235,22.333333333333332
R Dravid,501240,29.666666666666668
R Dravid,501249,34.666666666666664
R Dravid,501252,41.0
R Dravid,501258,19.333333333333332
R Dravid,501263,27.0
R Dravid,548309,24.0
R Dravid,548312,32.333333333333336
R Dravid,548317,19.0
R Dravid,548320,19.0
R Dravid,548324,18.666666666666668
R Dravid,548326,31.666666666666668
R Dravid,548332,31.0
R Dravid,548336,42.0
R Dravid,548345,41.333333333333336
R Dravid,548349,51.666666666666664
R Dravid,548354,47.666666666666664
R Dravid,548358,39.0
R Dravid,548361,21.333333333333332
R Dravid,548365,13.0
R Dravid,548373,21.333333333333332
R Dravid,548377,21.666666666666668
R Dravid,598001,36.333333333333336
R Dravid,598005,29.0
R Dravid,598009,45.333333333333336
R Dravid,598014,26.666666666666668
R Dravid,598023,32.666666666666664
R Dravid,598026,16.666666666666668
R Dravid,598032,25.666666666666668
R Dravid,598036,21.333333333333332
R Dravid,598043,21.333333333333332
R Dravid,598047,28.666666666666668
R Dravid,598049,39.0
R Dravid,598052,38.333333333333336
R Dravid,598058,26.333333333333332
R Dravid,598063,10.0
R Dravid,598065,17.0
R Dravid,598071,13.666666666666666
R Dravid,598072,26.666666666666668
R McLaren,419107,11.0
R McLaren,419125,6.0
R McLaren,419130,8.333333333333334
R McLaren,419142,5.0
R McLaren,419146,4.666666666666667
R McLaren,419157,13.666666666666666
R McLaren,419161,13.333333333333334
R McLaren,501202,30.333333333333332
R McLaren,501220,17.666666666666668
R McLaren,501244,27.0
R McLaren,501264,13.0
R McLaren,598008,13.0
R McLaren,598050,4.0
R Ninan,501208,3.0
R Parag,1178400,16.0
R Parag,1178411,29.5
R Parag,1178415,21.0
R Parag,1178418,31.333333333333332
R Parag,1178428,33.666666666666664
R Parag,1216496,34.333333333333336
R Parag,1216504,19.0
R Parag,1216507,16.333333333333332
R Parag,1216514,19.666666666666668
R Parag,1216518,26.0
R Parag,1216527,12.0
R Parag,1216530,6.666666666666667
R Parag,1216543,0.3333333333333333
R Parag,1254061,8.666666666666666
R Parag,1254064,9.333333333333334
R Parag,1254069,10.0
R Parag,1254073,10.0
R Parag,1254081,12.0
R Parag,1254085,16.0
R Parag,1254097,8.333333333333334
R Parag,1254100,5.666666666666667
R Parag,1254103,3.6666666666666665
R Parag,1254111,4.333333333333333
R Parag,1304051,8.333333333333334
R Parag,1304055,7.0
R Parag,1304066,8.333333333333334
R Parag,1304070,10.333333333333334
R Parag,1304076,10.333333333333334
R Parag,1304085,26.333333333333332
R Parag,1304090,21.333333333333332
R Parag,1304093,26.0
R Parag,1304098,7.333333333333333
R Parag,1304104,9.333333333333334
R Parag,1304109,9.333333333333334
R Parag,1304114,12.666666666666666
R Parag,1312197,11.0
R Parag,1312200,9.666666666666666
R Parag,1359478,8.666666666666666
R Parag,1359482,14.0
R Parag,1359485,11.333333333333334
R Parag,1359497,10.666666666666666
R Parag,1359500,9.0
R Parag,1359522,8.0
R Parag,1359540,13.0
R Powell,1304048,0.0
R Powell,1304056,10.0
R Powell,1304061,7.666666666666667
R Powell,1304065,10.333333333333334
R Powell,1304073,3.6666666666666665
R Powell,1304080,14.666666666666666
R Powell,1304087,23.0
R Powell,1304091,34.666666666666664
R Powell,1304096,45.0
R Powell,1304101,35.0
R Powell,1304110,24.0
R Powell,1304115,16.0
R Powell,1359477,15.333333333333334
R Powell,1359485,15.333333333333334
R Powell,1359490,2.3333333333333335
R Rampaul,598012,0.0
R Rampaul,598017,6.0
R Rampaul,598027,4.0
R Rampaul,598033,11.666666666666666
R Rampaul,598036,8.666666666666666
R Rampaul,598057,8.666666666666666
R Rampaul,729305,5.333333333333333
R Sanjay Yadav,1304111,0.0
R Sathish,419107,6.0
R Sathish,419119,15.0
R Sathish,419122,17.0
R Sathish,419125,16.666666666666668
R Sathish,419130,9.666666666666666
R Sathish,419132,8.333333333333334
R Sathish,419142,8.0
R Sathish,419146,13.666666666666666
R Sathish,419150,8.333333333333334
R Sathish,419161,10.666666666666666
R Sathish,501221,4.0
R Sathish,501231,6.0
R Sathish,501270,8.333333333333334
R Sathish,598007,11.0
R Sathish,598014,12.333333333333334
R Sathish,598028,13.666666666666666
R Sathish,598041,11.0
R Sathish,598045,11.333333333333334
R Sathish,598052,5.333333333333333
R Sathish,598056,13.666666666666666
R Sathish,598064,18.666666666666668
R Sathish,980939,20.666666666666668
R Sathish,980951,14.333333333333334
R Sathish,981015,8.0
R Sharma,419126,10.0
R Sharma,419138,7.5
R Sharma,419160,9.666666666666666
R Sharma,419164,6.333333333333333
R Sharma,501207,8.0
R Sharma,501218,7.666666666666667
R Sharma,501226,8.0
R Sharma,501235,4.666666666666667
R Sharma,501241,0.3333333333333333
R Sharma,548313,0.0
R Sharma,548319,0.6666666666666666
R Sharma,548362,0.6666666666666666
R Sharma,548365,0.6666666666666666
R Sharma,598000,0.0
R Sharma,598003,0.3333333333333333
R Sharma,598011,3.6666666666666665
R Sharma,598018,3.6666666666666665
R Sharma,598038,3.3333333333333335
R Sharma,598042,0.0
R Shepherd,1304051,24.0
R Shepherd,1304058,16.0
R Shepherd,1304116,19.333333333333332
R Shepherd,1359484,11.333333333333334
R Shukla,598001,1.0
R Shukla,733993,1.5
R Shukla,734005,1.6666666666666667
R Shukla,734011,6.0
R Tewatia,734033,16.0
R Tewatia,1082639,15.5
R Tewatia,1082645,11.666666666666666
R Tewatia,1136562,9.333333333333334
R Tewatia,1136573,4.666666666666667
R Tewatia,1136579,7.666666666666667
R Tewatia,1136582,12.666666666666666
R Tewatia,1136590,13.333333333333334
R Tewatia,1175358,12.0
R Tewatia,1175360,7.666666666666667
R Tewatia,1175371,8.333333333333334
R Tewatia,1178395,5.666666666666667
R Tewatia,1216496,5.333333333333333
R Tewatia,1216500,16.333333333333332
R Tewatia,1216504,20.666666666666668
R Tewatia,1216507,32.333333333333336
R Tewatia,1216511,21.333333333333332
R Tewatia,1216514,24.666666666666668
R Tewatia,1216518,10.333333333333334
R Tewatia,1216522,15.0
R Tewatia,1216527,24.666666666666668
R Tewatia,1216530,34.333333333333336
R Tewatia,1216543,32.666666666666664
R Tewatia,1254061,15.666666666666666
R Tewatia,1254064,11.666666666666666
R Tewatia,1254069,13.666666666666666
R Tewatia,1254073,26.333333333333332
R Tewatia,1254075,21.666666666666668
R Tewatia,1254093,19.0
R Tewatia,1254097,8.666666666666666
R Tewatia,1254100,7.0
R Tewatia,1254103,3.6666666666666665
R Tewatia,1254106,15.333333333333334
R Tewatia,1254111,16.0
R Tewatia,1304050,28.666666666666668
R Tewatia,1304056,18.666666666666668
R Tewatia,1304062,22.333333333333332
R Tewatia,1304067,11.0
R Tewatia,1304075,8.333333333333334
R Tewatia,1304081,9.666666666666666
R Tewatia,1304086,21.0
R Tewatia,1304089,33.333333333333336
R Tewatia,1304094,31.333333333333332
R Tewatia,1304097,19.0
R Tewatia,1304103,12.0
R Tewatia,1304113,9.0
R Tewatia,1359475,13.0
R Tewatia,1359492,7.333333333333333
R Tewatia,1359497,7.0
R Tewatia,1359504,2.6666666666666665
R Tewatia,1359509,7.666666666666667
R Tewatia,1359518,14.0
R Tewatia,1359531,18.0
R Tewatia,1359536,12.333333333333334
R Tewatia,1359544,7.0
R Tewatia,1370350,3.3333333333333335
R Vinay Kumar,335992,1.0
R Vinay Kumar,336012,12.0
R Vinay Kumar,336016,8.333333333333334
R Vinay Kumar,336029,8.0
R Vinay Kumar,392182,3.0
R Vinay Kumar,392185,4.333333333333333
R Vinay Kumar,392191,4.666666666666667
R Vinay Kumar,392213,6.0
R Vinay Kumar,392218,6.666666666666667
R Vinay Kumar,392224,8.333333333333334
R Vinay Kumar,392239,7.0
R Vinay Kumar,419128,5.333333333333333
R Vinay Kumar,419140,4.333333333333333
R Vinay Kumar,419151,3.0
R Vinay Kumar,419157,5.666666666666667
R Vinay Kumar,419162,7.333333333333333
R Vinay Kumar,501207,6.333333333333333
R Vinay Kumar,501219,6.666666666666667
R Vinay Kumar,501225,5.666666666666667
R Vinay Kumar,501229,11.333333333333334
R Vinay Kumar,501233,11.333333333333334
R Vinay Kumar,501247,10.666666666666666
R Vinay Kumar,501254,5.0
R Vinay Kumar,548310,7.333333333333333
R Vinay Kumar,548315,14.666666666666666
R Vinay Kumar,548318,16.333333333333332
R Vinay Kumar,548324,14.0
R Vinay Kumar,548344,5.666666666666667
R Vinay Kumar,548367,4.0
R Vinay Kumar,548376,2.6666666666666665
R Vinay Kumar,598004,5.0
R Vinay Kumar,598017,5.0
R Vinay Kumar,598033,11.333333333333334
R Vinay Kumar,598036,16.333333333333332
R Vinay Kumar,598057,20.666666666666668
R Vinay Kumar,729299,13.333333333333334
R Vinay Kumar,729315,6.0
R Vinay Kumar,829729,1.3333333333333333
R Vinay Kumar,829751,0.0
R Vinay Kumar,980901,4.0
R Vinay Kumar,981007,4.333333333333333
R Vinay Kumar,1136563,6.333333333333333
RA Bawa,1304049,0.0
RA Bawa,1304054,5.5
RA Jadeja,335984,29.0
RA Jadeja,335987,32.5
RA Jadeja,335990,22.0
RA Jadeja,336000,23.333333333333332
RA Jadeja,336008,11.333333333333334
RA Jadeja,336015,13.0
RA Jadeja,336036,9.666666666666666
RA Jadeja,336038,12.0
RA Jadeja,336040,10.0
RA Jadeja,392182,6.0
RA Jadeja,392190,11.0
RA Jadeja,392195,23.333333333333332
RA Jadeja,392198,25.0
RA Jadeja,392202,30.0
RA Jadeja,392205,21.666666666666668
RA Jadeja,392210,27.333333333333332
RA Jadeja,392213,15.333333333333334
RA Jadeja,392217,20.333333333333332
RA Jadeja,392220,15.666666666666666
RA Jadeja,392225,29.333333333333332
RA Jadeja,392230,28.333333333333332
RA Jadeja,392233,26.666666666666668
RA Jadeja,501200,20.333333333333332
RA Jadeja,501207,28.0
RA Jadeja,501210,31.666666666666668
RA Jadeja,501215,29.333333333333332
RA Jadeja,501219,23.333333333333332
RA Jadeja,501225,22.333333333333332
RA Jadeja,501229,24.666666666666668
RA Jadeja,501233,25.333333333333332
RA Jadeja,501242,20.666666666666668
RA Jadeja,501247,20.666666666666668
RA Jadeja,501254,16.0
RA Jadeja,501261,19.666666666666668
RA Jadeja,548306,13.0
RA Jadeja,548311,23.333333333333332
RA Jadeja,548316,21.333333333333332
RA Jadeja,548318,21.666666666666668
RA Jadeja,548322,20.333333333333332
RA Jadeja,548330,18.333333333333332
RA Jadeja,548343,22.666666666666668
RA Jadeja,548347,11.0
RA Jadeja,548352,10.0
RA Jadeja,548355,7.333333333333333
RA Jadeja,548361,9.666666666666666
RA Jadeja,548368,9.333333333333334
RA Jadeja,548371,10.666666666666666
RA Jadeja,548379,5.666666666666667
RA Jadeja,598002,10.0
RA Jadeja,598012,18.333333333333332
RA Jadeja,598015,27.0
RA Jadeja,598022,33.666666666666664
RA Jadeja,598026,21.0
RA Jadeja,598030,12.333333333333334
RA Jadeja,598034,0.6666666666666666
RA Jadeja,598041,2.3333333333333335
RA Jadeja,598046,8.666666666666666
RA Jadeja,598051,13.0
RA Jadeja,598058,15.333333333333334
RA Jadeja,598062,16.666666666666668
RA Jadeja,598068,14.333333333333334
RA Jadeja,598073,10.333333333333334
RA Jadeja,729293,4.666666666666667
RA Jadeja,729297,14.333333333333334
RA Jadeja,729311,16.333333333333332
RA Jadeja,733971,19.666666666666668
RA Jadeja,733987,13.333333333333334
RA Jadeja,733995,13.333333333333334
RA Jadeja,734003,11.333333333333334
RA Jadeja,734013,9.0
RA Jadeja,734023,10.0
RA Jadeja,734047,15.333333333333334
RA Jadeja,829707,17.666666666666668
RA Jadeja,829711,14.666666666666666
RA Jadeja,829723,13.666666666666666
RA Jadeja,829745,10.666666666666666
RA Jadeja,829753,16.666666666666668
RA Jadeja,829765,13.666666666666666
RA Jadeja,829773,15.666666666666666
RA Jadeja,829779,10.666666666666666
RA Jadeja,829801,6.666666666666667
RA Jadeja,829817,8.333333333333334
RA Jadeja,829823,11.0
RA Jadeja,980905,12.666666666666666
RA Jadeja,980911,7.666666666666667
RA Jadeja,980929,8.666666666666666
RA Jadeja,980937,10.0
RA Jadeja,980945,10.0
RA Jadeja,980949,5.333333333333333
RA Jadeja,980955,5.0
RA Jadeja,980961,15.666666666666666
RA Jadeja,980967,21.666666666666668
RA Jadeja,980975,21.0
RA Jadeja,980987,16.0
RA Jadeja,981001,13.666666666666666
RA Jadeja,981007,17.666666666666668
RA Jadeja,981013,11.666666666666666
RA Jadeja,981017,14.333333333333334
RA Jadeja,1082610,15.0
RA Jadeja,1082613,20.333333333333332
RA Jadeja,1082616,17.0
RA Jadeja,1082621,10.0
RA Jadeja,1082625,13.0
RA Jadeja,1082629,16.333333333333332
RA Jadeja,1082632,21.666666666666668
RA Jadeja,1082637,14.666666666666666
RA Jadeja,1082640,12.666666666666666
RA Jadeja,1082643,13.333333333333334
RA Jadeja,1136561,15.0
RA Jadeja,1136565,14.333333333333334
RA Jadeja,1136572,14.0
RA Jadeja,1136577,10.666666666666666
RA Jadeja,1136584,8.0
RA Jadeja,1136593,5.666666666666667
RA Jadeja,1136612,14.0
RA Jadeja,1136617,14.0
RA Jadeja,1175356,12.0
RA Jadeja,1175367,5.666666666666667
RA Jadeja,1175370,5.0
RA Jadeja,1178400,6.0
RA Jadeja,1178404,13.666666666666666
RA Jadeja,1178408,16.666666666666668
RA Jadeja,1178414,17.333333333333332
RA Jadeja,1178425,15.333333333333334
RA Jadeja,1181768,13.666666666666666
RA Jadeja,1216492,13.333333333333334
RA Jadeja,1216496,5.333333333333333
RA Jadeja,1216501,10.666666666666666
RA Jadeja,1216509,18.333333333333332
RA Jadeja,1216516,34.666666666666664
RA Jadeja,1216521,30.0
RA Jadeja,1216525,21.333333333333332
RA Jadeja,1216528,13.0
RA Jadeja,1216533,22.333333333333332
RA Jadeja,1216536,30.333333333333332
RA Jadeja,1216539,26.0
RA Jadeja,1254059,23.0
RA Jadeja,1254069,15.333333333333334
RA Jadeja,1254072,13.333333333333334
RA Jadeja,1254076,25.333333333333332
RA Jadeja,1254080,25.0
RA Jadeja,1254084,30.333333333333332
RA Jadeja,1254089,20.333333333333332
RA Jadeja,1254094,23.0
RA Jadeja,1254098,23.0
RA Jadeja,1254104,21.0
RA Jadeja,1254110,16.333333333333332
RA Jadeja,1304047,17.666666666666668
RA Jadeja,1304053,14.666666666666666
RA Jadeja,1304057,14.333333333333334
RA Jadeja,1304063,13.333333333333334
RA Jadeja,1304068,7.666666666666667
RA Jadeja,1304075,15.0
RA Jadeja,1304079,8.333333333333334
RA Jadeja,1304084,15.333333333333334
RA Jadeja,1304092,8.333333333333334
RA Jadeja,1304095,8.333333333333334
RA Jadeja,1359475,1.6666666666666667
RA Jadeja,1359480,2.3333333333333335
RA Jadeja,1359491,9.666666666666666
RA Jadeja,1359498,12.666666666666666
RA Jadeja,1359507,17.666666666666668
RA Jadeja,1359511,17.0
RA Jadeja,1359515,17.666666666666668
RA Jadeja,1359529,18.666666666666668
RA Jadeja,1359535,17.666666666666668
RA Jadeja,1359541,20.333333333333332
RA Jadeja,1370350,20.666666666666668
RA Jadeja,1370353,19.0
RA Tripathi,1082599,10.0
RA Tripathi,1082603,21.5
RA Tripathi,1082607,24.666666666666668
RA Tripathi,1082615,41.0
RA Tripathi,1082618,45.0
RA Tripathi,1082620,47.333333333333336
RA Tripathi,1082624,40.0
RA Tripathi,1082629,27.0
RA Tripathi,1082631,45.333333333333336
RA Tripathi,1082634,33.333333333333336
RA Tripathi,1082642,33.666666666666664
RA Tripathi,1082645,12.0
RA Tripathi,1082647,11.666666666666666
RA Tripathi,1082650,10.333333333333334
RA Tripathi,1136564,6.666666666666667
RA Tripathi,1136566,11.666666666666666
RA Tripathi,1136571,15.333333333333334
RA Tripathi,1136575,14.666666666666666
RA Tripathi,1136577,11.333333333333334
RA Tripathi,1136581,9.666666666666666
RA Tripathi,1136588,6.0
RA Tripathi,1136592,7.333333333333333
RA Tripathi,1136598,8.0
RA Tripathi,1136609,15.666666666666666
RA Tripathi,1136613,39.333333333333336
RA Tripathi,1136618,42.333333333333336
RA Tripathi,1175359,33.666666666666664
RA Tripathi,1175367,20.0
RA Tripathi,1175369,24.666666666666668
RA Tripathi,1178396,26.333333333333332
RA Tripathi,1178400,16.666666666666668
RA Tripathi,1178402,5.666666666666667
RA Tripathi,1178407,20.333333333333332
RA Tripathi,1216494,17.333333333333332
RA Tripathi,1216497,21.333333333333332
RA Tripathi,1216501,31.666666666666668
RA Tripathi,1216512,39.0
RA Tripathi,1216515,46.666666666666664
RA Tripathi,1216520,22.0
RA Tripathi,1216523,15.666666666666666
RA Tripathi,1216526,6.0
RA Tripathi,1216530,16.666666666666668
RA Tripathi,1216536,16.333333333333332
RA Tripathi,1216540,19.333333333333332
RA Tripathi,1254060,24.0
RA Tripathi,1254062,24.666666666666668
RA Tripathi,1254067,27.666666666666668
RA Tripathi,1254072,12.666666666666666
RA Tripathi,1254075,23.0
RA Tripathi,1254078,28.333333333333332
RA Tripathi,1254082,32.0
RA Tripathi,1254092,23.0
RA Tripathi,1254096,34.0
RA Tripathi,1254098,42.666666666666664
RA Tripathi,1254102,51.0
RA Tripathi,1254106,33.333333333333336
RA Tripathi,1254109,20.666666666666668
RA Tripathi,1254115,11.333333333333334
RA Tripathi,1254116,8.333333333333334
RA Tripathi,1254117,6.666666666666667
RA Tripathi,1304051,4.666666666666667
RA Tripathi,1304058,15.333333333333334
RA Tripathi,1304063,27.666666666666668
RA Tripathi,1304067,33.333333333333336
RA Tripathi,1304071,42.333333333333336
RA Tripathi,1304074,40.666666666666664
RA Tripathi,1304082,37.333333333333336
RA Tripathi,1304086,19.0
RA Tripathi,1304092,7.666666666666667
RA Tripathi,1304096,12.666666666666666
RA Tripathi,1304100,26.666666666666668
RA Tripathi,1304107,29.666666666666668
RA Tripathi,1304111,47.666666666666664
RA Tripathi,1304116,35.0
RA Tripathi,1359478,32.0
RA Tripathi,1359484,18.0
RA Tripathi,1359488,36.0
RA Tripathi,1359493,39.0
RA Tripathi,1359499,30.0
RA Tripathi,1359503,12.333333333333334
RA Tripathi,1359508,14.333333333333334
RA Tripathi,1359514,15.333333333333334
RA Tripathi,1359521,15.0
RA Tripathi,1359526,25.666666666666668
RA Tripathi,1359532,29.0
RA Tripathi,1359536,22.666666666666668
RA Tripathi,1359539,12.0
RD Chahar,1082603,3.0
RD Chahar,1178394,6.5
RD Chahar,1178399,4.666666666666667
RD Chahar,1178422,4.0
RD Chahar,1181768,0.6666666666666666
RD Chahar,1216492,1.0
RD Chahar,1254062,3.3333333333333335
RD Chahar,1254070,5.333333333333333
RD Chahar,1254104,4.666666666666667
RD Chahar,1254108,2.0
RD Chahar,1304054,0.0
RD Chahar,1304057,4.0
RD Chahar,1304062,11.333333333333334
RD Chahar,1304074,11.333333333333334
RD Chahar,1304078,11.333333333333334
RD Chahar,1304088,5.333333333333333
RD Chahar,1304106,6.0
RD Chahar,1304110,10.333333333333334
RD Chahar,1359488,9.0
RD Chahar,1359512,8.333333333333334
RD Gaikwad,1216496,0.0
RD Gaikwad,1216506,31.0
RD Gaikwad,1216521,20.666666666666668
RD Gaikwad,1216536,44.666666666666664
RD Gaikwad,1216539,25.666666666666668
RD Gaikwad,1216544,47.333333333333336
RD Gaikwad,1254059,25.0
RD Gaikwad,1254065,25.0
RD Gaikwad,1254069,6.666666666666667
RD Gaikwad,1254072,26.333333333333332
RD Gaikwad,1254076,35.666666666666664
RD Gaikwad,1254080,57.333333333333336
RD Gaikwad,1254084,37.333333333333336
RD Gaikwad,1254089,60.0
RD Gaikwad,1254091,50.0
RD Gaikwad,1254094,52.666666666666664
RD Gaikwad,1254098,32.333333333333336
RD Gaikwad,1254104,46.666666666666664
RD Gaikwad,1254110,47.0
RD Gaikwad,1254113,46.333333333333336
RD Gaikwad,1254114,40.333333333333336
RD Gaikwad,1254117,46.666666666666664
RD Gaikwad,1304047,34.0
RD Gaikwad,1304053,11.0
RD Gaikwad,1304057,0.6666666666666666
RD Gaikwad,1304063,6.0
RD Gaikwad,1304068,11.333333333333334
RD Gaikwad,1304075,35.333333333333336
RD Gaikwad,1304079,30.0
RD Gaikwad,1304084,34.333333333333336
RD Gaikwad,1304092,43.0
RD Gaikwad,1304095,52.333333333333336
RD Gaikwad,1304101,56.0
RD Gaikwad,1304105,25.333333333333332
RD Gaikwad,1304108,33.666666666666664
RD Gaikwad,1304114,20.666666666666668
RD Gaikwad,1359475,49.0
RD Gaikwad,1359480,50.333333333333336
RD Gaikwad,1359486,63.0
RD Gaikwad,1359491,35.0
RD Gaikwad,1359498,17.0
RD Gaikwad,1359503,15.333333333333334
RD Gaikwad,1359507,24.333333333333332
RD Gaikwad,1359511,39.0
RD Gaikwad,1359515,39.666666666666664
RD Gaikwad,1359523,38.0
RD Gaikwad,1359529,30.333333333333332
RD Gaikwad,1359535,23.666666666666668
RD Gaikwad,1359541,40.0
RD Gaikwad,1370350,52.0
RD Gaikwad,1370353,55.0
RE Levi,548306,50.0
RE Levi,548308,25.0
RE Levi,548314,17.666666666666668
RE Levi,548317,10.666666666666666
RE Levi,548325,11.0
RE Levi,548346,10.0
RE van der Merwe,392199,9.0
RE van der Merwe,392204,22.0
RE van der Merwe,392213,19.666666666666668
RE van der Merwe,392218,17.666666666666668
RE van der Merwe,392224,7.0
RE van der Merwe,392236,9.666666666666666
RE van der Merwe,392238,9.333333333333334
RE van der Merwe,392239,19.0
RE van der Merwe,419109,11.666666666666666
RE van der Merwe,501201,13.666666666666666
RE van der Merwe,501204,3.6666666666666665
RE van der Merwe,501233,4.0
RE van der Merwe,501238,2.0
RE van der Merwe,598059,4.0
RE van der Merwe,598062,8.0
RG More,829723,2.0
RG Sharma,335986,0.0
RG Sharma,335988,33.0
RG Sharma,335990,34.0
RG Sharma,335999,59.333333333333336
RG Sharma,336002,43.0
RG Sharma,336007,38.666666666666664
RG Sharma,336011,15.0
RG Sharma,336014,20.333333333333332
RG Sharma,336020,24.333333333333332
RG Sharma,336024,24.666666666666668
RG Sharma,336031,30.333333333333332
RG Sharma,336034,37.666666666666664
RG Sharma,392184,47.666666666666664
RG Sharma,392188,48.333333333333336
RG Sharma,392192,30.333333333333332
RG Sharma,392196,24.333333333333332
RG Sharma,392201,12.666666666666666
RG Sharma,392205,24.333333333333332
RG Sharma,392209,25.333333333333332
RG Sharma,392212,32.333333333333336
RG Sharma,392216,22.666666666666668
RG Sharma,392220,18.666666666666668
RG Sharma,392223,8.0
RG Sharma,392228,15.666666666666666
RG Sharma,392229,26.666666666666668
RG Sharma,392236,28.666666666666668
RG Sharma,392237,19.666666666666668
RG Sharma,392239,13.666666666666666
RG Sharma,419106,14.0
RG Sharma,419110,18.666666666666668
RG Sharma,419117,11.0
RG Sharma,419120,21.666666666666668
RG Sharma,419126,31.666666666666668
RG Sharma,419130,46.333333333333336
RG Sharma,419135,32.0
RG Sharma,419138,19.333333333333332
RG Sharma,419141,28.666666666666668
RG Sharma,419145,30.0
RG Sharma,419147,29.0
RG Sharma,419151,21.666666666666668
RG Sharma,419156,42.333333333333336
RG Sharma,419160,43.333333333333336
RG Sharma,419163,27.0
RG Sharma,419164,4.333333333333333
RG Sharma,501201,9.666666666666666
RG Sharma,501218,15.666666666666666
RG Sharma,501221,44.666666666666664
RG Sharma,501224,54.333333333333336
RG Sharma,501231,52.0
RG Sharma,501237,29.0
RG Sharma,501241,14.333333333333334
RG Sharma,501246,26.333333333333332
RG Sharma,501251,22.0
RG Sharma,501256,19.333333333333332
RG Sharma,501263,22.333333333333332
RG Sharma,501267,24.0
RG Sharma,501270,27.0
RG Sharma,548306,7.666666666666667
RG Sharma,548308,4.666666666666667
RG Sharma,548314,24.666666666666668
RG Sharma,548317,31.666666666666668
RG Sharma,548325,41.0
RG Sharma,548334,17.333333333333332
RG Sharma,548339,27.0
RG Sharma,548342,21.333333333333332
RG Sharma,548346,34.666666666666664
RG Sharma,548351,19.0
RG Sharma,548355,35.0
RG Sharma,548360,21.0
RG Sharma,548363,56.333333333333336
RG Sharma,548367,38.0
RG Sharma,548370,42.0
RG Sharma,548379,10.333333333333334
RG Sharma,597999,12.333333333333334
RG Sharma,598002,11.0
RG Sharma,598006,31.0
RG Sharma,598011,48.0
RG Sharma,598019,46.0
RG Sharma,598024,45.666666666666664
RG Sharma,598029,36.333333333333336
RG Sharma,598033,39.0
RG Sharma,598037,41.0
RG Sharma,598039,37.0
RG Sharma,598046,46.666666666666664
RG Sharma,598050,25.666666666666668
RG Sharma,598055,30.666666666666668
RG Sharma,598060,24.333333333333332
RG Sharma,598063,23.666666666666668
RG Sharma,598066,19.666666666666668
RG Sharma,598070,15.666666666666666
RG Sharma,598072,11.666666666666666
RG Sharma,598073,4.0
RG Sharma,729279,10.333333333333334
RG Sharma,729287,10.333333333333334
RG Sharma,729303,26.333333333333332
RG Sharma,729309,18.666666666666668
RG Sharma,729317,18.333333333333332
RG Sharma,733973,14.666666666666666
RG Sharma,733983,33.0
RG Sharma,733995,39.0
RG Sharma,734001,30.666666666666668
RG Sharma,734009,28.0
RG Sharma,734017,35.0
RG Sharma,734025,36.333333333333336
RG Sharma,734031,29.333333333333332
RG Sharma,734041,21.333333333333332
RG Sharma,734045,22.0
RG Sharma,829705,44.666666666666664
RG Sharma,829717,39.333333333333336
RG Sharma,829721,32.666666666666664
RG Sharma,829729,16.666666666666668
RG Sharma,829737,30.666666666666668
RG Sharma,829747,40.666666666666664
RG Sharma,829751,32.0
RG Sharma,829769,27.0
RG Sharma,829775,25.666666666666668
RG Sharma,829783,33.0
RG Sharma,829789,30.0
RG Sharma,829795,26.333333333333332
RG Sharma,829805,21.0
RG Sharma,829815,17.333333333333332
RG Sharma,829817,18.666666666666668
RG Sharma,829823,25.333333333333332
RG Sharma,980901,25.333333333333332
RG Sharma,980909,47.0
RG Sharma,980917,32.666666666666664
RG Sharma,980923,32.0
RG Sharma,980927,24.666666666666668
RG Sharma,980933,44.0
RG Sharma,980941,42.333333333333336
RG Sharma,980947,44.333333333333336
RG Sharma,980957,51.0
RG Sharma,980973,52.666666666666664
RG Sharma,980981,38.333333333333336
RG Sharma,980985,15.0
RG Sharma,980993,23.666666666666668
RG Sharma,981007,25.333333333333332
RG Sharma,1082592,21.333333333333332
RG Sharma,1082597,11.666666666666666
RG Sharma,1082600,3.0
RG Sharma,1082602,2.0
RG Sharma,1082606,14.666666666666666
RG Sharma,1082614,15.0
RG Sharma,1082618,34.333333333333336
RG Sharma,1082625,22.666666666666668
RG Sharma,1082628,39.666666666666664
RG Sharma,1082635,23.666666666666668
RG Sharma,1082638,44.333333333333336
RG Sharma,1082641,27.333333333333332
RG Sharma,1082644,33.0
RG Sharma,1082647,11.0
RG Sharma,1082649,18.0
RG Sharma,1082650,17.0
RG Sharma,1136561,21.666666666666668
RG Sharma,1136567,16.666666666666668
RG Sharma,1136569,14.666666666666666
RG Sharma,1136574,41.0
RG Sharma,1136581,37.333333333333336
RG Sharma,1136583,32.0
RG Sharma,1136587,19.333333333333332
RG Sharma,1136591,19.333333333333332
RG Sharma,1136594,26.666666666666668
RG Sharma,1136597,11.666666666666666
RG Sharma,1136601,23.666666666666668
RG Sharma,1136607,15.666666666666666
RG Sharma,1136610,14.0
RG Sharma,1136615,6.333333333333333
RG Sharma,1175358,11.0
RG Sharma,1175362,25.0
RG Sharma,1175364,31.333333333333332
RG Sharma,1175370,31.0
RG Sharma,1178394,18.666666666666668
RG Sharma,1178402,23.666666666666668
RG Sharma,1178406,28.666666666666668
RG Sharma,1178409,35.0
RG Sharma,1178411,21.0
RG Sharma,1178419,34.0
RG Sharma,1178422,28.0
RG Sharma,1178426,34.333333333333336
RG Sharma,1178431,30.333333333333332
RG Sharma,1181764,27.666666666666668
RG Sharma,1181768,24.666666666666668
RG Sharma,1216492,10.333333333333334
RG Sharma,1216495,10.333333333333334
RG Sharma,1216503,28.666666666666668
RG Sharma,1216508,51.333333333333336
RG Sharma,1216511,61.666666666666664
RG Sharma,1216517,42.0
RG Sharma,1216526,27.0
RG Sharma,1216529,17.0
RG Sharma,1216538,15.333333333333334
RG Sharma,1216547,6.333333333333333
RG Sharma,1237177,4.666666666666667
RG Sharma,1237181,25.333333333333332
RG Sharma,1254058,29.0
RG Sharma,1254062,43.333333333333336
RG Sharma,1254066,31.333333333333332
RG Sharma,1254070,39.666666666666664
RG Sharma,1254074,46.333333333333336
RG Sharma,1254081,40.333333333333336
RG Sharma,1254084,37.333333333333336
RG Sharma,1254088,22.333333333333332
RG Sharma,1254093,25.0
RG Sharma,1254096,24.333333333333332
RG Sharma,1254099,21.0
RG Sharma,1254108,28.0
RG Sharma,1254112,19.333333333333332
RG Sharma,1304048,30.333333333333332
RG Sharma,1304055,19.333333333333332
RG Sharma,1304060,18.0
RG Sharma,1304064,13.0
RG Sharma,1304069,19.0
RG Sharma,1304072,20.0
RG Sharma,1304079,11.333333333333334
RG Sharma,1304083,15.0
RG Sharma,1304090,13.666666666666666
RG Sharma,1304097,28.0
RG Sharma,1304102,15.666666666666666
RG Sharma,1304105,21.0
RG Sharma,1304111,22.666666666666668
RG Sharma,1304115,22.666666666666668
RG Sharma,1359479,17.0
RG Sharma,1359486,8.0
RG Sharma,1359490,29.0
RG Sharma,1359496,35.333333333333336
RG Sharma,1359499,37.666666666666664
RG Sharma,1359505,30.666666666666668
RG Sharma,1359509,24.666666666666668
RG Sharma,1359516,16.333333333333332
RG Sharma,1359520,1.6666666666666667
RG Sharma,1359523,1.0
RG Sharma,1359528,2.3333333333333335
RG Sharma,1359531,12.0
RG Sharma,1359537,24.333333333333332
RG Sharma,1359543,40.666666666666664
RG Sharma,1370351,34.666666666666664
RG Sharma,1370352,25.0
RJ Harris,392209,1.0
RJ Harris,392212,3.0
RJ Harris,392229,2.6666666666666665
RJ Harris,392236,3.6666666666666665
RJ Harris,392239,5.0
RJ Harris,419138,8.666666666666666
RJ Harris,419141,7.666666666666667
RJ Harris,419151,9.0
RJ Harris,419163,9.666666666666666
RJ Harris,419164,10.333333333333334
RJ Harris,501223,6.333333333333333
RJ Harris,501237,1.6666666666666667
RJ Harris,501244,6.333333333333333
RJ Harris,501248,7.333333333333333
RJ Harris,501251,9.0
RJ Harris,501257,4.0
RJ Harris,501264,2.6666666666666665
RJ Harris,548354,1.6666666666666667
RJ Harris,548374,6.0
RJ Harris,598007,6.0
RJ Harris,598014,5.666666666666667
RJ Peterson,548339,16.0
RJ Peterson,548342,9.0
RJ Peterson,548346,6.333333333333333
RJ Peterson,548351,5.333333333333333
RJ Peterson,548355,4.666666666666667
RJ Quiney,392190,6.0
RJ Quiney,392195,6.5
RJ Quiney,392198,5.666666666666667
RJ Quiney,392202,13.0
RJ Quiney,392225,27.666666666666668
RJ Quiney,392230,28.333333333333332
RJ Quiney,392233,19.333333333333332
RK Bhui,1136580,0.0
RK Bhui,1178405,3.5
RK Singh,1136563,6.0
RK Singh,1136565,4.0
RK Singh,1136593,8.0
RK Singh,1136601,7.666666666666667
RK Singh,1178413,17.0
RK Singh,1178418,12.666666666666666
RK Singh,1178431,12.333333333333334
RK Singh,1216536,6.0
RK Singh,1304081,16.666666666666668
RK Singh,1304087,23.0
RK Singh,1304093,33.333333333333336
RK Singh,1304099,23.666666666666668
RK Singh,1304102,23.666666666666668
RK Singh,1304107,11.333333333333334
RK Singh,1304112,22.666666666666668
RK Singh,1359476,16.333333333333332
RK Singh,1359483,30.0
RK Singh,1359487,32.666666666666664
RK Singh,1359493,50.666666666666664
RK Singh,1359496,41.333333333333336
RK Singh,1359502,27.333333333333332
RK Singh,1359507,25.666666666666668
RK Singh,1359510,25.666666666666668
RK Singh,1359513,30.0
RK Singh,1359521,27.666666666666668
RK Singh,1359527,28.666666666666668
RK Singh,1359530,27.666666666666668
RK Singh,1359535,30.333333333333332
RK Singh,1359542,45.666666666666664
RM Patidar,1254058,8.0
RM Patidar,1254067,4.5
RM Patidar,1254079,13.333333333333334
RM Patidar,1254083,21.0
RM Patidar,1304085,26.0
RM Patidar,1304089,33.0
RM Patidar,1304095,29.666666666666668
RM Patidar,1304100,40.333333333333336
RM Patidar,1304106,31.666666666666668
RM Patidar,1312198,62.0
RM Patidar,1312199,65.33333333333333
RN ten Doeschate,501230,19.0
RN ten Doeschate,501267,18.5
RN ten Doeschate,501269,35.666666666666664
RN ten Doeschate,548315,30.333333333333332
RN ten Doeschate,548320,26.666666666666668
RN ten Doeschate,548323,7.0
RN ten Doeschate,598053,16.333333333333332
RN ten Doeschate,598057,17.666666666666668
RN ten Doeschate,598061,28.0
RN ten Doeschate,598069,18.0
RN ten Doeschate,733979,14.333333333333334
RN ten Doeschate,734015,8.666666666666666
RN ten Doeschate,734027,10.333333333333334
RN ten Doeschate,734037,10.333333333333334
RN ten Doeschate,734043,7.666666666666667
RN ten Doeschate,734049,7.0
RN ten Doeschate,829733,7.0
RN ten Doeschate,829739,2.3333333333333335
RN ten Doeschate,829765,13.666666666666666
RN ten Doeschate,829771,17.666666666666668
RN ten Doeschate,829781,19.333333333333332
RP Meredith,1304102,0.0
RP Meredith,1359509,0.0
RP Singh,335986,1.0
RP Singh,335988,1.0
RP Singh,335999,1.3333333333333333
RP Singh,336002,1.3333333333333333
RP Singh,336011,1.6666666666666667
RP Singh,336014,3.0
RP Singh,336020,3.0
RP Singh,336024,3.3333333333333335
RP Singh,336037,4.666666666666667
RP Singh,392192,5.666666666666667
RP Singh,392201,5.333333333333333
RP Singh,392209,2.6666666666666665
RP Singh,392223,1.3333333333333333
RP Singh,392229,0.6666666666666666
RP Singh,419117,1.3333333333333333
RP Singh,419126,1.6666666666666667
RP Singh,419130,2.0
RP Singh,419141,1.6666666666666667
RP Singh,419163,1.3333333333333333
RP Singh,501207,1.0
RP Singh,501225,0.3333333333333333
RP Singh,501229,0.3333333333333333
RP Singh,501233,0.6666666666666666
RP Singh,548325,0.3333333333333333
RP Singh,548342,0.6666666666666666
RP Singh,548355,0.6666666666666666
RP Singh,548370,1.6666666666666667
RP Singh,548379,1.6666666666666667
RR Bhatkal,548318,0.0
RR Pant,980945,20.0
RR Pant,980951,12.0
RR Pant,980961,31.0
RR Pant,980965,25.0
RR Pant,980971,25.0
RR Pant,980983,15.0
RR Pant,980993,22.0
RR Pant,980997,22.0
RR Pant,981003,19.666666666666668
RR Pant,981011,12.333333333333334
RR Pant,1082595,30.0
RR Pant,1082599,29.666666666666668
RR Pant,1082605,34.333333333333336
RR Pant,1082608,28.0
RR Pant,1082611,17.666666666666668
RR Pant,1082614,12.666666666666666
RR Pant,1082622,2.0
RR Pant,1082626,3.0
RR Pant,1082630,14.333333333333334
RR Pant,1082632,44.666666666666664
RR Pant,1082635,43.666666666666664
RR Pant,1082640,33.666666666666664
RR Pant,1082642,13.333333333333334
RR Pant,1082646,28.333333333333332
RR Pant,1136562,36.333333333333336
RR Pant,1136566,31.0
RR Pant,1136569,31.666666666666668
RR Pant,1136573,36.666666666666664
RR Pant,1136579,58.333333333333336
RR Pant,1136582,44.0
RR Pant,1136586,29.666666666666668
RR Pant,1136590,27.666666666666668
RR Pant,1136592,49.333333333333336
RR Pant,1136596,55.333333333333336
RR Pant,1136602,71.66666666666667
RR Pant,1136605,69.0
RR Pant,1136612,75.66666666666667
RR Pant,1136615,54.333333333333336
RR Pant,1175358,60.0
RR Pant,1175360,55.666666666666664
RR Pant,1175365,40.0
RR Pant,1175368,27.0
RR Pant,1175371,20.333333333333332
RR Pant,1178395,20.666666666666668
RR Pant,1178401,23.0
RR Pant,1178405,29.0
RR Pant,1178409,25.333333333333332
RR Pant,1178412,12.0
RR Pant,1178415,30.333333333333332
RR Pant,1178421,30.333333333333332
RR Pant,1178425,30.0
RR Pant,1178428,21.666666666666668
RR Pant,1181766,35.666666666666664
RR Pant,1181767,46.666666666666664
RR Pant,1216493,40.0
RR Pant,1216497,32.666666666666664
RR Pant,1216500,21.666666666666668
RR Pant,1216505,13.333333333333334
RR Pant,1216515,17.0
RR Pant,1216519,27.666666666666668
RR Pant,1216524,37.0
RR Pant,1216532,33.666666666666664
RR Pant,1216535,28.333333333333332
RR Pant,1216539,28.666666666666668
RR Pant,1216546,24.0
RR Pant,1237177,18.0
RR Pant,1237180,6.333333333333333
RR Pant,1237181,20.333333333333332
RR Pant,1254059,24.333333333333332
RR Pant,1254064,40.666666666666664
RR Pant,1254068,27.0
RR Pant,1254070,24.333333333333332
RR Pant,1254077,21.333333333333332
RR Pant,1254079,35.666666666666664
RR Pant,1254082,38.666666666666664
RR Pant,1254086,29.333333333333332
RR Pant,1254092,23.0
RR Pant,1254097,25.666666666666668
RR Pant,1254101,24.333333333333332
RR Pant,1254105,23.0
RR Pant,1254110,20.0
RR Pant,1254112,25.333333333333332
RR Pant,1254114,30.666666666666668
RR Pant,1254116,27.666666666666668
RR Pant,1304048,19.333333333333332
RR Pant,1304056,16.666666666666668
RR Pant,1304061,27.666666666666668
RR Pant,1304065,36.333333333333336
RR Pant,1304073,33.333333333333336
RR Pant,1304080,35.0
RR Pant,1304087,26.666666666666668
RR Pant,1304091,30.0
RR Pant,1304096,24.0
RR Pant,1304101,30.333333333333332
RR Pant,1304104,20.0
RR Pant,1304110,13.666666666666666
RR Pant,1304115,19.666666666666668
RR Powar,336039,28.0
RR Powar,392200,19.0
RR Powar,392210,14.666666666666666
RR Powar,392234,7.666666666666667
RR Powar,419108,5.333333333333333
RR Powar,419121,4.0
RR Powar,501219,2.6666666666666665
RR Powar,501233,1.6666666666666667
RR Powar,501247,3.6666666666666665
RR Raje,336004,6.0
RR Raje,336024,3.5
RR Raje,336036,2.6666666666666665
RR Raje,392212,4.333333333333333
RR Raje,392215,4.333333333333333
RR Rossouw,733977,14.0
RR Rossouw,733983,19.0
RR Rossouw,734035,13.0
RR Rossouw,829737,8.333333333333334
RR Rossouw,829745,5.0
RR Rossouw,1359477,14.666666666666666
RR Rossouw,1359481,14.666666666666666
RR Rossouw,1359485,14.666666666666666
RR Rossouw,1359518,7.333333333333333
RR Rossouw,1359524,19.0
RR Rossouw,1359529,26.0
RR Rossouw,1359533,25.0
RR Rossouw,1359538,40.666666666666664
RR Rossouw,1359541,29.0
RR Sarwan,335991,7.0
RR Sarwan,335999,11.0
RR Sarwan,336006,17.666666666666668
RR Sarwan,336013,22.0
RS Bopara,392183,22.0
RS Bopara,392186,18.5
RS Bopara,392191,40.333333333333336
RS Bopara,392195,36.666666666666664
RS Bopara,392200,33.666666666666664
RS Bopara,419108,24.333333333333332
RS Bopara,419112,46.333333333333336
RS Bopara,419117,57.0
RS Bopara,419121,38.666666666666664
RS Bopara,419124,21.333333333333332
RS Bopara,419127,8.666666666666666
RS Bopara,419132,8.666666666666666
RS Bopara,419136,14.333333333333334
RS Bopara,419143,17.0
RS Bopara,829711,24.0
RS Bopara,829727,17.666666666666668
RS Bopara,829731,28.666666666666668
RS Bopara,829743,22.0
RS Bopara,829751,22.0
RS Bopara,829759,8.333333333333334
RS Bopara,829787,13.333333333333334
RS Bopara,829793,11.333333333333334
RS Gavaskar,419113,2.0
RS Sodhi,419146,4.0
RT Ponting,335982,20.0
RT Ponting,335986,10.0
RT Ponting,335993,6.666666666666667
RT Ponting,335997,6.333333333333333
RT Ponting,597999,15.666666666666666
RT Ponting,598002,17.666666666666668
RT Ponting,598006,11.333333333333334
RT Ponting,598011,6.666666666666667
RT Ponting,598019,6.0
RV Gomez,501200,0.0
RV Gomez,501207,13.0
RV Gomez,501219,12.0
RV Gomez,501225,12.0
RV Gomez,501229,3.3333333333333335
RV Gomez,501242,0.3333333333333333
RV Gomez,501247,2.6666666666666665
RV Gomez,501254,3.3333333333333335
RV Gomez,598067,4.333333333333333
RV Patel,1254101,7.0
RV Patel,1254110,12.5
RV Patel,1304101,10.333333333333334
RV Patel,1359508,9.666666666666666
RV Patel,1359514,7.333333333333333
RV Patel,1359518,13.0
RV Patel,1359529,14.666666666666666
RV Uthappa,335985,48.0
RV Uthappa,335989,45.5
RV Uthappa,335991,37.333333333333336
RV Uthappa,335994,23.333333333333332
RV Uthappa,335997,21.333333333333332
RV Uthappa,336004,21.666666666666668
RV Uthappa,336008,31.0
RV Uthappa,336012,25.0
RV Uthappa,336018,23.0
RV Uthappa,336021,14.666666666666666
RV Uthappa,336024,10.666666666666666
RV Uthappa,336028,8.333333333333334
RV Uthappa,336032,20.666666666666668
RV Uthappa,336036,19.333333333333332
RV Uthappa,392182,17.333333333333332
RV Uthappa,392185,8.666666666666666
RV Uthappa,392188,11.666666666666666
RV Uthappa,392191,10.666666666666666
RV Uthappa,392194,5.0
RV Uthappa,392204,7.333333333333333
RV Uthappa,392208,29.333333333333332
RV Uthappa,392213,34.0
RV Uthappa,392218,29.0
RV Uthappa,392221,9.333333333333334
RV Uthappa,392224,5.666666666666667
RV Uthappa,392232,4.666666666666667
RV Uthappa,392239,8.0
RV Uthappa,419109,12.666666666666666
RV Uthappa,419112,29.333333333333332
RV Uthappa,419119,31.333333333333332
RV Uthappa,419123,47.333333333333336
RV Uthappa,419128,35.333333333333336
RV Uthappa,419133,34.666666666666664
RV Uthappa,419136,19.333333333333332
RV Uthappa,419140,18.333333333333332
RV Uthappa,419145,12.0
RV Uthappa,419148,21.333333333333332
RV Uthappa,419151,28.666666666666668
RV Uthappa,419154,36.666666666666664
RV Uthappa,419157,21.333333333333332
RV Uthappa,419162,18.666666666666668
RV Uthappa,501202,17.333333333333332
RV Uthappa,501207,26.333333333333332
RV Uthappa,501213,19.0
RV Uthappa,501218,26.666666666666668
RV Uthappa,501226,16.333333333333332
RV Uthappa,501228,25.333333333333332
RV Uthappa,501232,18.0
RV Uthappa,501235,29.666666666666668
RV Uthappa,501241,30.666666666666668
RV Uthappa,501248,30.333333333333332
RV Uthappa,501250,19.0
RV Uthappa,501259,9.0
RV Uthappa,501262,5.666666666666667
RV Uthappa,548308,17.333333333333332
RV Uthappa,548313,29.333333333333332
RV Uthappa,548319,31.0
RV Uthappa,548322,22.333333333333332
RV Uthappa,548327,32.0
RV Uthappa,548330,29.0
RV Uthappa,548333,29.0
RV Uthappa,548337,26.0
RV Uthappa,548341,33.0
RV Uthappa,548348,38.333333333333336
RV Uthappa,548351,24.333333333333332
RV Uthappa,548353,20.333333333333332
RV Uthappa,548358,16.0
RV Uthappa,548362,22.666666666666668
RV Uthappa,548365,19.0
RV Uthappa,548375,17.333333333333332
RV Uthappa,598000,12.666666666666666
RV Uthappa,598003,17.0
RV Uthappa,598009,25.0
RV Uthappa,598011,19.333333333333332
RV Uthappa,598015,21.666666666666668
RV Uthappa,598018,18.333333333333332
RV Uthappa,598025,28.333333333333332
RV Uthappa,598027,19.666666666666668
RV Uthappa,598035,24.666666666666668
RV Uthappa,598038,15.666666666666666
RV Uthappa,598042,40.666666666666664
RV Uthappa,598047,46.333333333333336
RV Uthappa,598053,53.333333333333336
RV Uthappa,598055,32.0
RV Uthappa,598061,22.333333333333332
RV Uthappa,598067,20.0
RV Uthappa,729279,16.666666666666668
RV Uthappa,729289,26.666666666666668
RV Uthappa,729299,26.0
RV Uthappa,729307,32.0
RV Uthappa,729315,13.666666666666666
RV Uthappa,733971,22.0
RV Uthappa,733979,37.333333333333336
RV Uthappa,733985,53.0
RV Uthappa,733997,52.666666666666664
RV Uthappa,734009,57.666666666666664
RV Uthappa,734015,55.333333333333336
RV Uthappa,734023,62.333333333333336
RV Uthappa,734027,63.333333333333336
RV Uthappa,734037,63.666666666666664
RV Uthappa,734043,55.333333333333336
RV Uthappa,734049,29.333333333333332
RV Uthappa,829705,18.666666666666668
RV Uthappa,829713,16.333333333333332
RV Uthappa,829723,41.333333333333336
RV Uthappa,829733,42.666666666666664
RV Uthappa,829739,35.333333333333336
RV Uthappa,829743,20.0
RV Uthappa,829761,26.333333333333332
RV Uthappa,829765,35.0
RV Uthappa,829771,31.333333333333332
RV Uthappa,829781,30.666666666666668
RV Uthappa,829791,23.333333333333332
RV Uthappa,829805,24.0
RV Uthappa,829811,18.666666666666668
RV Uthappa,980903,24.666666666666668
RV Uthappa,980909,19.0
RV Uthappa,980915,27.0
RV Uthappa,980925,33.0
RV Uthappa,980939,30.333333333333332
RV Uthappa,980947,29.666666666666668
RV Uthappa,980951,36.0
RV Uthappa,980959,36.333333333333336
RV Uthappa,980963,47.666666666666664
RV Uthappa,980975,28.333333333333332
RV Uthappa,980989,29.333333333333332
RV Uthappa,980995,6.666666666666667
RV Uthappa,981001,10.333333333333334
RV Uthappa,981009,17.333333333333332
RV Uthappa,981015,20.333333333333332
RV Uthappa,1082597,13.333333333333334
RV Uthappa,1082601,13.666666666666666
RV Uthappa,1082604,32.666666666666664
RV Uthappa,1082608,32.666666666666664
RV Uthappa,1082613,48.0
RV Uthappa,1082617,29.0
RV Uthappa,1082620,56.666666666666664
RV Uthappa,1082622,52.333333333333336
RV Uthappa,1082627,66.33333333333333
RV Uthappa,1082639,37.333333333333336
RV Uthappa,1082644,18.333333333333332
RV Uthappa,1082648,1.0
RV Uthappa,1082649,1.3333333333333333
RV Uthappa,1136563,5.0
RV Uthappa,1136565,14.333333333333334
RV Uthappa,1136570,15.0
RV Uthappa,1136573,22.333333333333332
RV Uthappa,1136575,28.666666666666668
RV Uthappa,1136578,39.0
RV Uthappa,1136586,27.666666666666668
RV Uthappa,1136589,23.666666666666668
RV Uthappa,1136593,14.333333333333334
RV Uthappa,1136597,32.0
RV Uthappa,1136601,24.666666666666668
RV Uthappa,1136604,30.666666666666668
RV Uthappa,1136609,14.0
RV Uthappa,1136614,24.333333333333332
RV Uthappa,1136618,17.333333333333332
RV Uthappa,1136619,16.666666666666668
RV Uthappa,1175357,13.333333333333334
RV Uthappa,1175361,34.666666666666664
RV Uthappa,1175365,38.333333333333336
RV Uthappa,1175372,37.666666666666664
RV Uthappa,1178396,24.0
RV Uthappa,1178398,23.333333333333332
RV Uthappa,1178401,21.666666666666668
RV Uthappa,1178404,13.0
RV Uthappa,1178410,12.333333333333334
RV Uthappa,1178427,10.333333333333334
RV Uthappa,1178431,23.666666666666668
RV Uthappa,1216496,22.333333333333332
RV Uthappa,1216504,15.666666666666666
RV Uthappa,1216507,8.333333333333334
RV Uthappa,1216514,12.333333333333334
RV Uthappa,1216518,18.0
RV Uthappa,1216522,25.666666666666668
RV Uthappa,1216527,23.0
RV Uthappa,1216530,18.666666666666668
RV Uthappa,1216533,6.333333333333333
RV Uthappa,1216537,13.333333333333334
RV Uthappa,1216541,15.666666666666666
RV Uthappa,1216543,25.0
RV Uthappa,1254094,15.666666666666666
RV Uthappa,1254110,17.666666666666668
RV Uthappa,1254114,28.0
RV Uthappa,1254117,37.666666666666664
RV Uthappa,1304047,40.666666666666664
RV Uthappa,1304053,36.333333333333336
RV Uthappa,1304057,30.333333333333332
RV Uthappa,1304063,26.0
RV Uthappa,1304068,38.666666666666664
RV Uthappa,1304075,35.333333333333336
RV Uthappa,1304079,40.333333333333336
RV Uthappa,1304084,11.333333333333334
RV Uthappa,1304095,10.666666666666666
RV Uthappa,1304101,0.6666666666666666
RV Uthappa,1304105,0.6666666666666666
Rahmanullah Gurbaz,1359476,22.0
Rahmanullah Gurbaz,1359483,39.5
Rahmanullah Gurbaz,1359487,31.333333333333332
Rahmanullah Gurbaz,1359493,24.0
Rahmanullah Gurbaz,1359496,7.666666666666667
Rahmanullah Gurbaz,1359513,29.666666666666668
Rahmanullah Gurbaz,1359521,29.666666666666668
Rahmanullah Gurbaz,1359527,32.0
Rahmanullah Gurbaz,1359530,11.0
Rahmanullah Gurbaz,1359535,11.333333333333334
Rahmanullah Gurbaz,1359542,9.666666666666666
Ramandeep Singh,1304064,6.0
Ramandeep Singh,1304102,9.0
Ramandeep Singh,1304111,10.666666666666666
Ramandeep Singh,1304115,13.0
Rashid Khan,1082600,2.0
Rashid Khan,1082609,4.0
Rashid Khan,1082634,3.6666666666666665
Rashid Khan,1136567,3.0
Rashid Khan,1136580,6.666666666666667
Rashid Khan,1136583,7.666666666666667
Rashid Khan,1136588,8.0
Rashid Khan,1136599,2.6666666666666665
Rashid Khan,1136614,0.6666666666666666
Rashid Khan,1136619,11.666666666666666
Rashid Khan,1175363,16.333333333333332
Rashid Khan,1178394,16.333333333333332
Rashid Khan,1178405,5.0
Rashid Khan,1178420,5.666666666666667
Rashid Khan,1178423,6.0
Rashid Khan,1178429,6.333333333333333
Rashid Khan,1181766,0.6666666666666666
Rashid Khan,1216498,0.3333333333333333
Rashid Khan,1216512,0.3333333333333333
Rashid Khan,1216528,5.0
Rashid Khan,1216534,7.0
Rashid Khan,1216538,7.666666666666667
Rashid Khan,1237180,6.666666666666667
Rashid Khan,1254063,10.333333333333334
Rashid Khan,1254066,9.333333333333334
Rashid Khan,1254077,5.666666666666667
Rashid Khan,1254085,0.0
Rashid Khan,1254088,3.0
Rashid Khan,1254091,8.666666666666666
Rashid Khan,1254095,11.0
Rashid Khan,1254105,15.333333333333334
Rashid Khan,1254107,10.666666666666666
Rashid Khan,1254109,11.0
Rashid Khan,1304056,3.6666666666666665
Rashid Khan,1304067,2.6666666666666665
Rashid Khan,1304075,13.333333333333334
Rashid Khan,1304081,13.333333333333334
Rashid Khan,1304086,23.666666666666668
Rashid Khan,1304094,10.333333333333334
Rashid Khan,1304097,10.666666666666666
Rashid Khan,1304113,6.666666666666667
Rashid Khan,1359475,10.0
Rashid Khan,1359497,10.0
Rashid Khan,1359509,4.333333333333333
Rashid Khan,1359518,2.0
Rashid Khan,1359531,28.0
Rashid Khan,1359536,27.333333333333332
Rashid Khan,1370350,36.333333333333336
Rashid Khan,1370352,11.666666666666666
Rashid Khan,1370353,11.666666666666666
Rasikh Salam,1175358,5.0
Rasikh Salam,1304065,6.0
Ravi Bishnoi,1216503,1.0
Ravi Bishnoi,1216542,3.5
Ravi Bishnoi,1254078,2.6666666666666665
Ravi Bishnoi,1304077,2.3333333333333335
Ravi Bishnoi,1359489,1.3333333333333333
Ravi Bishnoi,1359495,2.0
Ravi Bishnoi,1359504,2.0
Ravi Bishnoi,1359517,2.6666666666666665
Ravi Bishnoi,1359525,3.0
Ravi Bishnoi,1359542,3.6666666666666665
Ravi Bishnoi,1370351,3.0
S Anirudha,336007,1.0
S Anirudha,419163,12.5
S Anirudha,419165,10.333333333333334
S Anirudha,501198,31.333333333333332
S Anirudha,501206,23.333333333333332
S Anirudha,501221,24.333333333333332
S Anirudha,501226,5.333333333333333
S Anirudha,501236,6.333333333333333
S Anirudha,548361,9.333333333333334
S Anirudha,548371,7.333333333333333
S Anirudha,598015,6.333333333333333
S Anirudha,734037,1.3333333333333333
S Aravind,501208,2.0
S Aravind,501260,6.5
S Aravind,548324,9.0
S Aravind,829821,8.333333333333334
S Aravind,1082591,4.666666666666667
S Aravind,1082607,2.0
S Aravind,1082617,3.6666666666666665
S Aravind,1082621,6.666666666666667
S Aravind,1082624,7.333333333333333
S Aravind,1082633,7.0
S Badree,1082607,0.0
S Badree,1082617,0.0
S Badree,1082621,1.0
S Badree,1082624,1.6666666666666667
S Badree,1082633,4.333333333333333
S Badrinath,335983,31.0
S Badrinath,335989,16.5
S Badrinath,336001,14.666666666666666
S Badrinath,336005,9.333333333333334
S Badrinath,336007,8.666666666666666
S Badrinath,336009,7.666666666666667
S Badrinath,336013,24.0
S Badrinath,336018,41.666666666666664
S Badrinath,336029,39.333333333333336
S Badrinath,336033,18.333333333333332
S Badrinath,336040,2.6666666666666665
S Badrinath,392181,2.3333333333333335
S Badrinath,392189,4.333333333333333
S Badrinath,392196,5.0
S Badrinath,392202,14.666666666666666
S Badrinath,392206,27.333333333333332
S Badrinath,392214,24.666666666666668
S Badrinath,392217,34.666666666666664
S Badrinath,392224,20.333333333333332
S Badrinath,392227,27.666666666666668
S Badrinath,392234,9.333333333333334
S Badrinath,392238,9.0
S Badrinath,419110,3.3333333333333335
S Badrinath,419113,16.333333333333332
S Badrinath,419116,20.666666666666668
S Badrinath,419121,19.666666666666668
S Badrinath,419123,15.666666666666666
S Badrinath,419125,29.333333333333332
S Badrinath,419129,37.0
S Badrinath,419133,29.0
S Badrinath,419137,12.0
S Badrinath,419142,13.666666666666666
S Badrinath,419147,13.333333333333334
S Badrinath,419155,22.0
S Badrinath,419159,29.666666666666668
S Badrinath,419163,40.0
S Badrinath,419165,34.666666666666664
S Badrinath,501206,39.0
S Badrinath,501211,28.333333333333332
S Badrinath,501215,30.0
S Badrinath,501221,31.666666666666668
S Badrinath,501226,33.666666666666664
S Badrinath,501228,48.333333333333336
S Badrinath,501236,26.333333333333332
S Badrinath,501245,40.666666666666664
S Badrinath,501253,38.0
S Badrinath,501261,40.666666666666664
S Badrinath,501266,22.666666666666668
S Badrinath,501268,15.666666666666666
S Badrinath,548306,14.666666666666666
S Badrinath,548311,23.0
S Badrinath,548316,16.666666666666668
S Badrinath,548330,32.333333333333336
S Badrinath,548332,29.0
S Badrinath,548343,32.333333333333336
S Badrinath,548352,13.666666666666666
S Badrinath,548355,9.0
S Badrinath,548379,16.333333333333332
S Badrinath,598002,21.333333333333332
S Badrinath,598012,32.333333333333336
S Badrinath,598015,28.0
S Badrinath,598022,24.666666666666668
S Badrinath,598038,24.666666666666668
S Badrinath,598046,13.333333333333334
S Badrinath,598073,11.333333333333334
S Chanderpaul,335985,16.0
S Chanderpaul,335992,9.0
S Chanderpaul,336010,8.333333333333334
S Dhawan,335984,52.0
S Dhawan,335988,38.5
S Dhawan,335995,25.666666666666668
S Dhawan,335998,25.0
S Dhawan,336001,23.0
S Dhawan,336004,23.333333333333332
S Dhawan,336009,26.333333333333332
S Dhawan,336015,21.0
S Dhawan,336017,23.0
S Dhawan,336020,26.0
S Dhawan,336022,27.666666666666668
S Dhawan,336026,30.666666666666668
S Dhawan,336032,17.0
S Dhawan,336038,16.0
S Dhawan,392181,18.0
S Dhawan,392192,10.0
S Dhawan,392197,12.333333333333334
S Dhawan,392200,6.0
S Dhawan,419122,12.666666666666666
S Dhawan,419125,27.333333333333332
S Dhawan,419130,29.0
S Dhawan,419132,38.0
S Dhawan,419138,24.0
S Dhawan,419142,26.666666666666668
S Dhawan,419146,10.666666666666666
S Dhawan,419161,9.333333333333334
S Dhawan,419162,8.0
S Dhawan,419165,7.333333333333333
S Dhawan,501199,12.0
S Dhawan,501203,10.333333333333334
S Dhawan,501208,14.0
S Dhawan,501212,21.0
S Dhawan,501216,21.333333333333332
S Dhawan,501224,26.0
S Dhawan,501229,12.333333333333334
S Dhawan,501236,16.0
S Dhawan,501239,25.666666666666668
S Dhawan,501243,34.0
S Dhawan,501250,35.666666666666664
S Dhawan,501256,26.666666666666668
S Dhawan,501259,26.333333333333332
S Dhawan,501264,50.0
S Dhawan,548311,48.0
S Dhawan,548314,52.333333333333336
S Dhawan,548321,35.333333333333336
S Dhawan,548326,45.666666666666664
S Dhawan,548329,60.0
S Dhawan,548335,62.0
S Dhawan,548341,50.0
S Dhawan,548346,31.666666666666668
S Dhawan,548348,19.333333333333332
S Dhawan,548352,26.0
S Dhawan,548356,40.666666666666664
S Dhawan,548359,39.0
S Dhawan,548366,50.666666666666664
S Dhawan,548373,35.0
S Dhawan,548376,34.0
S Dhawan,598030,31.333333333333332
S Dhawan,598032,22.666666666666668
S Dhawan,598039,45.333333333333336
S Dhawan,598044,31.666666666666668
S Dhawan,598051,32.666666666666664
S Dhawan,598056,13.333333333333334
S Dhawan,598060,25.666666666666668
S Dhawan,598065,25.0
S Dhawan,598069,34.0
S Dhawan,598071,25.333333333333332
S Dhawan,729285,37.666666666666664
S Dhawan,729295,24.0
S Dhawan,729301,24.0
S Dhawan,729311,13.666666666666666
S Dhawan,729317,15.333333333333334
S Dhawan,733977,16.666666666666668
S Dhawan,733989,25.333333333333332
S Dhawan,733993,24.666666666666668
S Dhawan,734001,16.0
S Dhawan,734007,20.0
S Dhawan,734015,25.0
S Dhawan,734021,38.0
S Dhawan,734029,44.333333333333336
S Dhawan,734037,47.666666666666664
S Dhawan,829711,39.666666666666664
S Dhawan,829719,35.0
S Dhawan,829727,28.666666666666668
S Dhawan,829731,26.0
S Dhawan,829743,27.333333333333332
S Dhawan,829751,38.0
S Dhawan,829759,32.333333333333336
S Dhawan,829773,26.666666666666668
S Dhawan,829781,17.666666666666668
S Dhawan,829787,35.333333333333336
S Dhawan,829793,27.333333333333332
S Dhawan,829799,30.333333333333332
S Dhawan,829807,15.0
S Dhawan,829815,11.0
S Dhawan,980907,5.666666666666667
S Dhawan,980915,5.0
S Dhawan,980923,5.333333333333333
S Dhawan,980929,20.333333333333332
S Dhawan,980935,33.333333333333336
S Dhawan,980943,51.333333333333336
S Dhawan,980953,37.333333333333336
S Dhawan,980967,38.0
S Dhawan,980973,46.666666666666664
S Dhawan,980979,54.0
S Dhawan,980983,49.666666666666664
S Dhawan,980991,30.666666666666668
S Dhawan,981003,23.0
S Dhawan,981009,28.666666666666668
S Dhawan,981015,23.666666666666668
S Dhawan,981017,20.333333333333332
S Dhawan,981019,12.666666666666666
S Dhawan,1082591,22.666666666666668
S Dhawan,1082596,25.666666666666668
S Dhawan,1082600,32.333333333333336
S Dhawan,1082604,26.666666666666668
S Dhawan,1082609,28.666666666666668
S Dhawan,1082611,36.0
S Dhawan,1082615,38.333333333333336
S Dhawan,1082623,59.0
S Dhawan,1082627,45.333333333333336
S Dhawan,1082630,44.666666666666664
S Dhawan,1082634,25.333333333333332
S Dhawan,1082638,36.333333333333336
S Dhawan,1082643,33.0
S Dhawan,1082648,30.333333333333332
S Dhawan,1136564,35.666666666666664
S Dhawan,1136567,44.666666666666664
S Dhawan,1136570,43.333333333333336
S Dhawan,1136576,17.333333333333332
S Dhawan,1136583,4.0
S Dhawan,1136585,5.333333333333333
S Dhawan,1136588,7.333333333333333
S Dhawan,1136596,16.666666666666668
S Dhawan,1136599,17.333333333333332
S Dhawan,1136602,46.0
S Dhawan,1136606,61.333333333333336
S Dhawan,1136611,63.0
S Dhawan,1136614,49.0
S Dhawan,1136617,22.666666666666668
S Dhawan,1136619,28.0
S Dhawan,1136620,20.0
S Dhawan,1175358,34.333333333333336
S Dhawan,1175360,40.0
S Dhawan,1175365,36.666666666666664
S Dhawan,1175368,32.333333333333336
S Dhawan,1175371,19.333333333333332
S Dhawan,1178395,14.0
S Dhawan,1178401,36.333333333333336
S Dhawan,1178405,34.666666666666664
S Dhawan,1178409,46.333333333333336
S Dhawan,1178412,32.666666666666664
S Dhawan,1178415,48.333333333333336
S Dhawan,1178421,53.333333333333336
S Dhawan,1178425,41.0
S Dhawan,1178428,28.333333333333332
S Dhawan,1181766,17.333333333333332
S Dhawan,1181767,17.0
S Dhawan,1216493,11.666666666666666
S Dhawan,1216497,8.0
S Dhawan,1216500,3.6666666666666665
S Dhawan,1216505,21.666666666666668
S Dhawan,1216509,53.333333333333336
S Dhawan,1216515,60.333333333333336
S Dhawan,1216519,53.0
S Dhawan,1216524,19.333333333333332
S Dhawan,1216529,33.666666666666664
S Dhawan,1216532,34.333333333333336
S Dhawan,1216535,34.333333333333336
S Dhawan,1216539,23.0
S Dhawan,1216543,30.666666666666668
S Dhawan,1216546,66.0
S Dhawan,1237177,54.333333333333336
S Dhawan,1237180,61.333333333333336
S Dhawan,1237181,31.0
S Dhawan,1254059,59.333333333333336
S Dhawan,1254064,36.333333333333336
S Dhawan,1254068,62.0
S Dhawan,1254070,48.666666666666664
S Dhawan,1254077,55.0
S Dhawan,1254079,26.333333333333332
S Dhawan,1254082,26.666666666666668
S Dhawan,1254086,40.333333333333336
S Dhawan,1254092,46.333333333333336
S Dhawan,1254097,33.666666666666664
S Dhawan,1254101,25.0
S Dhawan,1254105,31.0
S Dhawan,1254110,41.333333333333336
S Dhawan,1254112,29.666666666666668
S Dhawan,1254114,18.0
S Dhawan,1254116,17.0
S Dhawan,1304049,28.666666666666668
S Dhawan,1304054,31.666666666666668
S Dhawan,1304057,30.666666666666668
S Dhawan,1304062,28.0
S Dhawan,1304069,46.0
S Dhawan,1304074,37.666666666666664
S Dhawan,1304078,29.0
S Dhawan,1304084,35.0
S Dhawan,1304088,34.0
S Dhawan,1304094,51.666666666666664
S Dhawan,1304098,26.333333333333332
S Dhawan,1304106,31.666666666666668
S Dhawan,1304110,17.333333333333332
S Dhawan,1304116,26.333333333333332
S Dhawan,1359476,32.666666666666664
S Dhawan,1359482,55.0
S Dhawan,1359488,75.0
S Dhawan,1359492,64.33333333333333
S Dhawan,1359512,36.0
S Dhawan,1359515,12.333333333333334
S Dhawan,1359520,19.666666666666668
S Dhawan,1359527,38.333333333333336
S Dhawan,1359533,31.333333333333332
S Dhawan,1359538,21.333333333333332
S Dhawan,1359540,8.0
S Dube,1175356,2.0
S Dube,1175362,5.5
S Dube,1175366,5.333333333333333
S Dube,1178421,12.666666666666666
S Dube,1216499,10.333333333333334
S Dube,1216505,14.333333333333334
S Dube,1216510,10.333333333333334
S Dube,1216519,13.333333333333334
S Dube,1216525,15.0
S Dube,1216531,18.666666666666668
S Dube,1216534,17.333333333333332
S Dube,1216547,19.0
S Dube,1237178,14.0
S Dube,1254061,19.333333333333332
S Dube,1254064,11.0
S Dube,1254069,14.0
S Dube,1254073,21.666666666666668
S Dube,1254075,28.333333333333332
S Dube,1254081,34.333333333333336
S Dube,1254089,40.333333333333336
S Dube,1254093,34.0
S Dube,1254106,28.333333333333332
S Dube,1304047,8.0
S Dube,1304053,23.333333333333332
S Dube,1304057,36.333333333333336
S Dube,1304063,36.333333333333336
S Dube,1304068,51.666666666666664
S Dube,1304075,39.0
S Dube,1304079,42.333333333333336
S Dube,1304084,13.333333333333334
S Dube,1304101,17.666666666666668
S Dube,1304105,16.666666666666668
S Dube,1304108,14.0
S Dube,1359475,9.666666666666666
S Dube,1359480,15.333333333333334
S Dube,1359486,24.666666666666668
S Dube,1359491,21.0
S Dube,1359498,29.333333333333332
S Dube,1359507,36.666666666666664
S Dube,1359511,51.333333333333336
S Dube,1359515,43.333333333333336
S Dube,1359523,35.333333333333336
S Dube,1359529,26.333333333333332
S Dube,1359535,33.0
S Dube,1359541,31.666666666666668
S Dube,1370350,23.666666666666668
S Dube,1370353,18.333333333333332
S Gopal,734031,11.0
S Gopal,829721,6.0
S Gopal,980901,4.666666666666667
S Gopal,1136564,7.0
S Gopal,1136575,6.666666666666667
S Gopal,1136577,8.666666666666666
S Gopal,1136598,10.666666666666666
S Gopal,1175359,11.0
S Gopal,1175367,8.333333333333334
S Gopal,1178400,6.666666666666667
S Gopal,1178402,10.666666666666666
S Gopal,1178407,10.666666666666666
S Gopal,1178418,10.333333333333334
S Gopal,1178428,10.0
S Gopal,1216500,10.666666666666666
S Gopal,1216504,6.333333333333333
S Gopal,1216511,2.6666666666666665
S Gopal,1216530,9.666666666666666
S Gopal,1216543,10.0
S Gopal,1254073,12.0
S Gopal,1254093,4.333333333333333
S Gopal,1304096,5.333333333333333
S Kaul,598062,7.0
S Kaul,734011,4.5
S Kaul,1082634,3.0
S Kaul,1136567,0.6666666666666666
S Kaul,1136583,0.6666666666666666
S Kaul,1136599,1.0
S Kaul,1178394,1.0
S Kaul,1254088,0.6666666666666666
S Kaul,1254109,2.6666666666666665
S Kaushik,980987,0.0
S Ladda,419114,0.0
S Ladda,419120,0.0
S Lamichhane,1175368,0.0
S Nadeem,501246,0.0
S Nadeem,548357,0.0
S Nadeem,597998,1.3333333333333333
S Nadeem,598006,2.0
S Nadeem,598010,2.0
S Nadeem,598020,1.3333333333333333
S Nadeem,598044,0.6666666666666666
S Nadeem,598067,2.6666666666666665
S Nadeem,729293,3.0
S Nadeem,734011,3.3333333333333335
S Nadeem,734039,2.3333333333333335
S Nadeem,829757,2.0
S Nadeem,980993,2.0
S Nadeem,1082595,1.0
S Nadeem,1082626,0.3333333333333333
S Nadeem,1082646,0.6666666666666666
S Nadeem,1136573,2.6666666666666665
S Nadeem,1216528,4.333333333333333
S Nadeem,1237180,4.333333333333333
S Nadeem,1254063,2.3333333333333335
S Narwal,419115,0.0
S Narwal,419129,1.0
S Narwal,419134,4.666666666666667
S Narwal,598040,12.333333333333334
S Rana,501262,18.0
S Rana,729305,10.5
S Rana,733991,13.0
S Rana,734005,12.0
S Rana,734013,11.333333333333334
S Rana,734021,9.333333333333334
S Rana,734027,10.666666666666666
S Rana,734035,12.0
S Randiv,501221,2.0
S Sohal,335987,4.0
S Sohal,335991,2.0
S Sohal,392207,9.666666666666666
S Sohal,392210,8.333333333333334
S Sohal,392214,9.0
S Sohal,392216,10.666666666666666
S Sohal,392222,25.0
S Sohal,392226,25.333333333333332
S Sohal,392229,18.333333333333332
S Sohal,392234,5.0
S Sohal,501208,16.666666666666668
S Sohal,501212,16.0
S Sohal,501216,35.666666666666664
S Sohal,501224,24.666666666666668
S Sohal,501229,22.666666666666668
S Sohal,501236,20.666666666666668
S Sohal,501239,27.666666666666668
S Sohal,501250,27.333333333333332
S Sohal,501256,15.333333333333334
S Sohal,501259,18.0
S Sreesanth,335991,0.0
S Sreesanth,336039,0.0
S Sreesanth,392210,1.3333333333333333
S Sreesanth,392222,1.6666666666666667
S Sreesanth,419108,6.666666666666667
S Sreesanth,419117,9.333333333333334
S Sreesanth,419124,9.0
S Sreesanth,501207,4.333333333333333
S Sreesanth,501229,0.3333333333333333
S Sreesanth,501233,0.3333333333333333
S Sreesanth,598005,0.3333333333333333
S Sreesanth,598023,0.3333333333333333
S Sriram,419148,27.0
S Sriram,501257,15.5
S Tyagi,419110,3.0
S Vidyut,336001,54.0
S Vidyut,336005,29.5
S Vidyut,336009,33.0
S Vidyut,336013,17.666666666666668
S Vidyut,336018,21.333333333333332
S Vidyut,336029,8.0
S Vidyut,336039,7.333333333333333
S Vidyut,336040,7.333333333333333
SA Abbott,829713,1.0
SA Abbott,829719,7.5
SA Abbott,1304096,7.333333333333333
SA Asnodkar,336000,60.0
SA Asnodkar,336005,46.0
SA Asnodkar,336008,43.666666666666664
SA Asnodkar,336023,40.333333333333336
SA Asnodkar,336027,31.333333333333332
SA Asnodkar,336033,32.0
SA Asnodkar,336036,21.0
SA Asnodkar,336038,32.333333333333336
SA Asnodkar,336040,28.0
SA Asnodkar,392182,22.333333333333332
SA Asnodkar,392195,10.333333333333334
SA Asnodkar,392198,4.666666666666667
SA Asnodkar,392202,8.0
SA Asnodkar,392205,7.0
SA Asnodkar,392217,12.0
SA Asnodkar,392220,23.333333333333332
SA Asnodkar,392233,24.666666666666668
SA Asnodkar,419111,17.666666666666668
SA Asnodkar,501220,6.0
SA Yadav,548308,0.0
SA Yadav,729279,6.5
SA Yadav,729289,7.0
SA Yadav,729299,15.0
SA Yadav,729307,22.0
SA Yadav,729315,29.666666666666668
SA Yadav,733971,24.333333333333332
SA Yadav,733979,16.0
SA Yadav,734037,9.666666666666666
SA Yadav,734043,13.666666666666666
SA Yadav,734049,12.333333333333334
SA Yadav,829705,23.666666666666668
SA Yadav,829713,20.666666666666668
SA Yadav,829723,19.666666666666668
SA Yadav,829733,12.0
SA Yadav,829739,16.333333333333332
SA Yadav,829743,16.333333333333332
SA Yadav,829761,11.0
SA Yadav,829765,8.333333333333334
SA Yadav,829771,7.666666666666667
SA Yadav,829781,7.333333333333333
SA Yadav,829791,5.0
SA Yadav,829805,8.666666666666666
SA Yadav,829811,6.666666666666667
SA Yadav,980909,5.0
SA Yadav,980925,5.0
SA Yadav,980939,25.0
SA Yadav,980947,30.666666666666668
SA Yadav,980951,34.0
SA Yadav,980959,17.333333333333332
SA Yadav,980975,11.666666666666666
SA Yadav,980995,6.333333333333333
SA Yadav,981001,8.666666666666666
SA Yadav,981009,9.333333333333334
SA Yadav,981015,15.333333333333334
SA Yadav,1082597,15.333333333333334
SA Yadav,1082604,14.666666666666666
SA Yadav,1082608,9.333333333333334
SA Yadav,1082613,4.0
SA Yadav,1082617,7.666666666666667
SA Yadav,1082631,15.333333333333334
SA Yadav,1082649,25.333333333333332
SA Yadav,1136561,34.666666666666664
SA Yadav,1136567,34.0
SA Yadav,1136569,41.333333333333336
SA Yadav,1136574,27.0
SA Yadav,1136581,41.666666666666664
SA Yadav,1136583,35.333333333333336
SA Yadav,1136587,50.0
SA Yadav,1136591,29.0
SA Yadav,1136594,36.666666666666664
SA Yadav,1136597,41.666666666666664
SA Yadav,1136601,50.666666666666664
SA Yadav,1136607,44.333333333333336
SA Yadav,1136610,33.666666666666664
SA Yadav,1136615,25.666666666666668
SA Yadav,1175358,13.666666666666666
SA Yadav,1175362,17.333333333333332
SA Yadav,1175364,17.0
SA Yadav,1175370,36.0
SA Yadav,1178394,25.666666666666668
SA Yadav,1178399,29.0
SA Yadav,1178402,14.666666666666666
SA Yadav,1178406,22.0
SA Yadav,1178409,23.666666666666668
SA Yadav,1178411,29.666666666666668
SA Yadav,1178422,28.666666666666668
SA Yadav,1178426,27.666666666666668
SA Yadav,1178431,31.666666666666668
SA Yadav,1181764,46.666666666666664
SA Yadav,1181768,44.0
SA Yadav,1216492,34.333333333333336
SA Yadav,1216495,22.666666666666668
SA Yadav,1216499,44.0
SA Yadav,1216503,41.666666666666664
SA Yadav,1216508,45.333333333333336
SA Yadav,1216511,45.333333333333336
SA Yadav,1216517,42.0
SA Yadav,1216526,29.666666666666668
SA Yadav,1216529,21.0
SA Yadav,1216535,25.0
SA Yadav,1216538,30.666666666666668
SA Yadav,1216541,26.333333333333332
SA Yadav,1216547,22.333333333333332
SA Yadav,1237177,30.333333333333332
SA Yadav,1237181,23.333333333333332
SA Yadav,1254058,33.666666666666664
SA Yadav,1254062,35.333333333333336
SA Yadav,1254066,32.333333333333336
SA Yadav,1254070,30.0
SA Yadav,1254074,22.333333333333332
SA Yadav,1254081,24.333333333333332
SA Yadav,1254084,17.333333333333332
SA Yadav,1254088,33.666666666666664
SA Yadav,1254093,32.666666666666664
SA Yadav,1254096,33.333333333333336
SA Yadav,1254099,6.0
SA Yadav,1254104,2.6666666666666665
SA Yadav,1254108,3.6666666666666665
SA Yadav,1254112,14.666666666666666
SA Yadav,1304060,31.0
SA Yadav,1304064,51.0
SA Yadav,1304069,54.333333333333336
SA Yadav,1304072,49.333333333333336
SA Yadav,1304079,37.333333333333336
SA Yadav,1304083,25.333333333333332
SA Yadav,1304090,30.0
SA Yadav,1304097,23.666666666666668
SA Yadav,1359479,26.333333333333332
SA Yadav,1359486,9.666666666666666
SA Yadav,1359490,5.333333333333333
SA Yadav,1359496,14.666666666666666
SA Yadav,1359499,16.666666666666668
SA Yadav,1359505,35.666666666666664
SA Yadav,1359509,29.0
SA Yadav,1359516,45.0
SA Yadav,1359520,48.0
SA Yadav,1359523,49.0
SA Yadav,1359528,58.333333333333336
SA Yadav,1359531,70.66666666666667
SA Yadav,1359537,64.33333333333333
SA Yadav,1359543,45.0
SA Yadav,1370351,21.666666666666668
SA Yadav,1370352,39.666666666666664
SB Bangar,335986,14.0
SB Bangar,335988,11.0
SB Bangar,335999,8.333333333333334
SB Bangar,336011,4.666666666666667
SB Bangar,336014,2.6666666666666665
SB Bangar,336034,7.333333333333333
SB Bangar,392190,7.0
SB Jakati,392206,13.0
SB Jakati,392224,10.0
SB Jakati,548306,8.666666666666666
SB Jakati,548316,4.666666666666667
SB Jakati,981013,2.6666666666666665
SB Joshi,335982,3.0
SB Joshi,335992,3.0
SB Styris,335986,6.0
SB Styris,336007,21.0
SB Styris,336011,18.333333333333332
SB Styris,336014,18.0
SB Styris,336020,15.666666666666666
SB Styris,336031,11.666666666666666
SB Styris,336034,10.666666666666666
SB Styris,336037,7.666666666666667
SB Styris,392188,12.0
SB Styris,501198,13.0
SB Wagh,501218,2.0
SB Wagh,501241,1.0
SC Ganguly,335982,10.0
SC Ganguly,335986,12.0
SC Ganguly,335993,12.0
SC Ganguly,335997,10.0
SC Ganguly,336000,22.333333333333332
SC Ganguly,336003,20.0
SC Ganguly,336010,25.333333333333332
SC Ganguly,336014,38.666666666666664
SC Ganguly,336017,39.333333333333336
SC Ganguly,336021,37.666666666666664
SC Ganguly,336025,8.0
SC Ganguly,336027,16.333333333333332
SC Ganguly,336035,40.0
SC Ganguly,392184,39.666666666666664
SC Ganguly,392190,44.333333333333336
SC Ganguly,392197,27.0
SC Ganguly,392199,27.0
SC Ganguly,392203,11.666666666666666
SC Ganguly,392207,7.666666666666667
SC Ganguly,392219,22.0
SC Ganguly,392221,23.333333333333332
SC Ganguly,392228,27.0
SC Ganguly,392231,13.666666666666666
SC Ganguly,392233,12.333333333333334
SC Ganguly,419106,1.3333333333333333
SC Ganguly,419109,7.666666666666667
SC Ganguly,419113,11.333333333333334
SC Ganguly,419118,22.333333333333332
SC Ganguly,419122,25.0
SC Ganguly,419127,38.0
SC Ganguly,419131,28.666666666666668
SC Ganguly,419135,47.666666666666664
SC Ganguly,419139,43.0
SC Ganguly,419144,60.0
SC Ganguly,419148,41.666666666666664
SC Ganguly,419153,33.0
SC Ganguly,419158,39.333333333333336
SC Ganguly,419161,42.333333333333336
SC Ganguly,501250,49.666666666666664
SC Ganguly,501259,24.666666666666668
SC Ganguly,501262,16.666666666666668
SC Ganguly,548308,7.0
SC Ganguly,548313,13.666666666666666
SC Ganguly,548319,13.0
SC Ganguly,548322,17.333333333333332
SC Ganguly,548327,12.666666666666666
SC Ganguly,548330,15.333333333333334
SC Ganguly,548333,23.666666666666668
SC Ganguly,548337,22.0
SC Ganguly,548341,21.666666666666668
SC Ganguly,548348,23.0
SC Ganguly,548351,28.0
SC Ganguly,548353,32.333333333333336
SC Ganguly,548358,22.0
SC Ganguly,548365,17.333333333333332
SC Ganguly,548375,7.0
SD Chitnis,336028,15.0
SD Chitnis,336032,9.0
SD Chitnis,392225,8.0
SD Chitnis,501248,6.0
SD Chitnis,548359,7.0
SD Chitnis,548366,8.666666666666666
SD Chitnis,548371,9.333333333333334
SD Chitnis,548374,20.0
SD Lad,1178399,15.0
SE Bond,419113,1.0
SE Marsh,335999,84.0
SE Marsh,336003,62.0
SE Marsh,336006,54.333333333333336
SE Marsh,336013,45.666666666666664
SE Marsh,336016,57.0
SE Marsh,336019,82.33333333333333
SE Marsh,336022,63.666666666666664
SE Marsh,336028,66.0
SE Marsh,336031,47.666666666666664
SE Marsh,336035,60.333333333333336
SE Marsh,336039,41.0
SE Marsh,419132,40.0
SE Marsh,419136,27.333333333333332
SE Marsh,419156,19.666666666666668
SE Marsh,419159,30.0
SE Marsh,501202,29.666666666666668
SE Marsh,501206,33.666666666666664
SE Marsh,501220,28.0
SE Marsh,501223,59.333333333333336
SE Marsh,501234,57.0
SE Marsh,501237,53.666666666666664
SE Marsh,501244,23.333333333333332
SE Marsh,501248,32.333333333333336
SE Marsh,501251,26.333333333333332
SE Marsh,501254,39.0
SE Marsh,501257,43.666666666666664
SE Marsh,501260,55.666666666666664
SE Marsh,501264,46.0
SE Marsh,548309,33.0
SE Marsh,548319,28.0
SE Marsh,548323,24.0
SE Marsh,548328,32.666666666666664
SE Marsh,548331,20.0
SE Marsh,548334,42.333333333333336
SE Marsh,548339,37.0
SE Marsh,548343,39.0
SE Marsh,548350,19.0
SE Marsh,548354,24.666666666666668
SE Marsh,548359,21.333333333333332
SE Marsh,548366,22.333333333333332
SE Marsh,548369,15.333333333333334
SE Marsh,598028,23.0
SE Marsh,598037,22.666666666666668
SE Marsh,598041,42.666666666666664
SE Marsh,598045,30.333333333333332
SE Marsh,598052,52.666666666666664
SE Marsh,598056,34.333333333333336
SE Marsh,598064,33.666666666666664
SE Marsh,598066,29.0
SE Marsh,734025,33.0
SE Marsh,734033,44.333333333333336
SE Marsh,829741,49.0
SE Marsh,829753,42.333333333333336
SE Marsh,829759,29.333333333333332
SE Marsh,829767,5.333333333333333
SE Marsh,980913,6.333333333333333
SE Marsh,980919,7.333333333333333
SE Marsh,980925,24.333333333333332
SE Marsh,980935,33.333333333333336
SE Marsh,980941,47.0
SE Marsh,980955,28.666666666666668
SE Marsh,1082612,24.0
SE Marsh,1082616,19.0
SE Marsh,1082623,46.666666666666664
SE Marsh,1082633,44.666666666666664
SE Marsh,1082637,54.0
SE Marsh,1082639,29.666666666666668
SE Marsh,1082641,31.333333333333332
SE Marsh,1082645,15.333333333333334
SE Rutherford,1178412,2.0
SE Rutherford,1178415,6.5
SE Rutherford,1178421,13.666666666666666
SE Rutherford,1178425,13.666666666666666
SE Rutherford,1178428,13.666666666666666
SE Rutherford,1181766,7.333333333333333
SE Rutherford,1181767,10.0
SE Rutherford,1304052,15.666666666666666
SE Rutherford,1304059,14.333333333333334
SJ Srivastava,419124,0.0
SJ Srivastava,419132,0.5
SJ Srivastava,501248,0.6666666666666666
SJ Srivastava,501251,1.6666666666666667
SK Raina,335983,32.0
SK Raina,335989,42.5
SK Raina,335996,37.666666666666664
SK Raina,336001,28.0
SK Raina,336005,19.333333333333332
SK Raina,336007,20.666666666666668
SK Raina,336009,20.0
SK Raina,336013,19.666666666666668
SK Raina,336018,9.333333333333334
SK Raina,336029,16.0
SK Raina,336033,22.333333333333332
SK Raina,336037,40.0
SK Raina,336039,51.333333333333336
SK Raina,336040,50.666666666666664
SK Raina,392181,35.333333333333336
SK Raina,392185,26.333333333333332
SK Raina,392189,25.666666666666668
SK Raina,392196,31.333333333333332
SK Raina,392202,54.666666666666664
SK Raina,392206,51.666666666666664
SK Raina,392209,54.0
SK Raina,392214,32.0
SK Raina,392217,25.666666666666668
SK Raina,392224,19.333333333333332
SK Raina,392227,15.333333333333334
SK Raina,392231,28.333333333333332
SK Raina,392234,30.666666666666668
SK Raina,392238,30.666666666666668
SK Raina,419110,15.333333333333334
SK Raina,419113,14.666666666666666
SK Raina,419116,24.333333333333332
SK Raina,419121,30.0
SK Raina,419123,27.0
SK Raina,419125,38.333333333333336
SK Raina,419129,35.333333333333336
SK Raina,419133,45.666666666666664
SK Raina,419137,22.333333333333332
SK Raina,419142,25.333333333333332
SK Raina,419147,29.333333333333332
SK Raina,419153,51.0
SK Raina,419155,48.333333333333336
SK Raina,419159,46.333333333333336
SK Raina,419163,21.0
SK Raina,419165,35.0
SK Raina,501198,30.666666666666668
SK Raina,501206,30.0
SK Raina,501211,20.666666666666668
SK Raina,501215,26.333333333333332
SK Raina,501221,28.0
SK Raina,501226,19.0
SK Raina,501228,13.666666666666666
SK Raina,501236,31.666666666666668
SK Raina,501240,51.333333333333336
SK Raina,501245,41.333333333333336
SK Raina,501249,36.0
SK Raina,501253,20.333333333333332
SK Raina,501261,25.333333333333332
SK Raina,501266,12.333333333333334
SK Raina,501268,32.0
SK Raina,501271,28.333333333333332
SK Raina,548306,39.0
SK Raina,548311,20.0
SK Raina,548316,23.0
SK Raina,548318,18.666666666666668
SK Raina,548322,20.0
SK Raina,548330,14.333333333333334
SK Raina,548332,15.333333333333334
SK Raina,548343,13.666666666666666
SK Raina,548347,28.333333333333332
SK Raina,548352,30.333333333333332
SK Raina,548355,37.333333333333336
SK Raina,548361,30.333333333333332
SK Raina,548364,29.0
SK Raina,548368,19.666666666666668
SK Raina,548371,17.666666666666668
SK Raina,548379,8.333333333333334
SK Raina,548380,14.666666666666666
SK Raina,548381,33.333333333333336
SK Raina,598002,36.666666666666664
SK Raina,598012,37.666666666666664
SK Raina,598015,16.0
SK Raina,598020,22.666666666666668
SK Raina,598022,15.0
SK Raina,598026,29.333333333333332
SK Raina,598030,24.666666666666668
SK Raina,598034,37.0
SK Raina,598038,41.0
SK Raina,598041,69.0
SK Raina,598046,54.333333333333336
SK Raina,598051,66.33333333333333
SK Raina,598058,33.333333333333336
SK Raina,598062,35.666666666666664
SK Raina,598068,2.6666666666666665
SK Raina,598070,29.666666666666668
SK Raina,598073,27.333333333333332
SK Raina,729283,35.333333333333336
SK Raina,729293,26.666666666666668
SK Raina,729297,28.0
SK Raina,729303,20.333333333333332
SK Raina,729311,6.333333333333333
SK Raina,733971,15.333333333333334
SK Raina,733981,30.666666666666668
SK Raina,733987,37.666666666666664
SK Raina,733995,33.666666666666664
SK Raina,734003,18.666666666666668
SK Raina,734013,27.666666666666668
SK Raina,734023,43.0
SK Raina,734029,43.666666666666664
SK Raina,734035,29.0
SK Raina,734045,25.333333333333332
SK Raina,734047,53.0
SK Raina,829707,48.333333333333336
SK Raina,829711,35.0
SK Raina,829723,8.666666666666666
SK Raina,829729,21.666666666666668
SK Raina,829735,18.333333333333332
SK Raina,829745,36.333333333333336
SK Raina,829753,31.666666666666668
SK Raina,829765,36.0
SK Raina,829773,23.0
SK Raina,829779,30.666666666666668
SK Raina,829789,28.333333333333332
SK Raina,829797,21.666666666666668
SK Raina,829801,8.0
SK Raina,829809,18.333333333333332
SK Raina,829817,25.666666666666668
SK Raina,829821,22.0
SK Raina,829823,17.666666666666668
SK Raina,980905,16.0
SK Raina,980911,24.0
SK Raina,980917,23.666666666666668
SK Raina,980929,42.0
SK Raina,980937,43.333333333333336
SK Raina,980945,35.0
SK Raina,980949,21.333333333333332
SK Raina,980955,18.0
SK Raina,980961,25.333333333333332
SK Raina,980967,20.666666666666668
SK Raina,980975,19.333333333333332
SK Raina,981001,29.0
SK Raina,981007,41.666666666666664
SK Raina,981013,37.333333333333336
SK Raina,981017,20.0
SK Raina,1082593,23.333333333333332
SK Raina,1082596,24.666666666666668
SK Raina,1082603,36.0
SK Raina,1082606,22.666666666666668
SK Raina,1082610,28.666666666666668
SK Raina,1082613,45.0
SK Raina,1082616,46.333333333333336
SK Raina,1082621,50.0
SK Raina,1082625,22.333333333333332
SK Raina,1082629,14.333333333333334
SK Raina,1082632,28.666666666666668
SK Raina,1082637,41.333333333333336
SK Raina,1082640,40.666666666666664
SK Raina,1082643,15.666666666666666
SK Raina,1136561,4.0
SK Raina,1136565,6.666666666666667
SK Raina,1136577,21.333333333333332
SK Raina,1136580,38.0
SK Raina,1136584,37.0
SK Raina,1136587,46.666666666666664
SK Raina,1136590,29.0
SK Raina,1136593,35.666666666666664
SK Raina,1136595,19.0
SK Raina,1136603,36.0
SK Raina,1136606,26.333333333333332
SK Raina,1136612,23.0
SK Raina,1136616,26.0
SK Raina,1136617,32.666666666666664
SK Raina,1136620,38.333333333333336
SK Raina,1175356,24.333333333333332
SK Raina,1175360,27.0
SK Raina,1175367,28.333333333333332
SK Raina,1175370,27.333333333333332
SK Raina,1178393,23.0
SK Raina,1178398,15.666666666666666
SK Raina,1178400,11.666666666666666
SK Raina,1178404,25.333333333333332
SK Raina,1178408,25.0
SK Raina,1178414,23.666666666666668
SK Raina,1178416,17.0
SK Raina,1178419,13.333333333333334
SK Raina,1178425,33.0
SK Raina,1178430,38.0
SK Raina,1181764,39.0
SK Raina,1181767,23.0
SK Raina,1181768,8.0
SK Raina,1254059,24.333333333333332
SK Raina,1254065,23.333333333333332
SK Raina,1254069,26.666666666666668
SK Raina,1254076,16.666666666666668
SK Raina,1254080,19.666666666666668
SK Raina,1254084,14.333333333333334
SK Raina,1254089,7.333333333333333
SK Raina,1254091,2.3333333333333335
SK Raina,1254098,5.333333333333333
SK Raina,1254104,5.666666666666667
SK Raina,1254113,10.666666666666666
SK Trivedi,335984,3.0
SK Trivedi,336008,2.0
SK Trivedi,336038,1.6666666666666667
SK Trivedi,392202,1.3333333333333333
SK Trivedi,392220,1.3333333333333333
SK Trivedi,392230,3.0
SK Trivedi,419115,2.3333333333333335
SK Trivedi,419134,4.333333333333333
SK Trivedi,419141,5.333333333333333
SK Trivedi,419158,6.666666666666667
SK Trivedi,501214,4.333333333333333
SK Trivedi,548317,3.0
SK Trivedi,598023,2.6666666666666665
SK Trivedi,598065,2.6666666666666665
SK Warne,335984,14.0
SK Warne,335990,18.0
SK Warne,336000,14.333333333333334
SK Warne,336008,12.0
SK Warne,336015,8.333333333333334
SK Warne,336038,6.0
SK Warne,336040,6.666666666666667
SK Warne,392182,4.0
SK Warne,392190,4.666666666666667
SK Warne,392195,13.0
SK Warne,392198,12.0
SK Warne,392202,12.333333333333334
SK Warne,392205,8.0
SK Warne,392217,15.0
SK Warne,392220,14.0
SK Warne,392230,9.0
SK Warne,392233,8.0
SK Warne,419107,8.333333333333334
SK Warne,419115,7.666666666666667
SK Warne,419118,2.0
SK Warne,419134,1.6666666666666667
SK Warne,419141,0.6666666666666666
SK Warne,419158,1.3333333333333333
SK Warne,501214,2.3333333333333335
SK Warne,501220,3.6666666666666665
SK Warne,501249,2.6666666666666665
SK Warne,501258,2.3333333333333335
SL Malinga,392225,0.0
SL Malinga,419165,0.5
SL Malinga,501231,0.6666666666666666
SL Malinga,501270,3.0
SL Malinga,548308,4.333333333333333
SL Malinga,548342,7.666666666666667
SL Malinga,548351,10.0
SL Malinga,548355,8.333333333333334
SL Malinga,548370,7.333333333333333
SL Malinga,548379,8.333333333333334
SL Malinga,598019,10.666666666666666
SL Malinga,598033,8.0
SL Malinga,598063,2.6666666666666665
SL Malinga,598066,0.6666666666666666
SL Malinga,598070,0.6666666666666666
SL Malinga,598073,0.3333333333333333
SL Malinga,729287,0.6666666666666666
SL Malinga,829747,2.6666666666666665
SL Malinga,1082625,2.6666666666666665
SL Malinga,1082647,4.333333333333333
SM Curran,1175368,20.0
SM Curran,1178393,10.0
SM Curran,1178397,8.333333333333334
SM Curran,1178399,4.333333333333333
SM Curran,1178403,4.666666666666667
SM Curran,1178412,3.0
SM Curran,1178427,18.666666666666668
SM Curran,1178430,20.333333333333332
SM Curran,1216492,26.333333333333332
SM Curran,1216496,13.666666666666666
SM Curran,1216501,17.333333333333332
SM Curran,1216509,11.333333333333334
SM Curran,1216516,10.666666666666666
SM Curran,1216521,22.333333333333332
SM Curran,1216525,22.333333333333332
SM Curran,1216528,27.666666666666668
SM Curran,1216533,17.666666666666668
SM Curran,1216536,22.0
SM Curran,1216539,12.0
SM Curran,1254059,16.0
SM Curran,1254065,13.333333333333334
SM Curran,1254069,17.333333333333332
SM Curran,1254098,7.333333333333333
SM Curran,1359476,14.333333333333334
SM Curran,1359482,10.333333333333334
SM Curran,1359488,16.333333333333332
SM Curran,1359492,15.0
SM Curran,1359495,16.666666666666668
SM Curran,1359501,12.666666666666666
SM Curran,1359505,23.666666666666668
SM Curran,1359512,28.666666666666668
SM Curran,1359515,35.0
SM Curran,1359527,18.0
SM Curran,1359533,17.666666666666668
SM Curran,1359538,11.666666666666666
SM Curran,1359540,26.666666666666668
SM Harwood,392205,3.0
SM Harwood,392217,4.5
SM Katich,335983,21.0
SM Katich,335995,48.0
SM Katich,392204,33.0
SM Katich,392207,37.333333333333336
SM Katich,392210,15.666666666666666
SM Katich,392214,31.333333333333332
SM Katich,392216,23.0
SM Katich,392222,19.666666666666668
SM Katich,392226,9.666666666666666
SM Katich,392229,10.333333333333334
SM Katich,392234,13.0
SM Pollock,335985,28.0
SM Pollock,335989,22.5
SM Pollock,335991,22.333333333333332
SM Pollock,335994,23.333333333333332
SM Pollock,336004,28.666666666666668
SM Pollock,336028,21.333333333333332
SM Pollock,336032,16.333333333333332
SM Pollock,336036,5.333333333333333
SMSM Senanayake,598016,1.0
SMSM Senanayake,598022,4.0
SMSM Senanayake,598031,2.6666666666666665
SMSM Senanayake,598061,3.0
SN Khan,829745,11.0
SN Khan,829763,28.0
SN Khan,829779,21.333333333333332
SN Khan,829785,21.333333333333332
SN Khan,829803,7.666666666666667
SN Khan,829819,5.333333333333333
SN Khan,829821,12.0
SN Khan,980907,22.333333333333332
SN Khan,980921,22.333333333333332
SN Khan,980927,21.333333333333332
SN Khan,980931,10.333333333333334
SN Khan,1136563,12.0
SN Khan,1136568,2.6666666666666665
SN Khan,1136574,3.6666666666666665
SN Khan,1136605,5.333333333333333
SN Khan,1136611,12.666666666666666
SN Khan,1136613,13.333333333333334
SN Khan,1175359,25.0
SN Khan,1175361,22.0
SN Khan,1175368,32.666666666666664
SN Khan,1178393,39.666666666666664
SN Khan,1178403,40.333333333333336
SN Khan,1216493,31.333333333333332
SN Khan,1216503,11.333333333333334
SN Khan,1216513,11.0
SN Khan,1254090,7.0
SN Khan,1254094,4.666666666666667
SN Khan,1304061,12.0
SN Khan,1304078,16.0
SN Khan,1304080,16.333333333333332
SN Khan,1304110,15.0
SN Khan,1304115,14.333333333333334
SN Khan,1359477,15.333333333333334
SN Khan,1359481,14.666666666666666
SN Khan,1359508,14.666666666666666
SN Khan,1359514,16.333333333333332
SN Thakur,829767,7.0
SN Thakur,1082603,3.5
SN Thakur,1082607,2.3333333333333335
SN Thakur,1082634,0.0
SN Thakur,1136617,5.0
SN Thakur,1175370,9.0
SN Thakur,1181768,9.666666666666666
SN Thakur,1216521,8.333333333333334
SN Thakur,1216525,4.666666666666667
SN Thakur,1254069,4.333333333333333
SN Thakur,1254098,1.6666666666666667
SN Thakur,1254104,1.6666666666666667
SN Thakur,1254114,1.3333333333333333
SN Thakur,1304048,7.666666666666667
SN Thakur,1304056,8.0
SN Thakur,1304065,17.666666666666668
SN Thakur,1304073,16.0
SN Thakur,1304080,18.666666666666668
SN Thakur,1304087,11.666666666666666
SN Thakur,1304091,6.333333333333333
SN Thakur,1304101,11.0
SN Thakur,1304110,9.333333333333334
SN Thakur,1304115,10.333333333333334
SN Thakur,1359476,5.0
SN Thakur,1359483,26.666666666666668
SN Thakur,1359487,25.333333333333332
SN Thakur,1359493,26.666666666666668
SN Thakur,1359496,8.333333333333334
SN Thakur,1359513,8.333333333333334
SN Thakur,1359521,7.0
SN Thakur,1359530,3.0
SN Thakur,1359542,4.0
SO Hetmyer,1175356,0.0
SO Hetmyer,1175362,2.5
SO Hetmyer,1175366,4.666666666666667
SO Hetmyer,1175369,5.0
SO Hetmyer,1178429,28.333333333333332
SO Hetmyer,1216493,27.666666666666668
SO Hetmyer,1216497,30.666666666666668
SO Hetmyer,1216500,20.666666666666668
SO Hetmyer,1216515,20.666666666666668
SO Hetmyer,1216519,21.0
SO Hetmyer,1216524,11.333333333333334
SO Hetmyer,1216532,16.0
SO Hetmyer,1216535,16.0
SO Hetmyer,1216546,14.0
SO Hetmyer,1237180,21.0
SO Hetmyer,1237181,19.0
SO Hetmyer,1254070,20.333333333333332
SO Hetmyer,1254077,6.666666666666667
SO Hetmyer,1254079,22.666666666666668
SO Hetmyer,1254082,18.0
SO Hetmyer,1254086,23.0
SO Hetmyer,1254092,6.666666666666667
SO Hetmyer,1254097,16.0
SO Hetmyer,1254101,20.333333333333332
SO Hetmyer,1254110,28.333333333333332
SO Hetmyer,1254112,24.0
SO Hetmyer,1254114,26.666666666666668
SO Hetmyer,1254116,23.0
SO Hetmyer,1304051,28.666666666666668
SO Hetmyer,1304055,28.0
SO Hetmyer,1304059,36.333333333333336
SO Hetmyer,1304066,45.333333333333336
SO Hetmyer,1304070,43.333333333333336
SO Hetmyer,1304076,38.0
SO Hetmyer,1304080,18.666666666666668
SO Hetmyer,1304085,10.0
SO Hetmyer,1304090,3.3333333333333335
SO Hetmyer,1304093,12.0
SO Hetmyer,1304098,21.333333333333332
SO Hetmyer,1304114,21.333333333333332
SO Hetmyer,1312197,13.666666666666666
SO Hetmyer,1312199,4.0
SO Hetmyer,1312200,5.666666666666667
SO Hetmyer,1359478,11.666666666666666
SO Hetmyer,1359482,23.0
SO Hetmyer,1359485,32.333333333333336
SO Hetmyer,1359491,35.0
SO Hetmyer,1359497,41.666666666666664
SO Hetmyer,1359500,29.333333333333332
SO Hetmyer,1359506,20.333333333333332
SO Hetmyer,1359511,4.333333333333333
SO Hetmyer,1359516,6.333333333333333
SO Hetmyer,1359522,7.666666666666667
SO Hetmyer,1359526,7.333333333333333
SO Hetmyer,1359534,16.333333333333332
SO Hetmyer,1359540,29.333333333333332
SP Fleming,336001,13.0
SP Fleming,336005,6.5
SP Fleming,336007,9.0
SP Fleming,336009,19.333333333333332
SP Fleming,336013,19.666666666666668
SP Fleming,336018,23.666666666666668
SP Fleming,336025,19.666666666666668
SP Fleming,336029,34.333333333333336
SP Fleming,336033,28.0
SP Fleming,336037,22.0
SP Goswami,336012,20.0
SP Goswami,336026,36.0
SP Goswami,336029,27.333333333333332
SP Goswami,392199,35.0
SP Goswami,392204,21.0
SP Goswami,419109,20.333333333333332
SP Goswami,501230,13.333333333333334
SP Goswami,501262,12.0
SP Goswami,501267,9.666666666666666
SP Goswami,501269,2.3333333333333335
SP Goswami,548312,8.0
SP Goswami,548317,7.666666666666667
SP Goswami,548320,15.666666666666666
SP Goswami,548336,8.333333333333334
SP Goswami,548349,14.333333333333334
SP Goswami,548373,7.333333333333333
SP Goswami,1136614,18.666666666666668
SP Goswami,1136617,16.666666666666668
SP Goswami,1136620,17.333333333333332
SP Goswami,1237178,5.666666666666667
SP Goswami,1237180,1.6666666666666667
SP Jackson,1082622,12.0
SP Jackson,1082627,14.0
SP Jackson,1082631,12.666666666666666
SP Jackson,1304047,9.666666666666666
SP Jackson,1304052,4.333333333333333
SP Jackson,1304071,3.3333333333333335
SP Jackson,1304076,5.0
SP Jackson,1304102,6.666666666666667
SP Narine,548312,0.0
SP Narine,548370,4.5
SP Narine,598005,3.6666666666666665
SP Narine,598008,4.0
SP Narine,598016,1.3333333333333333
SP Narine,598022,5.0
SP Narine,598050,5.666666666666667
SP Narine,598069,5.666666666666667
SP Narine,729307,3.3333333333333335
SP Narine,729315,2.6666666666666665
SP Narine,733971,2.6666666666666665
SP Narine,734049,1.3333333333333333
SP Narine,829791,1.0
SP Narine,980951,2.0
SP Narine,981001,2.0
SP Narine,981015,2.3333333333333335
SP Narine,1082597,1.3333333333333333
SP Narine,1082601,13.0
SP Narine,1082604,14.666666666666666
SP Narine,1082608,14.666666666666666
SP Narine,1082613,16.333333333333332
SP Narine,1082617,25.666666666666668
SP Narine,1082620,30.666666666666668
SP Narine,1082622,18.0
SP Narine,1082627,7.0
SP Narine,1082631,1.6666666666666667
SP Narine,1082636,18.333333333333332
SP Narine,1082639,24.0
SP Narine,1082644,24.0
SP Narine,1082649,9.333333333333334
SP Narine,1136563,20.0
SP Narine,1136565,24.0
SP Narine,1136570,23.666666666666668
SP Narine,1136573,7.333333333333333
SP Narine,1136575,15.0
SP Narine,1136578,12.333333333333334
SP Narine,1136586,20.666666666666668
SP Narine,1136589,18.0
SP Narine,1136593,28.333333333333332
SP Narine,1136597,21.333333333333332
SP Narine,1136601,13.666666666666666
SP Narine,1136604,28.0
SP Narine,1136609,33.333333333333336
SP Narine,1136614,41.666666666666664
SP Narine,1136618,18.0
SP Narine,1136619,19.666666666666668
SP Narine,1175361,18.0
SP Narine,1175372,20.0
SP Narine,1178396,27.0
SP Narine,1178398,21.0
SP Narine,1178404,18.333333333333332
SP Narine,1178410,8.666666666666666
SP Narine,1178413,15.0
SP Narine,1178418,18.0
SP Narine,1216497,33.333333333333336
SP Narine,1216501,30.666666666666668
SP Narine,1216504,32.0
SP Narine,1216508,13.666666666666666
SP Narine,1216515,9.0
SP Narine,1216520,6.0
SP Narine,1216530,3.0
SP Narine,1216536,4.333333333333333
SP Narine,1216545,2.3333333333333335
SP Narine,1254072,3.6666666666666665
SP Narine,1254075,3.3333333333333335
SP Narine,1254078,3.3333333333333335
SP Narine,1254082,2.0
SP Narine,1254092,7.0
SP Narine,1254098,7.0
SP Narine,1254102,8.0
SP Narine,1254115,9.666666666666666
SP Narine,1254116,9.666666666666666
SP Narine,1254117,9.333333333333334
SP Narine,1304052,4.666666666666667
SP Narine,1304065,6.0
SP Narine,1304071,7.333333333333333
SP Narine,1304081,5.0
SP Narine,1304087,3.6666666666666665
SP Narine,1304099,9.0
SP Narine,1304102,7.333333333333333
SP Narine,1304107,7.666666666666667
SP Narine,1304112,7.333333333333333
SP Narine,1359476,9.666666666666666
SP Narine,1359483,9.333333333333334
SP Narine,1359487,2.3333333333333335
SP Narine,1359493,0.0
SP Narine,1359496,0.6666666666666666
SP Narine,1359502,2.0
SP Narine,1359507,2.0
SP Narine,1359521,1.6666666666666667
SP Narine,1359530,2.3333333333333335
SP Narine,1359542,2.6666666666666665
SPD Smith,548308,39.0
SPD Smith,548313,32.0
SPD Smith,548319,25.666666666666668
SPD Smith,548322,27.333333333333332
SPD Smith,548327,24.333333333333332
SPD Smith,548330,27.666666666666668
SPD Smith,548333,24.333333333333332
SPD Smith,548341,27.666666666666668
SPD Smith,548348,35.666666666666664
SPD Smith,548351,25.0
SPD Smith,548353,21.0
SPD Smith,548358,11.333333333333334
SPD Smith,548362,18.666666666666668
SPD Smith,548365,26.333333333333332
SPD Smith,598015,33.333333333333336
SPD Smith,598018,31.0
SPD Smith,598025,20.666666666666668
SPD Smith,598027,21.333333333333332
SPD Smith,598035,21.333333333333332
SPD Smith,598038,31.0
SPD Smith,598042,18.666666666666668
SPD Smith,729291,22.0
SPD Smith,729297,16.666666666666668
SPD Smith,729315,23.333333333333332
SPD Smith,733979,15.333333333333334
SPD Smith,733989,16.333333333333332
SPD Smith,733999,24.333333333333332
SPD Smith,734003,26.333333333333332
SPD Smith,829709,30.0
SPD Smith,829715,17.333333333333332
SPD Smith,829721,40.666666666666664
SPD Smith,829727,34.0
SPD Smith,829735,32.666666666666664
SPD Smith,829741,8.0
SPD Smith,829749,14.0
SPD Smith,829769,19.666666666666668
SPD Smith,829787,40.666666666666664
SPD Smith,829797,31.666666666666668
SPD Smith,829811,28.666666666666668
SPD Smith,829819,10.0
SPD Smith,980911,10.333333333333334
SPD Smith,980919,18.333333333333332
SPD Smith,980931,15.666666666666666
SPD Smith,980939,24.333333333333332
SPD Smith,980943,27.0
SPD Smith,980949,59.333333333333336
SPD Smith,980957,64.0
SPD Smith,1082592,76.66666666666667
SPD Smith,1082594,51.666666666666664
SPD Smith,1082603,51.0
SPD Smith,1082607,32.0
SPD Smith,1082615,32.333333333333336
SPD Smith,1082618,23.666666666666668
SPD Smith,1082620,31.666666666666668
SPD Smith,1082624,37.666666666666664
SPD Smith,1082629,33.333333333333336
SPD Smith,1082631,19.333333333333332
SPD Smith,1082634,15.666666666666666
SPD Smith,1082642,27.0
SPD Smith,1082645,29.0
SPD Smith,1082647,18.0
SPD Smith,1082650,22.333333333333332
SPD Smith,1175359,24.0
SPD Smith,1175367,33.0
SPD Smith,1175369,28.666666666666668
SPD Smith,1178396,46.333333333333336
SPD Smith,1178400,42.0
SPD Smith,1178402,33.333333333333336
SPD Smith,1178411,28.666666666666668
SPD Smith,1178415,40.333333333333336
SPD Smith,1178418,37.0
SPD Smith,1178420,24.666666666666668
SPD Smith,1216496,31.0
SPD Smith,1216500,38.333333333333336
SPD Smith,1216504,32.0
SPD Smith,1216507,10.666666666666666
SPD Smith,1216511,4.666666666666667
SPD Smith,1216514,5.333333333333333
SPD Smith,1216518,10.0
SPD Smith,1216522,27.0
SPD Smith,1216527,42.0
SPD Smith,1216530,37.0
SPD Smith,1216533,26.666666666666668
SPD Smith,1216537,20.333333333333332
SPD Smith,1216541,22.666666666666668
SPD Smith,1216543,14.333333333333334
SPD Smith,1254068,7.0
SPD Smith,1254070,14.333333333333334
SPD Smith,1254077,25.333333333333332
SPD Smith,1254079,23.666666666666668
SPD Smith,1254086,20.666666666666668
SPD Smith,1254092,22.333333333333332
SPD Smith,1254112,24.0
SR Tendulkar,336012,40.0
SR Tendulkar,336018,26.0
SR Tendulkar,336021,17.333333333333332
SR Tendulkar,336024,11.666666666666666
SR Tendulkar,336028,29.333333333333332
SR Tendulkar,336032,35.333333333333336
SR Tendulkar,336036,37.666666666666664
SR Tendulkar,392181,35.666666666666664
SR Tendulkar,392192,41.666666666666664
SR Tendulkar,392197,54.333333333333336
SR Tendulkar,392200,35.0
SR Tendulkar,392203,34.333333333333336
SR Tendulkar,392208,15.333333333333334
SR Tendulkar,392212,15.666666666666666
SR Tendulkar,392215,9.333333333333334
SR Tendulkar,392218,5.666666666666667
SR Tendulkar,392222,18.666666666666668
SR Tendulkar,392225,27.0
SR Tendulkar,392227,30.666666666666668
SR Tendulkar,392235,32.333333333333336
SR Tendulkar,419107,24.666666666666668
SR Tendulkar,419114,42.0
SR Tendulkar,419119,35.0
SR Tendulkar,419122,53.0
SR Tendulkar,419125,56.0
SR Tendulkar,419130,66.0
SR Tendulkar,419132,46.0
SR Tendulkar,419138,33.666666666666664
SR Tendulkar,419142,30.333333333333332
SR Tendulkar,419146,36.333333333333336
SR Tendulkar,419150,54.333333333333336
SR Tendulkar,419152,49.333333333333336
SR Tendulkar,419157,46.0
SR Tendulkar,419162,19.333333333333332
SR Tendulkar,419165,25.333333333333332
SR Tendulkar,501201,34.333333333333336
SR Tendulkar,501205,49.666666666666664
SR Tendulkar,501210,67.0
SR Tendulkar,501218,63.333333333333336
SR Tendulkar,501221,46.666666666666664
SR Tendulkar,501224,22.666666666666668
SR Tendulkar,501231,13.333333333333334
SR Tendulkar,501237,28.666666666666668
SR Tendulkar,501241,27.333333333333332
SR Tendulkar,501246,29.666666666666668
SR Tendulkar,501251,14.666666666666666
SR Tendulkar,501256,19.0
SR Tendulkar,501263,24.666666666666668
SR Tendulkar,501267,35.333333333333336
SR Tendulkar,501269,35.0
SR Tendulkar,501270,38.0
SR Tendulkar,548306,30.666666666666668
SR Tendulkar,548334,26.333333333333332
SR Tendulkar,548339,24.333333333333332
SR Tendulkar,548342,21.333333333333332
SR Tendulkar,548346,18.333333333333332
SR Tendulkar,548351,18.333333333333332
SR Tendulkar,548355,40.666666666666664
SR Tendulkar,548360,44.0
SR Tendulkar,548363,33.333333333333336
SR Tendulkar,548367,8.666666666666666
SR Tendulkar,548370,9.666666666666666
SR Tendulkar,548377,28.333333333333332
SR Tendulkar,548379,32.0
SR Tendulkar,597999,30.666666666666668
SR Tendulkar,598002,11.333333333333334
SR Tendulkar,598006,8.0
SR Tendulkar,598011,15.0
SR Tendulkar,598019,15.333333333333334
SR Tendulkar,598024,33.0
SR Tendulkar,598029,19.0
SR Tendulkar,598033,26.333333333333332
SR Tendulkar,598037,11.333333333333334
SR Tendulkar,598039,15.333333333333334
SR Tendulkar,598046,12.666666666666666
SR Tendulkar,598050,25.666666666666668
SR Tendulkar,598055,26.0
SR Tendulkar,598060,33.666666666666664
SR Watson,335984,21.0
SR Watson,335987,48.5
SR Watson,335990,33.666666666666664
SR Watson,335992,47.0
SR Watson,336000,21.666666666666668
SR Watson,336005,25.0
SR Watson,336008,15.333333333333334
SR Watson,336011,17.0
SR Watson,336015,37.0
SR Watson,336019,33.666666666666664
SR Watson,336023,47.333333333333336
SR Watson,336027,29.0
SR Watson,336036,27.666666666666668
SR Watson,336038,29.666666666666668
SR Watson,336040,32.666666666666664
SR Watson,419137,46.666666666666664
SR Watson,419141,48.666666666666664
SR Watson,419150,39.666666666666664
SR Watson,419154,27.0
SR Watson,419158,22.333333333333332
SR Watson,501209,29.333333333333332
SR Watson,501214,25.666666666666668
SR Watson,501220,19.0
SR Watson,501225,28.0
SR Watson,501231,33.0
SR Watson,501235,29.0
SR Watson,501240,23.333333333333332
SR Watson,501249,18.333333333333332
SR Watson,501252,25.666666666666668
SR Watson,501258,21.666666666666668
SR Watson,501263,47.666666666666664
SR Watson,548349,39.0
SR Watson,548354,44.333333333333336
SR Watson,548358,44.666666666666664
SR Watson,548361,43.666666666666664
SR Watson,548365,51.0
SR Watson,548373,25.333333333333332
SR Watson,548377,38.666666666666664
SR Watson,598005,21.0
SR Watson,598014,27.333333333333332
SR Watson,598019,22.666666666666668
SR Watson,598023,23.0
SR Watson,598026,46.0
SR Watson,598032,68.33333333333333
SR Watson,598036,80.0
SR Watson,598043,58.0
SR Watson,598047,27.0
SR Watson,598049,22.666666666666668
SR Watson,598052,21.333333333333332
SR Watson,598058,43.0
SR Watson,598063,40.0
SR Watson,598065,33.333333333333336
SR Watson,598071,18.0
SR Watson,598072,13.666666666666666
SR Watson,729285,11.0
SR Watson,729291,19.666666666666668
SR Watson,729297,20.0
SR Watson,729305,27.0
SR Watson,729315,23.333333333333332
SR Watson,733975,26.333333333333332
SR Watson,733979,28.666666666666668
SR Watson,733989,19.333333333333332
SR Watson,733999,14.333333333333334
SR Watson,734003,21.0
SR Watson,734017,19.0
SR Watson,734033,18.666666666666668
SR Watson,734041,4.333333333333333
SR Watson,829735,27.0
SR Watson,829741,42.0
SR Watson,829749,48.0
SR Watson,829769,33.0
SR Watson,829777,25.0
SR Watson,829787,20.333333333333332
SR Watson,829797,20.333333333333332
SR Watson,829811,48.0
SR Watson,829819,47.333333333333336
SR Watson,980907,44.333333333333336
SR Watson,980921,20.666666666666668
SR Watson,980927,19.0
SR Watson,980931,13.0
SR Watson,980937,4.0
SR Watson,980953,3.0
SR Watson,980959,14.0
SR Watson,980969,24.0
SR Watson,980977,23.666666666666668
SR Watson,980981,17.333333333333332
SR Watson,980987,5.333333333333333
SR Watson,980999,5.333333333333333
SR Watson,981011,5.0
SR Watson,981013,5.333333333333333
SR Watson,981019,8.666666666666666
SR Watson,1082591,11.333333333333334
SR Watson,1082595,19.0
SR Watson,1082598,15.666666666666666
SR Watson,1082607,13.0
SR Watson,1082628,6.0
SR Watson,1082633,6.666666666666667
SR Watson,1082646,3.3333333333333335
SR Watson,1136561,7.666666666666667
SR Watson,1136565,20.666666666666668
SR Watson,1136572,23.0
SR Watson,1136577,53.0
SR Watson,1136580,42.0
SR Watson,1136584,40.666666666666664
SR Watson,1136587,9.333333333333334
SR Watson,1136590,32.333333333333336
SR Watson,1136593,42.0
SR Watson,1136595,41.666666666666664
SR Watson,1136603,28.666666666666668
SR Watson,1136606,35.666666666666664
SR Watson,1136612,36.666666666666664
SR Watson,1136617,23.666666666666668
SR Watson,1136620,43.666666666666664
SR Watson,1175356,39.0
SR Watson,1175360,53.666666666666664
SR Watson,1175367,19.0
SR Watson,1175370,20.666666666666668
SR Watson,1178393,14.666666666666666
SR Watson,1178398,16.0
SR Watson,1178400,14.333333333333334
SR Watson,1178404,7.666666666666667
SR Watson,1178408,12.333333333333334
SR Watson,1178414,14.0
SR Watson,1178416,44.0
SR Watson,1178419,36.333333333333336
SR Watson,1178425,34.666666666666664
SR Watson,1178430,5.0
SR Watson,1181764,5.666666666666667
SR Watson,1181767,22.333333333333332
SR Watson,1181768,46.666666666666664
SR Watson,1216492,44.666666666666664
SR Watson,1216496,39.0
SR Watson,1216501,29.0
SR Watson,1216509,39.666666666666664
SR Watson,1216513,56.333333333333336
SR Watson,1216516,40.0
SR Watson,1216525,32.666666666666664
SR Watson,1216528,19.0
SR Watson,1216533,21.333333333333332
SR Watson,1216536,21.333333333333332
SR Watson,1216539,12.0
SS Cottrell,1216542,0.0
SS Iyer,829707,7.0
SS Iyer,829715,23.5
SS Iyer,829725,17.666666666666668
SS Iyer,829731,35.333333333333336
SS Iyer,829739,32.333333333333336
SS Iyer,829747,58.0
SS Iyer,829757,38.0
SS Iyer,829761,41.0
SS Iyer,829767,31.333333333333332
SS Iyer,829777,34.333333333333336
SS Iyer,829783,27.333333333333332
SS Iyer,829793,9.333333333333334
SS Iyer,829801,29.666666666666668
SS Iyer,829813,30.0
SS Iyer,980903,30.0
SS Iyer,980913,7.666666666666667
SS Iyer,980921,1.0
SS Iyer,980933,7.333333333333333
SS Iyer,980951,6.333333333333333
SS Iyer,980997,9.0
SS Iyer,1082605,10.0
SS Iyer,1082608,18.666666666666668
SS Iyer,1082611,32.666666666666664
SS Iyer,1082614,27.333333333333332
SS Iyer,1082622,34.333333333333336
SS Iyer,1082626,19.666666666666668
SS Iyer,1082630,28.666666666666668
SS Iyer,1082632,17.666666666666668
SS Iyer,1082635,16.666666666666668
SS Iyer,1082640,37.666666666666664
SS Iyer,1082642,34.0
SS Iyer,1082646,43.666666666666664
SS Iyer,1136562,15.333333333333334
SS Iyer,1136569,23.333333333333332
SS Iyer,1136573,14.0
SS Iyer,1136579,27.666666666666668
SS Iyer,1136582,37.666666666666664
SS Iyer,1136586,67.33333333333333
SS Iyer,1136590,54.333333333333336
SS Iyer,1136592,52.0
SS Iyer,1136596,35.666666666666664
SS Iyer,1136602,32.333333333333336
SS Iyer,1136605,26.333333333333332
SS Iyer,1136612,18.0
SS Iyer,1136615,19.0
SS Iyer,1175358,13.666666666666666
SS Iyer,1175360,13.333333333333334
SS Iyer,1175365,27.0
SS Iyer,1175368,31.0
SS Iyer,1175371,39.333333333333336
SS Iyer,1178395,46.0
SS Iyer,1178401,38.666666666666664
SS Iyer,1178405,39.333333333333336
SS Iyer,1178409,18.0
SS Iyer,1178412,35.333333333333336
SS Iyer,1178415,21.666666666666668
SS Iyer,1178421,38.0
SS Iyer,1178425,33.333333333333336
SS Iyer,1178428,37.0
SS Iyer,1181766,22.333333333333332
SS Iyer,1181767,12.0
SS Iyer,1216493,20.0
SS Iyer,1216497,33.0
SS Iyer,1216500,36.0
SS Iyer,1216505,25.333333333333332
SS Iyer,1216509,17.333333333333332
SS Iyer,1216515,39.333333333333336
SS Iyer,1216519,40.666666666666664
SS Iyer,1216524,35.333333333333336
SS Iyer,1216529,20.0
SS Iyer,1216532,22.0
SS Iyer,1216535,28.0
SS Iyer,1216539,22.666666666666668
SS Iyer,1216543,34.666666666666664
SS Iyer,1216546,31.0
SS Iyer,1237177,26.333333333333332
SS Iyer,1237180,15.666666666666666
SS Iyer,1237181,32.666666666666664
SS Iyer,1254092,29.0
SS Iyer,1254097,36.333333333333336
SS Iyer,1254101,20.666666666666668
SS Iyer,1254105,36.0
SS Iyer,1254110,22.333333333333332
SS Iyer,1254112,27.333333333333332
SS Iyer,1254114,12.0
SS Iyer,1254116,21.333333333333332
SS Iyer,1304047,17.0
SS Iyer,1304052,21.0
SS Iyer,1304054,19.666666666666668
SS Iyer,1304060,16.333333333333332
SS Iyer,1304065,30.0
SS Iyer,1304071,30.666666666666668
SS Iyer,1304076,55.666666666666664
SS Iyer,1304081,41.666666666666664
SS Iyer,1304087,46.333333333333336
SS Iyer,1304093,29.333333333333332
SS Iyer,1304099,27.333333333333332
SS Iyer,1304102,15.333333333333334
SS Iyer,1304107,9.0
SS Iyer,1304112,23.666666666666668
SS Prabhudessai,1304068,34.0
SS Prabhudessai,1304073,20.0
SS Prabhudessai,1304077,16.666666666666668
SS Prabhudessai,1304082,10.333333333333334
SS Prabhudessai,1304085,9.0
SS Prabhudessai,1359498,12.0
SS Prabhudessai,1359506,7.0
SS Prabhudessai,1359510,9.666666666666666
SS Prabhudessai,1359517,5.333333333333333
SS Shaikh,392233,6.0
SS Tiwary,335991,17.0
SS Tiwary,336004,13.0
SS Tiwary,392197,10.0
SS Tiwary,392200,6.333333333333333
SS Tiwary,392212,4.333333333333333
SS Tiwary,419107,20.666666666666668
SS Tiwary,419114,39.0
SS Tiwary,419119,46.333333333333336
SS Tiwary,419122,38.666666666666664
SS Tiwary,419125,19.0
SS Tiwary,419130,12.0
SS Tiwary,419132,12.333333333333334
SS Tiwary,419138,26.333333333333332
SS Tiwary,419142,29.666666666666668
SS Tiwary,419146,20.666666666666668
SS Tiwary,419150,11.0
SS Tiwary,419152,19.0
SS Tiwary,419161,33.0
SS Tiwary,419162,45.333333333333336
SS Tiwary,419165,32.666666666666664
SS Tiwary,501200,26.0
SS Tiwary,501205,14.0
SS Tiwary,501208,16.333333333333332
SS Tiwary,501211,12.333333333333334
SS Tiwary,501227,13.0
SS Tiwary,501232,15.333333333333334
SS Tiwary,501244,15.0
SS Tiwary,501255,9.333333333333334
SS Tiwary,501260,6.666666666666667
SS Tiwary,501266,6.666666666666667
SS Tiwary,501268,9.333333333333334
SS Tiwary,501270,10.0
SS Tiwary,501271,19.666666666666668
SS Tiwary,548310,17.0
SS Tiwary,548315,20.333333333333332
SS Tiwary,548318,9.0
SS Tiwary,548324,14.333333333333334
SS Tiwary,548327,20.333333333333332
SS Tiwary,548331,19.0
SS Tiwary,548344,19.666666666666668
SS Tiwary,548350,8.0
SS Tiwary,548362,18.666666666666668
SS Tiwary,548367,19.333333333333332
SS Tiwary,548376,29.0
SS Tiwary,598023,25.333333333333332
SS Tiwary,598027,19.0
SS Tiwary,598033,16.0
SS Tiwary,598036,10.333333333333334
SS Tiwary,598042,27.0
SS Tiwary,598057,20.333333333333332
SS Tiwary,829761,25.666666666666668
SS Tiwary,829767,10.0
SS Tiwary,829777,19.0
SS Tiwary,829783,15.333333333333334
SS Tiwary,829793,22.333333333333332
SS Tiwary,829813,17.333333333333332
SS Tiwary,980949,13.333333333333334
SS Tiwary,980957,23.666666666666668
SS Tiwary,980965,26.333333333333332
SS Tiwary,980969,43.333333333333336
SS Tiwary,980979,27.333333333333332
SS Tiwary,980989,24.666666666666668
SS Tiwary,981005,13.0
SS Tiwary,1082644,27.333333333333332
SS Tiwary,1216492,37.0
SS Tiwary,1216495,31.666666666666668
SS Tiwary,1216499,16.0
SS Tiwary,1216508,9.0
SS Tiwary,1216541,20.0
SS Tiwary,1254096,20.0
SS Tiwary,1254099,28.0
SS Tiwary,1254104,33.333333333333336
SS Tiwary,1254112,36.666666666666664
ST Jayasuriya,335985,29.0
ST Jayasuriya,335989,24.5
ST Jayasuriya,335991,16.666666666666668
ST Jayasuriya,335994,13.0
ST Jayasuriya,335997,12.333333333333334
ST Jayasuriya,336004,23.333333333333332
ST Jayasuriya,336008,23.333333333333332
ST Jayasuriya,336012,35.333333333333336
ST Jayasuriya,336018,62.0
ST Jayasuriya,336021,72.0
ST Jayasuriya,336024,66.0
ST Jayasuriya,336028,34.666666666666664
ST Jayasuriya,336032,40.666666666666664
ST Jayasuriya,336036,41.333333333333336
ST Jayasuriya,392181,43.333333333333336
ST Jayasuriya,392192,21.666666666666668
ST Jayasuriya,392197,26.333333333333332
ST Jayasuriya,392200,17.666666666666668
ST Jayasuriya,392203,19.333333333333332
ST Jayasuriya,392208,19.333333333333332
ST Jayasuriya,392212,21.0
ST Jayasuriya,392218,28.666666666666668
ST Jayasuriya,392222,12.666666666666666
ST Jayasuriya,392225,16.333333333333332
ST Jayasuriya,392227,16.666666666666668
ST Jayasuriya,392235,15.333333333333334
ST Jayasuriya,419107,17.666666666666668
ST Jayasuriya,419114,10.0
ST Jayasuriya,419119,10.666666666666666
ST Jayasuriya,419150,3.3333333333333335
STR Binny,419161,8.0
STR Binny,501220,19.0
STR Binny,501240,15.0
STR Binny,548336,19.0
STR Binny,548354,9.0
STR Binny,548361,15.666666666666666
STR Binny,548365,11.0
STR Binny,548373,13.333333333333334
STR Binny,548377,14.333333333333334
STR Binny,598001,25.666666666666668
STR Binny,598005,28.0
STR Binny,598009,18.333333333333332
STR Binny,598014,5.0
STR Binny,598019,1.6666666666666667
STR Binny,598023,12.333333333333334
STR Binny,598026,24.333333333333332
STR Binny,598032,26.0
STR Binny,598036,17.0
STR Binny,598043,6.0
STR Binny,598047,13.666666666666666
STR Binny,598058,25.333333333333332
STR Binny,598063,36.666666666666664
STR Binny,598065,28.666666666666668
STR Binny,598071,15.666666666666666
STR Binny,598072,12.333333333333334
STR Binny,729285,25.666666666666668
STR Binny,729291,29.0
STR Binny,729297,22.666666666666668
STR Binny,729315,6.666666666666667
STR Binny,733979,6.333333333333333
STR Binny,733989,7.666666666666667
STR Binny,733999,8.0
STR Binny,734003,11.666666666666666
STR Binny,734011,7.666666666666667
STR Binny,734017,8.0
STR Binny,734033,3.0
STR Binny,829709,7.333333333333333
STR Binny,829715,7.0
STR Binny,829727,10.0
STR Binny,829741,9.666666666666666
STR Binny,829749,16.0
STR Binny,829769,13.666666666666666
STR Binny,829787,10.666666666666666
STR Binny,829819,4.0
STR Binny,980927,1.3333333333333333
STR Binny,980959,5.666666666666667
STR Binny,981011,11.0
STR Binny,981013,17.666666666666668
STR Binny,981019,15.333333333333334
STR Binny,1082591,13.666666666666666
STR Binny,1082595,12.0
STR Binny,1082598,15.0
STR Binny,1082602,13.333333333333334
STR Binny,1082607,14.0
STR Binny,1082617,10.666666666666666
STR Binny,1082624,9.0
STR Binny,1136577,6.333333333333333
STR Binny,1136600,7.333333333333333
STR Binny,1136603,14.333333333333334
STR Binny,1136609,11.333333333333334
STR Binny,1136618,7.666666666666667
STR Binny,1178407,11.333333333333334
STR Binny,1178411,13.333333333333334
STR Binny,1178415,19.666666666666668
STR Binny,1178418,12.333333333333334
STR Binny,1178428,10.0
SV Samson,598014,27.0
SV Samson,598036,45.0
SV Samson,598043,43.333333333333336
SV Samson,598047,37.666666666666664
SV Samson,598052,32.333333333333336
SV Samson,598058,19.0
SV Samson,598063,17.0
SV Samson,598065,3.0
SV Samson,598071,6.333333333333333
SV Samson,598072,5.0
SV Samson,729285,4.333333333333333
SV Samson,729291,18.333333333333332
SV Samson,729297,23.666666666666668
SV Samson,729305,23.333333333333332
SV Samson,729315,12.666666666666666
SV Samson,733975,18.666666666666668
SV Samson,733979,30.333333333333332
SV Samson,733989,29.0
SV Samson,733999,22.0
SV Samson,734011,23.0
SV Samson,734017,18.333333333333332
SV Samson,734033,24.0
SV Samson,734041,35.333333333333336
SV Samson,829709,36.333333333333336
SV Samson,829715,30.0
SV Samson,829721,11.0
SV Samson,829727,18.0
SV Samson,829741,16.0
SV Samson,829749,11.666666666666666
SV Samson,829769,28.333333333333332
SV Samson,829787,33.666666666666664
SV Samson,829797,41.0
SV Samson,829811,18.333333333333332
SV Samson,829819,13.0
SV Samson,980903,9.333333333333334
SV Samson,980913,17.666666666666668
SV Samson,980921,19.0
SV Samson,980933,34.0
SV Samson,980945,23.333333333333332
SV Samson,980951,25.333333333333332
SV Samson,980961,11.666666666666666
SV Samson,980965,18.0
SV Samson,980971,29.333333333333332
SV Samson,980983,34.333333333333336
SV Samson,980993,29.666666666666668
SV Samson,980997,16.666666666666668
SV Samson,981003,6.333333333333333
SV Samson,981011,10.0
SV Samson,1082595,11.0
SV Samson,1082599,44.0
SV Samson,1082605,44.666666666666664
SV Samson,1082608,53.333333333333336
SV Samson,1082611,33.333333333333336
SV Samson,1082614,30.0
SV Samson,1082622,37.0
SV Samson,1082626,24.666666666666668
SV Samson,1082630,29.666666666666668
SV Samson,1082632,30.0
SV Samson,1082635,28.333333333333332
SV Samson,1082640,23.666666666666668
SV Samson,1082642,4.0
SV Samson,1082646,4.0
SV Samson,1136564,17.0
SV Samson,1136566,28.666666666666668
SV Samson,1136571,59.333333333333336
SV Samson,1136575,45.333333333333336
SV Samson,1136577,33.666666666666664
SV Samson,1136581,20.333333333333332
SV Samson,1136588,31.333333333333332
SV Samson,1136592,31.666666666666668
SV Samson,1136598,23.666666666666668
SV Samson,1136600,17.666666666666668
SV Samson,1136603,23.666666666666668
SV Samson,1136607,23.0
SV Samson,1136609,19.666666666666668
SV Samson,1136613,12.666666666666666
SV Samson,1136618,20.666666666666668
SV Samson,1175359,26.666666666666668
SV Samson,1175363,60.666666666666664
SV Samson,1175367,46.666666666666664
SV Samson,1178400,38.666666666666664
SV Samson,1178402,15.0
SV Samson,1178407,21.333333333333332
SV Samson,1178411,31.0
SV Samson,1178418,28.0
SV Samson,1178420,35.0
SV Samson,1178424,32.666666666666664
SV Samson,1178428,27.0
SV Samson,1216496,35.666666666666664
SV Samson,1216500,28.0
SV Samson,1216504,29.0
SV Samson,1216507,13.0
SV Samson,1216511,11.333333333333334
SV Samson,1216514,10.0
SV Samson,1216518,13.333333333333334
SV Samson,1216522,16.333333333333332
SV Samson,1216527,43.333333333333336
SV Samson,1216530,31.666666666666668
SV Samson,1216533,28.666666666666668
SV Samson,1216537,16.333333333333332
SV Samson,1216541,34.0
SV Samson,1216543,42.333333333333336
SV Samson,1254061,66.0
SV Samson,1254064,49.333333333333336
SV Samson,1254069,41.333333333333336
SV Samson,1254073,8.666666666666666
SV Samson,1254075,21.333333333333332
SV Samson,1254081,35.0
SV Samson,1254085,44.0
SV Samson,1254089,39.333333333333336
SV Samson,1254093,26.333333333333332
SV Samson,1254097,33.666666666666664
SV Samson,1254100,51.666666666666664
SV Samson,1254103,57.0
SV Samson,1254106,34.0
SV Samson,1254111,8.0
SV Samson,1304051,20.0
SV Samson,1304055,29.666666666666668
SV Samson,1304059,31.0
SV Samson,1304066,17.0
SV Samson,1304070,10.666666666666666
SV Samson,1304076,20.666666666666668
SV Samson,1304080,31.666666666666668
SV Samson,1304085,37.0
SV Samson,1304090,29.666666666666668
SV Samson,1304093,32.333333333333336
SV Samson,1304098,31.0
SV Samson,1304104,27.666666666666668
SV Samson,1304109,20.333333333333332
SV Samson,1304114,17.666666666666668
SV Samson,1312197,31.333333333333332
SV Samson,1312199,28.333333333333332
SV Samson,1312200,28.0
SV Samson,1359478,30.666666666666668
SV Samson,1359482,37.0
SV Samson,1359485,32.333333333333336
SV Samson,1359491,14.0
SV Samson,1359497,20.0
SV Samson,1359500,20.666666666666668
SV Samson,1359506,28.0
SV Samson,1359511,13.666666666666666
SV Samson,1359516,17.666666666666668
SV Samson,1359522,20.333333333333332
SV Samson,1359526,36.666666666666664
SV Samson,1359530,48.0
SV Samson,1359534,39.333333333333336
SV Samson,1359540,18.0
SW Billings,980951,54.0
SW Billings,980965,39.0
SW Billings,980971,28.0
SW Billings,981011,11.333333333333334
SW Billings,1082595,11.666666666666666
SW Billings,1082599,17.666666666666668
SW Billings,1082605,34.666666666666664
SW Billings,1082608,33.333333333333336
SW Billings,1082611,29.666666666666668
SW Billings,1082626,11.333333333333334
SW Billings,1136565,23.0
SW Billings,1136572,21.666666666666668
SW Billings,1136577,22.666666666666668
SW Billings,1136584,7.0
SW Billings,1136587,5.0
SW Billings,1136603,13.0
SW Billings,1136612,10.333333333333334
SW Billings,1136616,9.333333333333334
SW Billings,1178408,0.3333333333333333
SW Billings,1304047,8.333333333333334
SW Billings,1304052,13.0
SW Billings,1304054,21.0
SW Billings,1304060,18.333333333333332
SW Billings,1304065,18.666666666666668
SW Billings,1304081,12.0
SW Billings,1304107,17.666666666666668
SW Billings,1304112,24.666666666666668
SW Tait,419129,1.0
SW Tait,419134,6.0
SW Tait,501214,4.0
SW Tait,501258,7.0
SW Tait,598023,3.6666666666666665
Sachin Baby,598065,3.0
Sachin Baby,980953,15.0
Sachin Baby,980959,15.333333333333334
Sachin Baby,980977,25.333333333333332
Sachin Baby,980981,24.666666666666668
Sachin Baby,981013,19.333333333333332
Sachin Baby,981019,14.333333333333334
Sachin Baby,1082591,6.333333333333333
Sachin Baby,1082624,7.0
Sachin Baby,1082646,5.0
Sachin Baby,1254087,7.0
Salman Butt,336000,7.0
Salman Butt,336014,5.5
Salman Butt,336017,19.666666666666668
Salman Butt,336021,21.666666666666668
Salman Butt,336025,44.666666666666664
Salman Butt,336027,36.666666666666664
Salman Butt,336035,40.333333333333336
Sandeep Sharma,598056,0.0
Sandeep Sharma,729307,1.0
Sandeep Sharma,829753,1.0
Sandeep Sharma,829759,1.3333333333333333
Sandeep Sharma,829785,3.0
Sandeep Sharma,980913,3.0
Sandeep Sharma,980955,3.0
Sandeep Sharma,980963,1.0
Sandeep Sharma,980999,2.3333333333333335
Sandeep Sharma,1082605,2.6666666666666665
Sandeep Sharma,1082609,4.0
Sandeep Sharma,1136567,2.3333333333333335
Sandeep Sharma,1136583,1.6666666666666667
Sandeep Sharma,1136599,0.0
Sandeep Sharma,1178394,1.6666666666666667
Sandeep Sharma,1178405,2.0
Sandeep Sharma,1216498,2.0
Sandeep Sharma,1216528,0.6666666666666666
Sandeep Sharma,1216534,3.3333333333333335
Sandeep Sharma,1216538,3.3333333333333335
Sandeep Sharma,1237180,3.6666666666666665
Sandeep Sharma,1254085,3.3333333333333335
Sandeep Sharma,1254105,3.3333333333333335
Sandeep Sharma,1359522,3.3333333333333335
Sandeep Sharma,1359534,0.6666666666666666
Sanvir Singh,1359536,7.0
Sanvir Singh,1359543,5.5
Shahbaz Ahmed,1216505,1.0
Shahbaz Ahmed,1254058,1.0
Shahbaz Ahmed,1254063,5.333333333333333
Shahbaz Ahmed,1254083,7.666666666666667
Shahbaz Ahmed,1254090,10.0
Shahbaz Ahmed,1254095,10.0
Shahbaz Ahmed,1254108,7.666666666666667
Shahbaz Ahmed,1254115,9.333333333333334
Shahbaz Ahmed,1304052,13.666666666666666
Shahbaz Ahmed,1304059,28.333333333333332
Shahbaz Ahmed,1304068,37.666666666666664
Shahbaz Ahmed,1304073,39.333333333333336
Shahbaz Ahmed,1304077,33.0
Shahbaz Ahmed,1304082,21.666666666666668
Shahbaz Ahmed,1304085,16.666666666666668
Shahbaz Ahmed,1304089,8.666666666666666
Shahbaz Ahmed,1304095,6.666666666666667
Shahbaz Ahmed,1304106,4.0
Shahbaz Ahmed,1312199,7.333333333333333
Shahbaz Ahmed,1359483,7.333333333333333
Shahbaz Ahmed,1359494,11.0
Shahbaz Ahmed,1359498,11.0
Shahbaz Ahmed,1359501,12.333333333333334
Shahbaz Ahmed,1359506,6.333333333333333
Shahbaz Ahmed,1359510,3.0
Shahid Afridi,335988,2.0
Shahid Afridi,335990,6.0
Shahid Afridi,335999,8.333333333333334
Shahid Afridi,336007,14.333333333333334
Shahid Afridi,336011,11.333333333333334
Shahid Afridi,336020,18.0
Shahid Afridi,336024,11.333333333333334
Shahid Afridi,336034,11.333333333333334
Shahid Afridi,336037,0.6666666666666666
Shakib Al Hasan,501219,2.0
Shakib Al Hasan,501267,1.5
Shakib Al Hasan,501269,9.666666666666666
Shakib Al Hasan,548315,10.333333333333334
Shakib Al Hasan,548320,15.333333333333334
Shakib Al Hasan,548323,8.0
Shakib Al Hasan,548370,11.0
Shakib Al Hasan,548375,19.666666666666668
Shakib Al Hasan,548378,18.666666666666668
Shakib Al Hasan,548381,18.0
Shakib Al Hasan,729279,4.333333333333333
Shakib Al Hasan,729289,14.0
Shakib Al Hasan,729315,20.666666666666668
Shakib Al Hasan,733971,20.333333333333332
Shakib Al Hasan,733979,17.333333333333332
Shakib Al Hasan,734009,10.0
Shakib Al Hasan,734023,25.333333333333332
Shakib Al Hasan,734027,38.333333333333336
Shakib Al Hasan,734037,35.666666666666664
Shakib Al Hasan,734043,26.333333333333332
Shakib Al Hasan,734049,10.333333333333334
Shakib Al Hasan,829713,10.0
Shakib Al Hasan,829805,11.666666666666666
Shakib Al Hasan,829811,12.0
Shakib Al Hasan,980925,15.666666666666666
Shakib Al Hasan,980939,9.0
Shakib Al Hasan,980947,6.666666666666667
Shakib Al Hasan,980975,25.0
Shakib Al Hasan,980995,30.0
Shakib Al Hasan,981001,29.0
Shakib Al Hasan,981009,9.333333333333334
Shakib Al Hasan,1082613,3.6666666666666665
Shakib Al Hasan,1136567,6.666666666666667
Shakib Al Hasan,1136570,13.333333333333334
Shakib Al Hasan,1136576,21.0
Shakib Al Hasan,1136580,25.0
Shakib Al Hasan,1136583,16.666666666666668
Shakib Al Hasan,1136585,18.0
Shakib Al Hasan,1136588,12.0
Shakib Al Hasan,1136599,23.0
Shakib Al Hasan,1136606,16.333333333333332
Shakib Al Hasan,1136614,17.666666666666668
Shakib Al Hasan,1136617,10.0
Shakib Al Hasan,1136619,16.666666666666668
Shakib Al Hasan,1136620,21.0
Shakib Al Hasan,1178420,20.0
Shakib Al Hasan,1254060,11.666666666666666
Shakib Al Hasan,1254062,7.0
Shakib Al Hasan,1254067,12.666666666666666
Shakib Al Hasan,1254115,14.666666666666666
Shakib Al Hasan,1254116,11.666666666666666
Shakib Al Hasan,1254117,3.0
Shashank Singh,1304086,25.0
Shashank Singh,1304092,20.0
Shashank Singh,1304096,16.666666666666668
Shashank Singh,1304100,11.0
Shashank Singh,1304107,9.666666666666666
Shivam Mavi,1136570,7.0
Shivam Mavi,1136586,3.5
Shivam Mavi,1136619,4.333333333333333
Shivam Mavi,1216501,2.0
Shivam Mavi,1216508,5.0
Shivam Mavi,1216515,3.3333333333333335
Shivam Mavi,1254075,5.0
Shivam Mavi,1254117,8.666666666666666
Shivam Mavi,1304076,8.333333333333334
Shivam Mavi,1304081,7.333333333333333
Shivam Mavi,1304099,1.0
Shivam Sharma,733991,4.0
Shivam Sharma,734025,2.5
Shoaib Ahmed,392201,0.0
Shoaib Ahmed,392209,0.5
Shoaib Ahmed,392223,0.3333333333333333
Shoaib Akhtar,336021,2.0
Shoaib Malik,335995,19.0
Shoaib Malik,335998,12.5
Shoaib Malik,336004,16.333333333333332
Shoaib Malik,336009,10.666666666666666
Shoaib Malik,336022,9.0
Shubman Gill,1136570,3.0
Shubman Gill,1136573,4.5
Shubman Gill,1136578,7.666666666666667
Shubman Gill,1136586,19.0
Shubman Gill,1136589,18.666666666666668
Shubman Gill,1136593,33.0
Shubman Gill,1136597,23.0
Shubman Gill,1136604,26.666666666666668
Shubman Gill,1136618,17.0
Shubman Gill,1136619,24.666666666666668
Shubman Gill,1175357,25.333333333333332
Shubman Gill,1175365,17.333333333333332
Shubman Gill,1175372,8.333333333333334
Shubman Gill,1178396,4.333333333333333
Shubman Gill,1178398,6.0
Shubman Gill,1178401,26.666666666666668
Shubman Gill,1178404,29.666666666666668
Shubman Gill,1178410,29.666666666666668
Shubman Gill,1178413,9.0
Shubman Gill,1178418,8.666666666666666
Shubman Gill,1178422,31.0
Shubman Gill,1178427,51.666666666666664
Shubman Gill,1178431,50.0
Shubman Gill,1216494,25.0
Shubman Gill,1216497,6.333333333333333
Shubman Gill,1216501,7.0
Shubman Gill,1216504,22.333333333333332
Shubman Gill,1216508,21.666666666666668
Shubman Gill,1216512,30.0
Shubman Gill,1216515,23.666666666666668
Shubman Gill,1216520,40.333333333333336
Shubman Gill,1216523,47.333333333333336
Shubman Gill,1216526,45.0
Shubman Gill,1216530,38.0
Shubman Gill,1216536,27.666666666666668
Shubman Gill,1216540,32.0
Shubman Gill,1216545,43.333333333333336
Shubman Gill,1254060,39.666666666666664
Shubman Gill,1254062,39.333333333333336
Shubman Gill,1254067,23.0
Shubman Gill,1254072,18.0
Shubman Gill,1254075,10.666666666666666
Shubman Gill,1254078,6.666666666666667
Shubman Gill,1254082,21.0
Shubman Gill,1254087,33.333333333333336
Shubman Gill,1254092,40.333333333333336
Shubman Gill,1254096,30.333333333333332
Shubman Gill,1254098,17.333333333333332
Shubman Gill,1254102,9.666666666666666
Shubman Gill,1254106,24.0
Shubman Gill,1254109,40.0
Shubman Gill,1254115,47.333333333333336
Shubman Gill,1254116,44.0
Shubman Gill,1254117,42.0
Shubman Gill,1304050,32.333333333333336
Shubman Gill,1304056,45.0
Shubman Gill,1304062,60.0
Shubman Gill,1304067,62.333333333333336
Shubman Gill,1304070,38.666666666666664
Shubman Gill,1304075,6.666666666666667
Shubman Gill,1304081,6.666666666666667
Shubman Gill,1304086,9.666666666666666
Shubman Gill,1304089,20.0
Shubman Gill,1304094,20.666666666666668
Shubman Gill,1304097,30.666666666666668
Shubman Gill,1304103,41.333333333333336
Shubman Gill,1304108,44.333333333333336
Shubman Gill,1304113,27.333333333333332
Shubman Gill,1312197,18.0
Shubman Gill,1312200,27.0
Shubman Gill,1359475,47.666666666666664
Shubman Gill,1359481,40.666666666666664
Shubman Gill,1359487,38.666666666666664
Shubman Gill,1359492,40.0
Shubman Gill,1359497,50.333333333333336
Shubman Gill,1359504,37.333333333333336
Shubman Gill,1359509,33.666666666666664
Shubman Gill,1359513,35.0
Shubman Gill,1359518,37.0
Shubman Gill,1359522,30.333333333333332
Shubman Gill,1359525,45.333333333333336
Shubman Gill,1359531,45.333333333333336
Shubman Gill,1359536,67.0
Shubman Gill,1359544,70.33333333333333
Shubman Gill,1370350,82.33333333333333
Shubman Gill,1370352,91.66666666666667
Shubman Gill,1370353,70.0
Sikandar Raza,1359476,16.0
Sikandar Raza,1359482,8.5
Sikandar Raza,1359488,7.333333333333333
Sikandar Raza,1359495,21.0
Sikandar Raza,1359512,32.666666666666664
Sikandar Raza,1359515,35.333333333333336
Sikandar Raza,1359533,20.0
Simarjeet Singh,1304095,2.0
Simarjeet Singh,1304105,2.0
Simarjeet Singh,1304114,2.3333333333333335
Sohail Tanvir,336000,3.0
Sohail Tanvir,336008,4.5
Sohail Tanvir,336027,7.333333333333333
Sohail Tanvir,336038,8.0
Sohail Tanvir,336040,9.0
Sunny Gupta,548380,0.0
Sunny Singh,501202,12.0
Sunny Singh,501206,16.0
Sunny Singh,501220,12.333333333333334
Sunny Singh,501223,9.0
Sunny Singh,501244,3.6666666666666665
Swapnil Singh,980963,0.0
Swapnil Singh,1082639,1.0
Swapnil Singh,1082645,4.0
Swapnil Singh,1359525,4.666666666666667
T Banton,1216494,10.0
T Banton,1216540,9.0
T Henderson,392182,11.0
T Henderson,392233,5.5
T Kohli,335984,7.0
T Kohli,336033,5.0
T Kohli,392186,3.6666666666666665
T Natarajan,1216528,0.0
T Natarajan,1216534,1.5
T Shamsi,1254097,2.0
T Stubbs,1304105,0.0
T Stubbs,1304111,1.0
T Stubbs,1359486,2.3333333333333335
T Stubbs,1359523,9.0
T Taibu,336010,15.0
T Taibu,336014,12.0
T Taibu,336017,10.333333333333334
T Thushara,392181,1.0
T Thushara,392234,1.0
T Thushara,419129,1.3333333333333333
T Thushara,419147,3.6666666666666665
TA Boult,1082644,5.0
TA Boult,1136573,2.5
TA Boult,1178425,2.0
TA Boult,1181767,2.3333333333333335
TA Boult,1216492,2.3333333333333335
TA Boult,1254070,2.3333333333333335
TA Boult,1254108,0.3333333333333333
TA Boult,1304055,0.6666666666666666
TA Boult,1304066,1.0
TA Boult,1304085,2.6666666666666665
TA Boult,1304090,2.6666666666666665
TA Boult,1304104,3.0
TA Boult,1304109,7.0
TA Boult,1312200,10.333333333333334
TA Boult,1359497,9.333333333333334
TA Boult,1359516,3.6666666666666665
TA Boult,1359522,5.0
TA Boult,1359540,5.333333333333333
TD Paine,501218,2.0
TD Paine,501232,5.0
TG Southee,729297,4.0
TG Southee,829715,5.5
TG Southee,829769,5.666666666666667
TG Southee,980917,12.666666666666666
TG Southee,980933,10.666666666666666
TG Southee,980973,9.666666666666666
TG Southee,980985,1.6666666666666667
TG Southee,1082592,3.6666666666666665
TG Southee,1136591,3.0
TG Southee,1136595,14.666666666666666
TG Southee,1136611,12.666666666666666
TG Southee,1136613,17.0
TG Southee,1178395,8.0
TG Southee,1254092,8.666666666666666
TG Southee,1304052,4.333333333333333
TG Southee,1304081,1.6666666666666667
TG Southee,1304087,0.6666666666666666
TG Southee,1304099,0.3333333333333333
TG Southee,1304102,0.0
TH David,1254113,1.0
TH David,1304048,6.5
TH David,1304055,4.666666666666667
TH David,1304090,11.0
TH David,1304097,21.666666666666668
TH David,1304102,25.666666666666668
TH David,1304105,24.333333333333332
TH David,1304111,25.0
TH David,1304115,32.0
TH David,1359479,28.0
TH David,1359486,23.0
TH David,1359490,16.0
TH David,1359496,22.666666666666668
TH David,1359499,17.666666666666668
TH David,1359505,21.666666666666668
TH David,1359509,13.666666666666666
TH David,1359516,23.333333333333332
TH David,1359520,21.333333333333332
TH David,1359523,22.0
TH David,1359528,7.0
TH David,1359531,2.3333333333333335
TH David,1359537,12.333333333333334
TH David,1370351,16.666666666666668
TH David,1370352,15.666666666666666
TK Curran,1136565,2.0
TK Curran,1136573,2.0
TK Curran,1136578,1.6666666666666667
TK Curran,1136601,7.0
TK Curran,1216496,9.666666666666666
TK Curran,1216504,27.333333333333332
TK Curran,1216511,26.333333333333332
TK Curran,1216527,24.333333333333332
TK Curran,1254064,13.333333333333334
TK Curran,1254114,8.333333333333334
TL Seifert,1254102,2.0
TL Seifert,1304048,11.5
TL Seifert,1304056,8.666666666666666
TL Suman,392201,23.0
TL Suman,392205,32.0
TL Suman,392209,27.0
TL Suman,392212,26.0
TL Suman,392216,21.333333333333332
TL Suman,392220,25.333333333333332
TL Suman,392223,19.666666666666668
TL Suman,392228,21.0
TL Suman,392229,11.333333333333334
TL Suman,392236,14.333333333333334
TL Suman,392237,12.0
TL Suman,392239,15.333333333333334
TL Suman,419106,13.666666666666666
TL Suman,419110,9.0
TL Suman,419117,14.333333333333334
TL Suman,419120,21.666666666666668
TL Suman,419126,21.333333333333332
TL Suman,419130,17.666666666666668
TL Suman,419135,13.0
TL Suman,419138,13.666666666666666
TL Suman,419145,34.666666666666664
TL Suman,419147,48.0
TL Suman,419151,44.333333333333336
TL Suman,419156,32.666666666666664
TL Suman,419160,16.0
TL Suman,419163,17.333333333333332
TL Suman,501241,15.0
TL Suman,501251,14.666666666666666
TL Suman,501256,18.0
TL Suman,501263,7.666666666666667
TL Suman,501267,7.666666666666667
TL Suman,501269,3.6666666666666665
TL Suman,548314,3.6666666666666665
TL Suman,548317,5.666666666666667
TL Suman,598003,7.0
TL Suman,598011,13.0
TL Suman,598018,13.666666666666666
TL Suman,598038,11.666666666666666
TL Suman,598042,7.666666666666667
TM Dilshan,336015,18.0
TM Dilshan,336017,21.5
TM Dilshan,336020,19.666666666666668
TM Dilshan,336022,16.333333333333332
TM Dilshan,336026,9.333333333333334
TM Dilshan,336032,4.0
TM Dilshan,336038,12.333333333333334
TM Dilshan,392189,27.666666666666668
TM Dilshan,392194,50.0
TM Dilshan,392198,41.333333333333336
TM Dilshan,392201,42.0
TM Dilshan,392206,24.0
TM Dilshan,392211,35.666666666666664
TM Dilshan,392215,24.0
TM Dilshan,392219,20.0
TM Dilshan,392223,18.333333333333332
TM Dilshan,392226,16.0
TM Dilshan,392230,26.666666666666668
TM Dilshan,392235,22.333333333333332
TM Dilshan,392237,40.666666666666664
TM Dilshan,419108,29.666666666666668
TM Dilshan,419111,21.666666666666668
TM Dilshan,419114,5.666666666666667
TM Dilshan,419116,10.666666666666666
TM Dilshan,419155,11.0
TM Dilshan,419160,9.0
TM Dilshan,501200,4.333333333333333
TM Dilshan,501205,23.666666666666668
TM Dilshan,501208,22.333333333333332
TM Dilshan,501211,22.0
TM Dilshan,501222,15.0
TM Dilshan,501227,12.666666666666666
TM Dilshan,501232,17.666666666666668
TM Dilshan,501244,10.333333333333334
TM Dilshan,501247,27.666666666666668
TM Dilshan,501252,35.333333333333336
TM Dilshan,548327,31.333333333333332
TM Dilshan,548336,39.333333333333336
TM Dilshan,548344,27.0
TM Dilshan,548356,49.333333333333336
TM Dilshan,548360,30.333333333333332
TM Dilshan,548362,47.666666666666664
TM Dilshan,548367,39.666666666666664
TM Dilshan,548372,36.666666666666664
TM Dilshan,548376,20.333333333333332
TM Dilshan,597999,4.666666666666667
TM Dilshan,598004,3.0
TM Dilshan,598023,10.0
TM Dilshan,598027,21.0
TM Dilshan,598033,23.666666666666668
TM Head,980927,37.0
TM Head,980969,21.5
TM Head,980977,18.0
TM Head,1082591,15.666666666666666
TM Head,1082610,23.666666666666668
TM Head,1082621,20.0
TM Head,1082624,10.666666666666666
TM Head,1082628,4.666666666666667
TM Head,1082636,29.666666666666668
TM Head,1082646,29.666666666666668
TM Srivastava,335995,7.0
TM Srivastava,336035,4.0
TM Srivastava,392204,2.6666666666666665
TR Birt,501230,8.0
TR Birt,501233,14.0
TR Birt,501238,18.333333333333332
TR Birt,501243,17.0
TR Birt,501257,15.666666666666666
TS Mills,1082591,6.0
TS Mills,1082595,3.0
TS Mills,1082617,2.6666666666666665
TS Mills,1304069,0.6666666666666666
TS Mills,1304072,0.6666666666666666
TU Deshpande,1216497,1.0
TU Deshpande,1216524,10.5
TU Deshpande,1359529,7.0
Tilak Varma,1304048,22.0
Tilak Varma,1304055,41.5
Tilak Varma,1304060,40.333333333333336
Tilak Varma,1304064,33.0
Tilak Varma,1304069,24.666666666666668
Tilak Varma,1304072,20.666666666666668
Tilak Varma,1304079,37.666666666666664
Tilak Varma,1304083,38.333333333333336
Tilak Varma,1304090,41.333333333333336
Tilak Varma,1304097,31.333333333333332
Tilak Varma,1304102,20.666666666666668
Tilak Varma,1304105,20.333333333333332
Tilak Varma,1304111,16.0
Tilak Varma,1304115,21.0
Tilak Varma,1359479,37.666666666666664
Tilak Varma,1359486,42.333333333333336
Tilak Varma,1359490,49.0
Tilak Varma,1359496,31.0
Tilak Varma,1359499,36.0
Tilak Varma,1359505,23.333333333333332
Tilak Varma,1359509,14.0
Tilak Varma,1359516,11.333333333333334
Tilak Varma,1359520,19.0
Tilak Varma,1370351,27.0
Tilak Varma,1370352,31.666666666666668
U Kaul,336013,0.0
UA Birla,598053,7.0
UBT Chand,501201,0.0
UBT Chand,501204,1.0
UBT Chand,548372,6.666666666666667
UBT Chand,548374,12.666666666666666
UBT Chand,597998,12.0
UBT Chand,598001,13.666666666666666
UBT Chand,598006,7.666666666666667
UBT Chand,598028,10.0
UBT Chand,598035,8.0
UBT Chand,598040,20.333333333333332
UBT Chand,598044,23.666666666666668
UBT Chand,598054,31.666666666666668
UBT Chand,598062,24.666666666666668
UBT Chand,734017,19.666666666666668
UBT Chand,829721,10.0
UBT Chand,829737,24.0
UBT Chand,829747,28.0
UBT Chand,829751,25.666666666666668
UBT Chand,829769,10.666666666666666
UBT Chand,980985,6.0
UT Khawaja,980965,30.0
UT Khawaja,980969,23.0
UT Khawaja,980979,19.0
UT Khawaja,980989,16.0
UT Khawaja,980997,17.0
UT Khawaja,981005,23.333333333333332
UT Yadav,419120,3.0
UT Yadav,501201,1.5
UT Yadav,501230,1.3333333333333333
UT Yadav,548372,0.3333333333333333
UT Yadav,548378,0.6666666666666666
UT Yadav,548380,0.6666666666666666
UT Yadav,598006,2.3333333333333335
UT Yadav,598010,4.0
UT Yadav,598020,4.0
UT Yadav,598044,3.0
UT Yadav,598054,2.3333333333333335
UT Yadav,598062,6.0
UT Yadav,598067,8.0
UT Yadav,729307,7.333333333333333
UT Yadav,829765,3.3333333333333335
UT Yadav,829805,2.3333333333333335
UT Yadav,829811,9.666666666666666
UT Yadav,980939,12.0
UT Yadav,980951,11.0
UT Yadav,1082617,3.6666666666666665
UT Yadav,1082631,2.0
UT Yadav,1082644,2.6666666666666665
UT Yadav,1082649,2.6666666666666665
UT Yadav,1136574,2.3333333333333335
UT Yadav,1136584,1.0
UT Yadav,1136591,0.6666666666666666
UT Yadav,1136595,0.6666666666666666
UT Yadav,1136613,0.6666666666666666
UT Yadav,1175356,0.6666666666666666
UT Yadav,1175366,5.0
UT Yadav,1178406,5.0
UT Yadav,1178414,5.0
UT Yadav,1178429,3.3333333333333335
UT Yadav,1216510,3.3333333333333335
UT Yadav,1304052,9.0
UT Yadav,1304065,6.0
UT Yadav,1304071,6.333333333333333
UT Yadav,1304076,7.333333333333333
UT Yadav,1304081,12.333333333333334
UT Yadav,1304087,12.0
UT Yadav,1304112,5.0
UT Yadav,1359483,2.0
UT Yadav,1359487,3.6666666666666665
UT Yadav,1359493,4.0
UT Yadav,1359502,3.0
UT Yadav,1359507,2.6666666666666665
Umar Gul,336000,2.0
Umar Gul,336010,4.0
Umar Gul,336027,5.0
Umar Gul,336035,12.333333333333334
Umran Malik,1304058,1.0
Umran Malik,1304100,0.5
Umran Malik,1304107,1.3333333333333333
Umran Malik,1304116,1.0
Umran Malik,1359478,7.333333333333333
V Kohli,335982,1.0
V Kohli,335985,12.0
V Kohli,335992,12.333333333333334
V Kohli,335996,16.0
V Kohli,335998,8.666666666666666
V Kohli,336002,7.333333333333333
V Kohli,336006,14.666666666666666
V Kohli,336012,14.333333333333334
V Kohli,336016,18.333333333333332
V Kohli,336023,8.0
V Kohli,336029,11.333333333333334
V Kohli,336034,17.0
V Kohli,392182,17.0
V Kohli,392185,17.333333333333332
V Kohli,392188,21.333333333333332
V Kohli,392191,21.0
V Kohli,392194,24.666666666666668
V Kohli,392199,14.333333333333334
V Kohli,392204,19.0
V Kohli,392213,16.666666666666668
V Kohli,392218,17.0
V Kohli,392224,24.333333333333332
V Kohli,392236,25.666666666666668
V Kohli,392238,27.0
V Kohli,392239,16.666666666666668
V Kohli,419109,11.0
V Kohli,419112,8.333333333333334
V Kohli,419119,11.666666666666666
V Kohli,419123,19.0
V Kohli,419128,26.333333333333332
V Kohli,419133,32.0
V Kohli,419136,38.0
V Kohli,419140,29.666666666666668
V Kohli,419145,37.666666666666664
V Kohli,419151,24.666666666666668
V Kohli,419154,25.0
V Kohli,419157,18.0
V Kohli,419162,20.0
V Kohli,501200,23.0
V Kohli,501205,14.666666666666666
V Kohli,501208,35.333333333333336
V Kohli,501211,39.333333333333336
V Kohli,501222,45.333333333333336
V Kohli,501227,40.333333333333336
V Kohli,501232,51.0
V Kohli,501244,50.0
V Kohli,501247,40.333333333333336
V Kohli,501252,31.0
V Kohli,501255,27.0
V Kohli,501260,21.666666666666668
V Kohli,501266,19.0
V Kohli,501268,37.333333333333336
V Kohli,501270,36.333333333333336
V Kohli,501271,37.666666666666664
V Kohli,548310,17.0
V Kohli,548315,16.333333333333332
V Kohli,548318,23.666666666666668
V Kohli,548324,28.333333333333332
V Kohli,548327,31.666666666666668
V Kohli,548331,14.0
V Kohli,548336,12.0
V Kohli,548344,12.666666666666666
V Kohli,548350,26.333333333333332
V Kohli,548356,24.0
V Kohli,548360,30.0
V Kohli,548362,18.0
V Kohli,548367,16.0
V Kohli,548372,28.333333333333332
V Kohli,548376,39.333333333333336
V Kohli,597999,46.333333333333336
V Kohli,598004,39.0
V Kohli,598008,36.666666666666664
V Kohli,598012,48.0
V Kohli,598017,52.666666666666664
V Kohli,598023,41.333333333333336
V Kohli,598027,25.666666666666668
V Kohli,598033,4.333333333333333
V Kohli,598036,14.666666666666666
V Kohli,598042,19.333333333333332
V Kohli,598045,38.0
V Kohli,598048,58.333333333333336
V Kohli,598054,83.0
V Kohli,598057,69.66666666666667
V Kohli,598064,43.333333333333336
V Kohli,598068,29.0
V Kohli,729281,39.666666666666664
V Kohli,729287,35.0
V Kohli,729299,26.666666666666668
V Kohli,729305,17.333333333333332
V Kohli,729313,18.666666666666668
V Kohli,733977,8.333333333333334
V Kohli,733983,13.0
V Kohli,733991,11.666666666666666
V Kohli,733999,13.0
V Kohli,734005,4.666666666666667
V Kohli,734013,13.666666666666666
V Kohli,734021,34.666666666666664
V Kohli,734027,44.0
V Kohli,734035,59.333333333333336
V Kohli,829713,41.333333333333336
V Kohli,829719,42.333333333333336
V Kohli,829737,24.0
V Kohli,829745,36.666666666666664
V Kohli,829749,43.666666666666664
V Kohli,829757,49.333333333333336
V Kohli,829763,32.666666666666664
V Kohli,829771,23.333333333333332
V Kohli,829779,27.666666666666668
V Kohli,829785,38.0
V Kohli,829795,54.0
V Kohli,829803,44.333333333333336
V Kohli,829807,48.333333333333336
V Kohli,829813,21.333333333333332
V Kohli,829819,19.0
V Kohli,829821,8.333333333333334
V Kohli,980907,33.0
V Kohli,980921,55.333333333333336
V Kohli,980927,62.333333333333336
V Kohli,980931,64.0
V Kohli,980937,71.0
V Kohli,980953,64.66666666666667
V Kohli,980959,55.333333333333336
V Kohli,980969,58.0
V Kohli,980977,60.0
V Kohli,980981,45.0
V Kohli,980987,45.333333333333336
V Kohli,980995,63.666666666666664
V Kohli,980999,99.0
V Kohli,981011,80.66666666666667
V Kohli,981013,55.666666666666664
V Kohli,981019,36.0
V Kohli,1082602,38.666666666666664
V Kohli,1082607,48.0
V Kohli,1082610,51.333333333333336
V Kohli,1082617,30.666666666666668
V Kohli,1082621,24.666666666666668
V Kohli,1082624,21.666666666666668
V Kohli,1082628,28.333333333333332
V Kohli,1082633,27.0
V Kohli,1082636,10.333333333333334
V Kohli,1082646,23.0
V Kohli,1136563,31.333333333333332
V Kohli,1136568,36.666666666666664
V Kohli,1136571,36.333333333333336
V Kohli,1136574,56.666666666666664
V Kohli,1136579,59.666666666666664
V Kohli,1136584,46.666666666666664
V Kohli,1136589,38.666666666666664
V Kohli,1136591,39.333333333333336
V Kohli,1136595,36.0
V Kohli,1136599,26.333333333333332
V Kohli,1136605,39.0
V Kohli,1136608,52.333333333333336
V Kohli,1136611,43.333333333333336
V Kohli,1136613,21.333333333333332
V Kohli,1175356,7.333333333333333
V Kohli,1175362,18.666666666666668
V Kohli,1175366,18.333333333333332
V Kohli,1175369,24.0
V Kohli,1175372,36.666666666666664
V Kohli,1178395,49.333333333333336
V Kohli,1178403,64.0
V Kohli,1178406,38.666666666666664
V Kohli,1178410,58.333333333333336
V Kohli,1178414,39.0
V Kohli,1178417,40.666666666666664
V Kohli,1178421,15.0
V Kohli,1178424,20.333333333333332
V Kohli,1178429,21.333333333333332
V Kohli,1216494,19.666666666666668
V Kohli,1216499,14.333333333333334
V Kohli,1216502,11.333333333333334
V Kohli,1216505,15.0
V Kohli,1216510,12.333333333333334
V Kohli,1216514,34.0
V Kohli,1216519,38.666666666666664
V Kohli,1216522,52.666666666666664
V Kohli,1216525,58.666666666666664
V Kohli,1216531,60.333333333333336
V Kohli,1216534,50.666666666666664
V Kohli,1216540,31.666666666666668
V Kohli,1216544,32.333333333333336
V Kohli,1216547,30.333333333333332
V Kohli,1237178,21.333333333333332
V Kohli,1254058,15.666666666666666
V Kohli,1254063,24.0
V Kohli,1254067,23.666666666666668
V Kohli,1254073,36.666666666666664
V Kohli,1254076,28.333333333333332
V Kohli,1254079,30.666666666666668
V Kohli,1254083,18.333333333333332
V Kohli,1254087,17.333333333333332
V Kohli,1254090,21.666666666666668
V Kohli,1254095,11.666666666666666
V Kohli,1254101,11.333333333333334
V Kohli,1254103,11.333333333333334
V Kohli,1254108,26.666666666666668
V Kohli,1254113,43.0
V Kohli,1254115,47.666666666666664
V Kohli,1304049,44.333333333333336
V Kohli,1304052,30.666666666666668
V Kohli,1304059,19.333333333333332
V Kohli,1304064,21.666666666666668
V Kohli,1304068,18.0
V Kohli,1304073,20.333333333333332
V Kohli,1304077,4.333333333333333
V Kohli,1304082,4.0
V Kohli,1304085,3.0
V Kohli,1304089,22.333333333333332
V Kohli,1304095,32.333333333333336
V Kohli,1304100,29.333333333333332
V Kohli,1304106,16.666666666666668
V Kohli,1304113,31.0
V Kohli,1312198,39.333333333333336
V Kohli,1312199,35.0
V Kohli,1359479,38.0
V Kohli,1359483,36.666666666666664
V Kohli,1359489,54.666666666666664
V Kohli,1359494,44.0
V Kohli,1359498,39.0
V Kohli,1359501,38.333333333333336
V Kohli,1359506,21.666666666666668
V Kohli,1359510,37.666666666666664
V Kohli,1359517,28.333333333333332
V Kohli,1359524,46.666666666666664
V Kohli,1359528,29.0
V Kohli,1359534,24.666666666666668
V Kohli,1359539,39.666666666666664
V Kohli,1359544,73.0
V Pratap Singh,548346,0.0
V Sehwag,335984,12.0
V Sehwag,335988,53.0
V Sehwag,335995,37.333333333333336
V Sehwag,335998,41.333333333333336
V Sehwag,336001,33.666666666666664
V Sehwag,336004,45.0
V Sehwag,336009,44.666666666666664
V Sehwag,336015,26.666666666666668
V Sehwag,336017,13.333333333333334
V Sehwag,336020,5.666666666666667
V Sehwag,336022,17.0
V Sehwag,336026,32.666666666666664
V Sehwag,336032,38.666666666666664
V Sehwag,336038,22.666666666666668
V Sehwag,392183,19.666666666666668
V Sehwag,392189,15.666666666666666
V Sehwag,392194,17.0
V Sehwag,392198,9.666666666666666
V Sehwag,392201,14.333333333333334
V Sehwag,392223,15.666666666666666
V Sehwag,392226,13.333333333333334
V Sehwag,392230,7.333333333333333
V Sehwag,392232,3.6666666666666665
V Sehwag,392235,17.333333333333332
V Sehwag,392237,29.666666666666668
V Sehwag,419108,32.333333333333336
V Sehwag,419111,40.666666666666664
V Sehwag,419114,36.333333333333336
V Sehwag,419116,58.333333333333336
V Sehwag,419120,34.333333333333336
V Sehwag,419128,29.666666666666668
V Sehwag,419131,7.666666666666667
V Sehwag,419134,13.0
V Sehwag,419140,20.666666666666668
V Sehwag,419144,39.333333333333336
V Sehwag,419149,33.0
V Sehwag,419152,28.0
V Sehwag,419155,8.0
V Sehwag,419160,10.666666666666666
V Sehwag,501201,10.333333333333334
V Sehwag,501204,10.333333333333334
V Sehwag,501213,20.0
V Sehwag,501216,17.666666666666668
V Sehwag,501223,42.0
V Sehwag,501227,38.0
V Sehwag,501230,45.333333333333336
V Sehwag,501233,46.333333333333336
V Sehwag,501238,43.0
V Sehwag,501243,71.33333333333333
V Sehwag,501246,45.333333333333336
V Sehwag,548307,47.0
V Sehwag,548310,7.333333333333333
V Sehwag,548316,17.666666666666668
V Sehwag,548321,13.333333333333334
V Sehwag,548325,24.0
V Sehwag,548329,14.333333333333334
V Sehwag,548333,31.0
V Sehwag,548337,49.333333333333336
V Sehwag,548342,72.33333333333333
V Sehwag,548345,74.33333333333333
V Sehwag,548349,69.66666666666667
V Sehwag,548357,53.0
V Sehwag,548364,33.333333333333336
V Sehwag,548369,11.666666666666666
V Sehwag,548378,7.333333333333333
V Sehwag,548380,6.333333333333333
V Sehwag,598010,7.666666666666667
V Sehwag,598017,12.666666666666666
V Sehwag,598020,18.0
V Sehwag,598024,45.666666666666664
V Sehwag,598028,47.333333333333336
V Sehwag,598035,51.0
V Sehwag,598040,25.0
V Sehwag,598044,17.666666666666668
V Sehwag,598049,12.0
V Sehwag,598054,12.333333333333334
V Sehwag,598059,17.333333333333332
V Sehwag,598062,13.666666666666666
V Sehwag,598067,11.333333333333334
V Sehwag,729283,10.0
V Sehwag,729291,10.666666666666666
V Sehwag,729295,17.0
V Sehwag,729307,23.0
V Sehwag,729313,33.0
V Sehwag,733973,23.333333333333332
V Sehwag,733987,21.0
V Sehwag,733991,20.333333333333332
V Sehwag,733997,44.0
V Sehwag,734007,35.333333333333336
V Sehwag,734019,33.0
V Sehwag,734025,14.666666666666666
V Sehwag,734033,19.333333333333332
V Sehwag,734039,14.666666666666666
V Sehwag,734043,9.666666666666666
V Sehwag,734047,44.333333333333336
V Sehwag,734049,43.666666666666664
V Sehwag,829709,43.0
V Sehwag,829717,14.333333333333334
V Sehwag,829725,27.666666666666668
V Sehwag,829733,31.333333333333332
V Sehwag,829741,19.666666666666668
V Sehwag,829753,4.333333333333333
V Sehwag,829767,1.0
V Sehwag,829775,1.3333333333333333
V Shankar,1082600,1.0
V Shankar,1082638,8.0
V Shankar,1082643,26.333333333333332
V Shankar,1082648,33.333333333333336
V Shankar,1136562,32.666666666666664
V Shankar,1136566,12.666666666666666
V Shankar,1136573,6.0
V Shankar,1136590,19.666666666666668
V Shankar,1136592,24.333333333333332
V Shankar,1136596,31.333333333333332
V Shankar,1136605,20.333333333333332
V Shankar,1136612,26.666666666666668
V Shankar,1136615,33.333333333333336
V Shankar,1175357,39.666666666666664
V Shankar,1175363,39.333333333333336
V Shankar,1175366,28.0
V Shankar,1175371,20.0
V Shankar,1178394,10.0
V Shankar,1178397,15.666666666666666
V Shankar,1178405,10.666666666666666
V Shankar,1178408,11.333333333333334
V Shankar,1178416,11.333333333333334
V Shankar,1178420,13.666666666666666
V Shankar,1178423,13.666666666666666
V Shankar,1178426,9.0
V Shankar,1178429,15.333333333333334
V Shankar,1181766,21.333333333333332
V Shankar,1216498,26.0
V Shankar,1216512,19.333333333333332
V Shankar,1216518,28.333333333333332
V Shankar,1216528,23.666666666666668
V Shankar,1216534,21.333333333333332
V Shankar,1254060,7.666666666666667
V Shankar,1254063,4.666666666666667
V Shankar,1254066,14.0
V Shankar,1254077,13.0
V Shankar,1254085,14.666666666666666
V Shankar,1304050,6.666666666666667
V Shankar,1304056,8.333333333333334
V Shankar,1304070,6.333333333333333
V Shankar,1304075,5.0
V Shankar,1359475,9.666666666666666
V Shankar,1359481,18.666666666666668
V Shankar,1359487,39.666666666666664
V Shankar,1359504,34.0
V Shankar,1359509,30.666666666666668
V Shankar,1359513,26.666666666666668
V Shankar,1359518,25.333333333333332
V Shankar,1359531,28.666666666666668
V Shankar,1359544,29.333333333333332
V Shankar,1370350,32.0
VG Arora,1304057,1.0
VG Arora,1304062,1.5
VG Arora,1304074,1.0
VG Arora,1304078,1.3333333333333333
VG Arora,1359521,1.3333333333333333
VG Arora,1359542,1.6666666666666667
VH Zol,733999,16.0
VH Zol,734035,14.5
VR Aaron,501257,0.0
VR Aaron,548357,0.5
VR Aaron,548380,0.3333333333333333
VR Aaron,729313,4.0
VR Aaron,733983,6.0
VR Aaron,733991,11.666666666666666
VR Aaron,829719,10.0
VR Aaron,1082601,9.0
VR Aaron,1082633,3.3333333333333335
VR Aaron,1178428,2.3333333333333335
VR Aaron,1216500,1.3333333333333333
VR Aaron,1216530,1.3333333333333333
VR Iyer,1254087,41.0
VR Iyer,1254092,27.5
VR Iyer,1254096,36.0
VR Iyer,1254098,28.333333333333332
VR Iyer,1254102,46.0
VR Iyer,1254106,41.0
VR Iyer,1254109,37.666666666666664
VR Iyer,1254115,24.0
VR Iyer,1254116,29.666666666666668
VR Iyer,1254117,43.666666666666664
VR Iyer,1304047,40.333333333333336
VR Iyer,1304052,25.333333333333332
VR Iyer,1304054,9.666666666666666
VR Iyer,1304060,21.0
VR Iyer,1304065,23.666666666666668
VR Iyer,1304071,24.666666666666668
VR Iyer,1304076,10.0
VR Iyer,1304081,9.666666666666666
VR Iyer,1304087,9.666666666666666
VR Iyer,1304102,22.0
VR Iyer,1304107,18.666666666666668
VR Iyer,1304112,16.666666666666668
VR Iyer,1359476,13.666666666666666
VR Iyer,1359483,12.333333333333334
VR Iyer,1359487,40.0
VR Iyer,1359493,32.0
VR Iyer,1359496,65.66666666666667
VR Iyer,1359502,38.0
VR Iyer,1359507,41.333333333333336
VR Iyer,1359510,17.0
VR Iyer,1359513,20.666666666666668
VR Iyer,1359521,16.333333333333332
VR Iyer,1359527,9.666666666666666
VR Iyer,1359530,25.0
VR Iyer,1359535,25.666666666666668
VR Iyer,1359542,30.0
VRV Singh,335991,4.0
VRV Singh,336013,2.0
VS Malik,419132,6.0
VS Malik,734033,3.5
VS Yeligati,336028,2.0
VVS Laxman,335986,0.0
VVS Laxman,335988,1.0
VVS Laxman,335990,6.0
VVS Laxman,335994,18.333333333333332
VVS Laxman,335999,33.666666666666664
VVS Laxman,336034,45.666666666666664
VVS Laxman,392184,36.666666666666664
VVS Laxman,392188,22.333333333333332
VVS Laxman,392192,5.0
VVS Laxman,392196,3.0
VVS Laxman,392209,1.3333333333333333
VVS Laxman,419106,8.666666666666666
VVS Laxman,419110,11.333333333333334
VVS Laxman,419117,14.666666666666666
VVS Laxman,419126,10.666666666666666
VVS Laxman,419138,8.0
VVS Laxman,419141,6.666666666666667
VVS Laxman,501200,15.333333333333334
VVS Laxman,501207,14.0
VVS Laxman,501225,14.666666666666666
VY Mahesh,335995,6.0
VY Mahesh,336004,4.5
VY Mahesh,336015,3.0
VY Mahesh,336017,2.0
VY Mahesh,336038,2.0
Vijaykumar Vyshak,1359506,0.0
Vijaykumar Vyshak,1359510,6.5
Virat Singh,1254066,11.0
Virat Singh,1254077,7.5
Vishnu Vinod,1082595,9.0
Vishnu Vinod,1082598,8.0
Vishnu Vinod,1082646,6.333333333333333
Vishnu Vinod,1359531,13.333333333333334
Vishnu Vinod,1359537,11.666666666666666
Vishnu Vinod,1370352,12.333333333333334
Vivrant Sharma,1359543,69.0
W Jaffer,335982,6.0
W Jaffer,335996,28.0
W Jaffer,335998,22.0
W Jaffer,336002,21.666666666666668
W Jaffer,336006,5.0
W Jaffer,336034,16.333333333333332
W Jaffer,392208,17.0
W Jaffer,392213,19.666666666666668
WA Mota,335987,1.0
WA Mota,336039,13.0
WA Mota,392195,9.0
WA Mota,392200,10.333333333333334
WA Mota,392216,3.0
WA Mota,392222,4.0
WA Mota,392229,6.333333333333333
WA Mota,392234,7.0
WD Parnell,501207,1.0
WD Parnell,501213,5.5
WD Parnell,501218,6.666666666666667
WD Parnell,501259,11.666666666666666
WD Parnell,501262,8.666666666666666
WD Parnell,548308,9.333333333333334
WD Parnell,548351,4.666666666666667
WD Parnell,548353,4.666666666666667
WD Parnell,548358,1.6666666666666667
WD Parnell,548375,2.0
WD Parnell,598053,3.3333333333333335
WD Parnell,734019,3.3333333333333335
WD Parnell,1359498,3.0
WP Saha,335986,10.0
WP Saha,335993,18.5
WP Saha,336000,12.666666666666666
WP Saha,336003,29.0
WP Saha,336010,25.666666666666668
WP Saha,336017,27.0
WP Saha,336021,7.666666666666667
WP Saha,336025,7.0
WP Saha,336027,9.0
WP Saha,336035,13.0
WP Saha,392199,15.0
WP Saha,392203,14.0
WP Saha,392211,10.0
WP Saha,392219,3.0
WP Saha,392221,3.6666666666666665
WP Saha,392228,5.666666666666667
WP Saha,392231,14.0
WP Saha,419113,18.0
WP Saha,419118,16.0
WP Saha,419131,14.333333333333334
WP Saha,419135,10.333333333333334
WP Saha,419148,14.333333333333334
WP Saha,419153,8.0
WP Saha,501261,20.0
WP Saha,501266,23.0
WP Saha,548343,24.666666666666668
WP Saha,598034,22.333333333333332
WP Saha,598038,19.333333333333332
WP Saha,598041,23.333333333333332
WP Saha,729291,11.0
WP Saha,729307,11.333333333333334
WP Saha,729313,6.0
WP Saha,733973,25.0
WP Saha,733991,26.0
WP Saha,733997,30.333333333333332
WP Saha,734007,28.666666666666668
WP Saha,734019,27.333333333333332
WP Saha,734025,23.333333333333332
WP Saha,734033,14.333333333333334
WP Saha,734043,21.666666666666668
WP Saha,734047,22.666666666666668
WP Saha,734049,52.0
WP Saha,829709,42.666666666666664
WP Saha,829725,53.666666666666664
WP Saha,829733,20.333333333333332
WP Saha,829741,24.333333333333332
WP Saha,829753,16.333333333333332
WP Saha,829759,25.333333333333332
WP Saha,829767,20.0
WP Saha,829775,19.0
WP Saha,829785,9.333333333333334
WP Saha,829791,19.333333333333332
WP Saha,829799,17.0
WP Saha,829803,23.0
WP Saha,829809,17.0
WP Saha,980905,22.0
WP Saha,980913,12.666666666666666
WP Saha,980919,9.0
WP Saha,980925,5.0
WP Saha,980955,15.0
WP Saha,980963,21.666666666666668
WP Saha,980971,36.333333333333336
WP Saha,980977,30.666666666666668
WP Saha,980985,41.333333333333336
WP Saha,980991,33.0
WP Saha,980999,35.666666666666664
WP Saha,981005,18.0
WP Saha,1082594,13.666666666666666
WP Saha,1082601,14.0
WP Saha,1082605,15.333333333333334
WP Saha,1082609,10.666666666666666
WP Saha,1082612,6.0
WP Saha,1082616,7.0
WP Saha,1082623,7.666666666666667
WP Saha,1082633,11.0
WP Saha,1082639,20.333333333333332
WP Saha,1082641,50.666666666666664
WP Saha,1082645,48.0
WP Saha,1136564,37.0
WP Saha,1136567,13.333333333333334
WP Saha,1136570,17.0
WP Saha,1136576,17.333333333333332
WP Saha,1136580,11.666666666666666
WP Saha,1136583,3.6666666666666665
WP Saha,1136585,3.6666666666666665
WP Saha,1136588,5.666666666666667
WP Saha,1136599,8.333333333333334
WP Saha,1136619,18.0
WP Saha,1178420,16.0
WP Saha,1178423,22.666666666666668
WP Saha,1178426,19.333333333333332
WP Saha,1178429,24.333333333333332
WP Saha,1181766,17.666666666666668
WP Saha,1216495,28.666666666666668
WP Saha,1216502,35.0
WP Saha,1216524,61.333333333333336
WP Saha,1216545,52.0
WP Saha,1254060,41.333333333333336
WP Saha,1254063,12.666666666666666
WP Saha,1254088,3.3333333333333335
WP Saha,1254091,15.666666666666666
WP Saha,1254095,18.666666666666668
WP Saha,1254100,24.0
WP Saha,1254105,15.333333333333334
WP Saha,1254107,22.333333333333332
WP Saha,1254109,16.333333333333332
WP Saha,1304075,14.0
WP Saha,1304081,12.0
WP Saha,1304086,34.666666666666664
WP Saha,1304089,40.666666666666664
WP Saha,1304094,39.333333333333336
WP Saha,1304097,35.0
WP Saha,1304103,27.0
WP Saha,1304108,42.333333333333336
WP Saha,1304113,34.333333333333336
WP Saha,1312197,32.666666666666664
WP Saha,1312200,12.0
WP Saha,1359475,10.0
WP Saha,1359481,14.666666666666666
WP Saha,1359487,18.666666666666668
WP Saha,1359492,20.333333333333332
WP Saha,1359497,17.0
WP Saha,1359504,27.0
WP Saha,1359509,18.333333333333332
WP Saha,1359513,20.333333333333332
WP Saha,1359518,4.666666666666667
WP Saha,1359522,17.0
WP Saha,1359525,40.666666666666664
WP Saha,1359531,41.333333333333336
WP Saha,1359536,27.666666666666668
WP Saha,1359544,4.666666666666667
WP Saha,1370350,8.0
WP Saha,1370352,14.0
WP Saha,1370353,28.0
WPUJC Vaas,335986,0.0
WPUJC Vaas,335988,6.0
WPUJC Vaas,336002,4.0
WPUJC Vaas,336014,7.0
WPUJC Vaas,392220,9.666666666666666
WPUJC Vaas,392223,13.0
WPUJC Vaas,419106,10.0
WPUJC Vaas,419117,8.666666666666666
WPUJC Vaas,419120,6.333333333333333
WPUJC Vaas,419126,9.0
WPUJC Vaas,419160,4.666666666666667
Washington Sundar,1082618,2.0
Washington Sundar,1082631,1.5
Washington Sundar,1082634,1.3333333333333333
Washington Sundar,1082642,2.3333333333333335
Washington Sundar,1082650,2.0
Washington Sundar,1136568,4.666666666666667
Washington Sundar,1136571,14.666666666666666
Washington Sundar,1136574,17.0
Washington Sundar,1136584,18.333333333333332
Washington Sundar,1136591,7.0
Washington Sundar,1178421,5.0
Washington Sundar,1178429,0.6666666666666666
Washington Sundar,1216499,3.6666666666666665
Washington Sundar,1216502,10.333333333333334
Washington Sundar,1216505,10.333333333333334
Washington Sundar,1216510,17.0
Washington Sundar,1216519,15.666666666666666
Washington Sundar,1216525,19.0
Washington Sundar,1216531,13.333333333333334
Washington Sundar,1216544,9.333333333333334
Washington Sundar,1237178,7.666666666666667
Washington Sundar,1254058,6.666666666666667
Washington Sundar,1254063,7.666666666666667
Washington Sundar,1254076,8.333333333333334
Washington Sundar,1254079,7.0
Washington Sundar,1304051,17.666666666666668
Washington Sundar,1304058,21.333333333333332
Washington Sundar,1304086,20.333333333333332
Washington Sundar,1304092,7.666666666666667
Washington Sundar,1304107,3.0
Washington Sundar,1304111,5.0
Washington Sundar,1304116,12.666666666666666
Washington Sundar,1359478,11.666666666666666
Washington Sundar,1359484,14.0
Washington Sundar,1359499,9.0
Washington Sundar,1359503,11.666666666666666
Washington Sundar,1359508,14.333333333333334
X Thalaivan Sargunam,598030,10.0
Y Gnaneswara Rao,501261,19.0
Y Nagar,392232,20.0
Y Nagar,419120,10.5
Y Nagar,501216,14.666666666666666
Y Nagar,501223,11.666666666666666
Y Nagar,501227,11.333333333333334
Y Nagar,501230,10.0
Y Nagar,501233,13.666666666666666
Y Nagar,501238,19.666666666666668
Y Nagar,501243,15.666666666666666
Y Nagar,501246,8.333333333333334
Y Nagar,501253,2.6666666666666665
Y Nagar,501257,3.6666666666666665
Y Nagar,548310,9.0
Y Nagar,548321,16.333333333333332
Y Nagar,548333,21.0
Y Nagar,548342,15.666666666666666
Y Nagar,548345,17.0
Y Nagar,548349,12.0
Y Nagar,548357,15.333333333333334
Y Nagar,548364,21.0
Y Prithvi Raj,1178413,0.0
Y Venugopal Rao,335986,14.0
Y Venugopal Rao,335988,14.0
Y Venugopal Rao,335999,9.666666666666666
Y Venugopal Rao,336002,13.666666666666666
Y Venugopal Rao,336011,16.666666666666668
Y Venugopal Rao,336014,40.0
Y Venugopal Rao,336020,42.666666666666664
Y Venugopal Rao,336024,54.0
Y Venugopal Rao,336031,31.0
Y Venugopal Rao,336037,35.0
Y Venugopal Rao,392188,19.0
Y Venugopal Rao,392192,21.333333333333332
Y Venugopal Rao,392201,11.333333333333334
Y Venugopal Rao,392209,9.0
Y Venugopal Rao,392212,15.333333333333334
Y Venugopal Rao,392216,20.666666666666668
Y Venugopal Rao,392220,24.0
Y Venugopal Rao,392223,15.0
Y Venugopal Rao,392228,6.666666666666667
Y Venugopal Rao,392229,2.6666666666666665
Y Venugopal Rao,392236,5.0
Y Venugopal Rao,392239,2.6666666666666665
Y Venugopal Rao,419120,3.0
Y Venugopal Rao,419126,1.0
Y Venugopal Rao,419130,3.3333333333333335
Y Venugopal Rao,419164,11.0
Y Venugopal Rao,501201,19.0
Y Venugopal Rao,501204,36.666666666666664
Y Venugopal Rao,501213,39.0
Y Venugopal Rao,501216,37.333333333333336
Y Venugopal Rao,501223,26.666666666666668
Y Venugopal Rao,501227,24.333333333333332
Y Venugopal Rao,501230,23.666666666666668
Y Venugopal Rao,501233,14.666666666666666
Y Venugopal Rao,501238,20.0
Y Venugopal Rao,501243,14.666666666666666
Y Venugopal Rao,501246,26.666666666666668
Y Venugopal Rao,501253,23.333333333333332
Y Venugopal Rao,501257,27.666666666666668
Y Venugopal Rao,501265,15.333333333333334
Y Venugopal Rao,548310,11.333333333333334
Y Venugopal Rao,548364,15.0
Y Venugopal Rao,548369,17.333333333333332
Y Venugopal Rao,548372,23.333333333333332
Y Venugopal Rao,548374,21.333333333333332
Y Venugopal Rao,548378,23.333333333333332
Y Venugopal Rao,548380,14.666666666666666
Y Venugopal Rao,729285,13.0
Y Venugopal Rao,729295,12.333333333333334
Y Venugopal Rao,729311,13.333333333333334
Y Venugopal Rao,734029,9.333333333333334
Y Venugopal Rao,734037,14.666666666666666
YA Abdulla,419108,0.0
YBK Jaiswal,1216496,6.0
YBK Jaiswal,1216500,20.0
YBK Jaiswal,1216511,13.333333333333334
YBK Jaiswal,1254075,18.666666666666668
YBK Jaiswal,1254081,18.0
YBK Jaiswal,1254085,22.0
YBK Jaiswal,1254089,31.333333333333332
YBK Jaiswal,1254093,24.666666666666668
YBK Jaiswal,1254097,22.333333333333332
YBK Jaiswal,1254100,17.666666666666668
YBK Jaiswal,1254103,24.0
YBK Jaiswal,1254106,22.333333333333332
YBK Jaiswal,1254111,26.666666666666668
YBK Jaiswal,1304051,23.0
YBK Jaiswal,1304055,23.333333333333332
YBK Jaiswal,1304059,8.333333333333334
YBK Jaiswal,1304098,24.333333333333332
YBK Jaiswal,1304104,30.333333333333332
YBK Jaiswal,1304109,42.666666666666664
YBK Jaiswal,1304114,39.666666666666664
YBK Jaiswal,1312197,34.333333333333336
YBK Jaiswal,1312199,27.666666666666668
YBK Jaiswal,1312200,15.333333333333334
YBK Jaiswal,1359478,32.333333333333336
YBK Jaiswal,1359482,29.0
YBK Jaiswal,1359485,41.666666666666664
YBK Jaiswal,1359491,27.0
YBK Jaiswal,1359497,23.666666666666668
YBK Jaiswal,1359500,18.333333333333332
YBK Jaiswal,1359506,30.666666666666668
YBK Jaiswal,1359511,56.0
YBK Jaiswal,1359516,82.66666666666667
YBK Jaiswal,1359522,71.66666666666667
YBK Jaiswal,1359526,57.666666666666664
YBK Jaiswal,1359530,49.0
YBK Jaiswal,1359534,44.333333333333336
YBK Jaiswal,1359540,49.333333333333336
YK Pathan,335984,10.0
YK Pathan,335987,8.5
YK Pathan,335990,26.0
YK Pathan,335992,29.666666666666668
YK Pathan,336000,45.666666666666664
YK Pathan,336005,28.0
YK Pathan,336008,21.333333333333332
YK Pathan,336011,25.666666666666668
YK Pathan,336015,25.666666666666668
YK Pathan,336019,38.333333333333336
YK Pathan,336027,31.666666666666668
YK Pathan,336033,31.0
YK Pathan,336036,18.666666666666668
YK Pathan,336038,17.666666666666668
YK Pathan,336040,34.333333333333336
YK Pathan,392182,37.333333333333336
YK Pathan,392190,42.333333333333336
YK Pathan,392195,27.0
YK Pathan,392198,44.0
YK Pathan,392202,30.666666666666668
YK Pathan,392205,35.333333333333336
YK Pathan,392210,18.666666666666668
YK Pathan,392213,19.333333333333332
YK Pathan,392217,13.666666666666666
YK Pathan,392220,11.666666666666666
YK Pathan,392225,10.0
YK Pathan,392230,8.0
YK Pathan,392233,9.0
YK Pathan,419107,36.666666666666664
YK Pathan,419111,36.333333333333336
YK Pathan,419115,42.0
YK Pathan,419118,13.666666666666666
YK Pathan,419124,23.0
YK Pathan,419126,38.666666666666664
YK Pathan,419129,36.333333333333336
YK Pathan,419134,35.0
YK Pathan,419137,12.0
YK Pathan,419141,11.0
YK Pathan,419143,10.0
YK Pathan,419150,12.0
YK Pathan,419154,14.0
YK Pathan,419158,9.666666666666666
YK Pathan,501198,10.0
YK Pathan,501203,13.666666666666666
YK Pathan,501219,13.666666666666666
YK Pathan,501222,25.333333333333332
YK Pathan,501230,19.666666666666668
YK Pathan,501239,32.666666666666664
YK Pathan,501242,23.0
YK Pathan,501255,33.333333333333336
YK Pathan,501262,27.333333333333332
YK Pathan,501267,33.666666666666664
YK Pathan,501269,30.333333333333332
YK Pathan,548307,20.666666666666668
YK Pathan,548312,13.666666666666666
YK Pathan,548315,5.333333333333333
YK Pathan,548320,7.666666666666667
YK Pathan,548323,2.6666666666666665
YK Pathan,548335,4.333333333333333
YK Pathan,548344,4.333333333333333
YK Pathan,548347,8.333333333333334
YK Pathan,548353,10.0
YK Pathan,548357,10.0
YK Pathan,548363,19.333333333333332
YK Pathan,548368,19.333333333333332
YK Pathan,548370,24.0
YK Pathan,548375,15.666666666666666
YK Pathan,548378,25.333333333333332
YK Pathan,548381,18.666666666666668
YK Pathan,597998,19.666666666666668
YK Pathan,598005,6.333333333333333
YK Pathan,598008,15.0
YK Pathan,598013,10.0
YK Pathan,598016,14.333333333333334
YK Pathan,598022,13.666666666666666
YK Pathan,598029,19.0
YK Pathan,598031,14.666666666666666
YK Pathan,598034,7.333333333333333
YK Pathan,598040,7.666666666666667
YK Pathan,598043,24.0
YK Pathan,598050,27.333333333333332
YK Pathan,598053,21.666666666666668
YK Pathan,598057,11.333333333333334
YK Pathan,598061,31.0
YK Pathan,598069,46.333333333333336
YK Pathan,729279,41.666666666666664
YK Pathan,729289,21.333333333333332
YK Pathan,729299,5.0
YK Pathan,729307,4.666666666666667
YK Pathan,733971,14.666666666666666
YK Pathan,733979,14.666666666666666
YK Pathan,734009,20.333333333333332
YK Pathan,734015,19.666666666666668
YK Pathan,734027,27.0
YK Pathan,734037,44.333333333333336
YK Pathan,734043,38.0
YK Pathan,734049,42.666666666666664
YK Pathan,829705,23.333333333333332
YK Pathan,829713,17.666666666666668
YK Pathan,829733,15.0
YK Pathan,829739,23.666666666666668
YK Pathan,829743,24.666666666666668
YK Pathan,829761,29.333333333333332
YK Pathan,829765,20.333333333333332
YK Pathan,829771,22.0
YK Pathan,829781,18.0
YK Pathan,829791,23.333333333333332
YK Pathan,829805,37.0
YK Pathan,829811,41.666666666666664
YK Pathan,980909,35.0
YK Pathan,980925,21.666666666666668
YK Pathan,980939,19.0
YK Pathan,980947,22.333333333333332
YK Pathan,980951,21.666666666666668
YK Pathan,980959,29.666666666666668
YK Pathan,980963,29.666666666666668
YK Pathan,980975,47.333333333333336
YK Pathan,980989,39.666666666666664
YK Pathan,980995,35.333333333333336
YK Pathan,981001,26.333333333333332
YK Pathan,981009,31.333333333333332
YK Pathan,981015,30.0
YK Pathan,1082597,20.0
YK Pathan,1082604,9.666666666666666
YK Pathan,1082608,28.666666666666668
YK Pathan,1082613,30.333333333333332
YK Pathan,1082617,26.0
YK Pathan,1082627,10.333333333333334
YK Pathan,1082631,8.0
YK Pathan,1082636,5.333333333333333
YK Pathan,1082639,2.0
YK Pathan,1082644,7.333333333333333
YK Pathan,1082648,7.333333333333333
YK Pathan,1136567,11.333333333333334
YK Pathan,1136570,10.333333333333334
YK Pathan,1136576,16.666666666666668
YK Pathan,1136580,27.0
YK Pathan,1136583,31.0
YK Pathan,1136585,31.666666666666668
YK Pathan,1136588,17.333333333333332
YK Pathan,1136596,16.666666666666668
YK Pathan,1136599,13.666666666666666
YK Pathan,1136614,13.666666666666666
YK Pathan,1136617,12.666666666666666
YK Pathan,1136619,9.666666666666666
YK Pathan,1136620,24.0
YK Pathan,1175357,16.333333333333332
YK Pathan,1175363,20.666666666666668
YK Pathan,1175366,7.666666666666667
YK Pathan,1175371,10.333333333333334
YK Pathan,1178394,5.0
YK Pathan,1178416,4.666666666666667
YK Pathan,1178429,2.6666666666666665
YS Chahal,733991,1.0
YS Chahal,829719,1.0
YS Chahal,1082591,1.6666666666666667
YS Chahal,1082607,1.6666666666666667
YS Chahal,1082617,1.3333333333333333
YS Chahal,1082621,0.6666666666666666
YS Chahal,1082624,1.6666666666666667
YS Chahal,1082633,3.0
YS Chahal,1136613,2.6666666666666665
YS Chahal,1175356,2.6666666666666665
YS Chahal,1175366,1.6666666666666667
YS Chahal,1178395,2.0
YS Chahal,1216510,1.0
YS Chahal,1216519,0.6666666666666666
YS Chahal,1254076,3.0
YS Chahal,1254087,3.3333333333333335
YS Chahal,1304070,5.0
YV Dhull,1359490,2.0
YV Dhull,1359494,1.5
YV Dhull,1359541,5.333333333333333
YV Takawale,336004,14.0
YV Takawale,336008,20.5
YV Takawale,336024,15.333333333333334
YV Takawale,336036,18.666666666666668
YV Takawale,392225,15.666666666666666
YV Takawale,729299,27.333333333333332
YV Takawale,729305,19.333333333333332
YV Takawale,729313,13.333333333333334
YV Takawale,734027,15.0
YV Takawale,734035,21.333333333333332
Yash Dayal,1304081,0.0
Yashpal Singh,392190,20.0
Yashpal Singh,392197,14.0
Yashpal Singh,392219,13.666666666666666
Yashpal Singh,392233,9.0
Younis Khan,336019,3.0
Yudhvir Singh,1359495,0.0
Yudhvir Singh,1359500,0.5
Yuvraj Singh,335983,23.0
Yuvraj Singh,335987,40.0
Yuvraj Singh,335991,32.666666666666664
Yuvraj Singh,335995,38.333333333333336
Yuvraj Singh,335999,24.0
Yuvraj Singh,336003,23.666666666666668
Yuvraj Singh,336006,10.666666666666666
Yuvraj Singh,336013,6.666666666666667
Yuvraj Singh,336019,17.333333333333332
Yuvraj Singh,336022,24.666666666666668
Yuvraj Singh,336028,26.333333333333332
Yuvraj Singh,336031,15.666666666666666
Yuvraj Singh,336035,17.0
Yuvraj Singh,336039,16.0
Yuvraj Singh,392183,15.666666666666666
Yuvraj Singh,392186,19.333333333333332
Yuvraj Singh,392191,28.0
Yuvraj Singh,392195,23.333333333333332
Yuvraj Singh,392200,14.0
Yuvraj Singh,392204,20.666666666666668
Yuvraj Singh,392207,24.666666666666668
Yuvraj Singh,392210,37.333333333333336
Yuvraj Singh,392214,40.0
Yuvraj Singh,392216,41.333333333333336
Yuvraj Singh,392222,29.333333333333332
Yuvraj Singh,392226,16.0
Yuvraj Singh,392229,16.666666666666668
Yuvraj Singh,392234,14.666666666666666
Yuvraj Singh,419108,10.0
Yuvraj Singh,419112,6.333333333333333
Yuvraj Singh,419117,5.666666666666667
Yuvraj Singh,419121,20.0
Yuvraj Singh,419124,22.0
Yuvraj Singh,419127,28.666666666666668
Yuvraj Singh,419132,13.666666666666666
Yuvraj Singh,419136,20.666666666666668
Yuvraj Singh,419139,23.666666666666668
Yuvraj Singh,419143,32.333333333333336
Yuvraj Singh,419146,25.333333333333332
Yuvraj Singh,419149,21.333333333333332
Yuvraj Singh,419156,18.666666666666668
Yuvraj Singh,419159,14.0
Yuvraj Singh,501202,14.0
Yuvraj Singh,501207,10.0
Yuvraj Singh,501213,31.666666666666668
Yuvraj Singh,501218,24.666666666666668
Yuvraj Singh,501226,33.333333333333336
Yuvraj Singh,501228,32.0
Yuvraj Singh,501232,45.666666666666664
Yuvraj Singh,501235,36.666666666666664
Yuvraj Singh,501241,22.666666666666668
Yuvraj Singh,501248,20.666666666666668
Yuvraj Singh,501250,19.0
Yuvraj Singh,501259,20.0
Yuvraj Singh,501262,16.333333333333332
Yuvraj Singh,598000,16.333333333333332
Yuvraj Singh,598009,18.0
Yuvraj Singh,598011,18.0
Yuvraj Singh,598025,28.666666666666668
Yuvraj Singh,598027,24.666666666666668
Yuvraj Singh,598035,27.0
Yuvraj Singh,598038,17.333333333333332
Yuvraj Singh,598042,17.333333333333332
Yuvraj Singh,598047,12.0
Yuvraj Singh,598053,10.666666666666666
Yuvraj Singh,598055,16.333333333333332
Yuvraj Singh,598061,21.333333333333332
Yuvraj Singh,598067,22.0
Yuvraj Singh,729281,28.333333333333332
Yuvraj Singh,729287,18.333333333333332
Yuvraj Singh,729299,27.666666666666668
Yuvraj Singh,729305,11.333333333333334
Yuvraj Singh,729313,23.0
Yuvraj Singh,733977,17.333333333333332
Yuvraj Singh,733983,18.333333333333332
Yuvraj Singh,733991,7.666666666666667
Yuvraj Singh,733999,30.666666666666668
Yuvraj Singh,734005,51.333333333333336
Yuvraj Singh,734013,54.666666666666664
Yuvraj Singh,734021,34.0
Yuvraj Singh,734027,18.666666666666668
Yuvraj Singh,734035,22.666666666666668
Yuvraj Singh,829707,18.666666666666668
Yuvraj Singh,829715,20.333333333333332
Yuvraj Singh,829725,30.0
Yuvraj Singh,829731,30.0
Yuvraj Singh,829739,28.0
Yuvraj Singh,829747,10.666666666666666
Yuvraj Singh,829757,8.333333333333334
Yuvraj Singh,829761,1.3333333333333333
Yuvraj Singh,829777,8.0
Yuvraj Singh,829783,26.333333333333332
Yuvraj Singh,829793,27.0
Yuvraj Singh,829801,30.333333333333332
Yuvraj Singh,829813,15.0
Yuvraj Singh,980967,16.0
Yuvraj Singh,980973,18.333333333333332
Yuvraj Singh,980979,22.333333333333332
Yuvraj Singh,980983,23.333333333333332
Yuvraj Singh,980991,24.333333333333332
Yuvraj Singh,981003,20.0
Yuvraj Singh,981009,23.666666666666668
Yuvraj Singh,981015,24.333333333333332
Yuvraj Singh,981017,23.666666666666668
Yuvraj Singh,981019,30.0
Yuvraj Singh,1082591,36.0
Yuvraj Singh,1082600,35.0
Yuvraj Singh,1082604,31.0
Yuvraj Singh,1082609,10.333333333333334
Yuvraj Singh,1082611,9.666666666666666
Yuvraj Singh,1082623,6.0
Yuvraj Singh,1082627,8.0
Yuvraj Singh,1082630,30.333333333333332
Yuvraj Singh,1082634,41.0
Yuvraj Singh,1082638,42.0
Yuvraj Singh,1082648,21.666666666666668
Yuvraj Singh,1136562,10.0
Yuvraj Singh,1136568,8.333333333333334
Yuvraj Singh,1136572,12.0
Yuvraj Singh,1136582,12.666666666666666
Yuvraj Singh,1136594,16.0
Yuvraj Singh,1136610,9.666666666666666
Yuvraj Singh,1175358,22.666666666666668
Yuvraj Singh,1175362,25.666666666666668
Yuvraj Singh,1175364,31.333333333333332
Yuvraj Singh,1175370,15.0
Z Khan,335982,3.0
Z Khan,335992,10.0
Z Khan,335996,9.333333333333334
Z Khan,336006,8.333333333333334
Z Khan,336016,3.0
Z Khan,336023,0.6666666666666666
Z Khan,336026,2.0
Z Khan,392181,2.3333333333333335
Z Khan,392192,3.3333333333333335
Z Khan,392203,2.6666666666666665
Z Khan,419119,9.666666666666666
Z Khan,419146,8.333333333333334
Z Khan,419165,8.0
Z Khan,501208,0.3333333333333333
Z Khan,501271,7.333333333333333
Z Khan,548315,10.666666666666666
Z Khan,548324,10.666666666666666
Z Khan,548367,4.0
Z Khan,548376,0.3333333333333333
Z Khan,729287,0.3333333333333333
Z Khan,729303,2.3333333333333335
Z Khan,729317,2.6666666666666665
Z Khan,980903,4.0
Z Khan,980993,2.3333333333333335
Z Khan,1082595,2.3333333333333335
Z Khan,1082635,1.6666666666666667
Z Khan,1082646,1.3333333333333333
